axis,axis_level,replicate,run_dir,npor_min_as_run,npor_min_correct,abs_error,n_samples,grossly_contaminated,ran_with_nscore_fix,por_min,npor_max_as_run,npor_max_correct,truth_seed,sample_seed,hmaj1,nug,n_samples_requested,run_timestamp,source_runs_json
base_case,base_case,,results/raw/kriging/20260914T184654Z,-2.382866218666196,-2.641070048882167,0.2582038302159706,121,False,False,8.351311774820648,2.641070048881968,2.641070048881968,101,20,,,125,2026-09-14T18:46:57.856238+00:00,results/processed/base_case/source_runs.json
nugget_axis,0.0,,results/raw/kriging/20260922T162946866081Z,-2.641070048882167,-2.641070048882167,0.0,121,False,True,8.540334675390856,2.641070048881968,2.641070048881968,101,20,300.0,0.0,125,2026-09-22T16:29:50.496495+00:00,results/processed/nugget_axis/source_runs.json
nugget_axis,0.1,,results/raw/kriging/20260922T162946798837Z-1,-2.641070048882167,-2.641070048882167,0.0,121,False,True,8.20211178513114,2.641070048881968,2.641070048881968,101,20,300.0,0.1,125,2026-09-22T16:29:50.471684+00:00,results/processed/nugget_axis/source_runs.json
nugget_axis,0.2,,results/raw/kriging/20260922T162946814852Z,-2.641070048882167,-2.641070048882167,0.0,121,False,True,7.997776646949949,2.641070048881968,2.641070048881968,101,20,300.0,0.2,125,2026-09-22T16:29:50.477619+00:00,results/processed/nugget_axis/source_runs.json
nugget_axis,0.3,,results/raw/kriging/20260922T162946878810Z,-2.641070048882167,-2.641070048882167,0.0,121,False,True,7.894857887043681,2.641070048881968,2.641070048881968,101,20,300.0,0.3,125,2026-09-22T16:29:50.481628+00:00,results/processed/nugget_axis/source_runs.json
nugget_axis,0.4,,results/raw/kriging/20260922T162946798837Z,-2.641070048882167,-2.641070048882167,0.0,121,False,True,7.885484204157377,2.641070048881968,2.641070048881968,101,20,300.0,0.4,125,2026-09-22T16:29:50.481628+00:00,results/processed/nugget_axis/source_runs.json
nugget_axis,0.5,,results/raw/kriging/20260922T162947134183Z,-2.641070048882167,-2.641070048882167,0.0,121,False,True,7.985324707920453,2.641070048881968,2.641070048881968,101,20,300.0,0.5,125,2026-09-22T16:29:50.756621+00:00,results/processed/nugget_axis/source_runs.json
nugget_axis_superseded,0.0,,results/raw/kriging/20260922T155119817557Z,-2.248240347004143,-2.641070048882167,0.3928297018780236,121,False,False,8.540334675390856,2.641070048881968,2.641070048881968,101,20,300.0,0.0,125,2026-09-22T15:51:23.645389+00:00,results/processed/nugget_axis/source_runs_superseded_20260922_nscore_bug.json
nugget_axis_superseded,0.1,,results/raw/kriging/20260922T155120376628Z,-2.561088985354163,-2.641070048882167,0.07998106352800383,121,False,False,8.20211178513114,2.641070048881968,2.641070048881968,101,20,300.0,0.1,125,2026-09-22T15:51:24.409701+00:00,results/processed/nugget_axis/source_runs_superseded_20260922_nscore_bug.json
nugget_axis_superseded,0.2,,results/raw/kriging/20260922T155119542684Z,-7.299191331002626,-2.641070048882167,4.658121282120459,121,True,False,7.997776646949949,2.641070048881968,2.641070048881968,101,20,300.0,0.2,125,2026-09-22T15:51:23.564991+00:00,results/processed/nugget_axis/source_runs_superseded_20260922_nscore_bug.json
nugget_axis_superseded,0.3,,results/raw/kriging/20260922T155131942671Z,-52.14538652095075,-2.641070048882167,49.50431647206858,121,True,False,7.894857887043681,2.641070048881968,2.641070048881968,101,20,300.0,0.3,125,2026-09-22T15:51:35.896819+00:00,results/processed/nugget_axis/source_runs_superseded_20260922_nscore_bug.json
nugget_axis_superseded,0.4,,results/raw/kriging/20260922T155135376134Z,-2.584404508682139,-2.641070048882167,0.05666554020002801,121,False,False,7.885484204157377,2.641070048881968,2.641070048881968,101,20,300.0,0.4,125,2026-09-22T15:51:39.108544+00:00,results/processed/nugget_axis/source_runs_superseded_20260922_nscore_bug.json
nugget_axis_superseded,0.5,,results/raw/kriging/20260922T155139770350Z,-2.355342035155912,-2.641070048882167,0.285728013726255,121,False,False,7.985324707920453,2.641070048881968,2.641070048881968,101,20,300.0,0.5,125,2026-09-22T15:51:43.264715+00:00,results/processed/nugget_axis/source_runs_superseded_20260922_nscore_bug.json
range_axis,100,,results/raw/kriging/20260914T203308Z,-3.902706485394748,-2.641070048882167,1.2616364365125814,121,True,False,6.039768099889638,2.641070048881968,2.641070048881968,101,20,100.0,,125,2026-09-14T20:33:11.752378+00:00,results/processed/range_axis/source_runs.json
range_axis,200,,results/raw/kriging/20260914T203427Z,-2.2500318657199605,-2.641070048882167,0.3910381831622063,121,False,False,7.747089682157696,2.641070048881968,2.641070048881968,101,20,200.0,,125,2026-09-14T20:34:31.172655+00:00,results/processed/range_axis/source_runs.json
range_axis,300,,results/raw/kriging/20260914T184654Z,-2.382866218666196,-2.641070048882167,0.2582038302159706,121,False,False,8.351311774820648,2.641070048881968,2.641070048881968,101,20,,,125,2026-09-14T18:46:57.856238+00:00,results/processed/range_axis/source_runs.json
range_axis,400,,results/raw/kriging/20260914T203617Z,-2.308122352646192,-2.641070048882167,0.332947696235975,121,False,False,8.670607219620182,2.641070048881968,2.641070048881968,101,20,400.0,,125,2026-09-14T20:36:20.816284+00:00,results/processed/range_axis/source_runs.json
range_axis,500,,results/raw/kriging/20260914T203822Z,-2.3862867758077844,-2.641070048882167,0.2547832730743824,121,False,False,8.643471582386596,2.641070048881968,2.641070048881968,101,20,500.0,,125,2026-09-14T20:38:25.669756+00:00,results/processed/range_axis/source_runs.json
range_axis,600,,results/raw/kriging/20260914T204028Z,-2.5773259096729157,-2.641070048882167,0.06374413920925104,121,False,False,8.353683357111453,2.641070048881968,2.641070048881968,101,20,600.0,,125,2026-09-14T20:40:31.508407+00:00,results/processed/range_axis/source_runs.json
range_axis,700,,results/raw/kriging/20260914T204244Z,-2.8139774515300617,-2.641070048882167,0.17290740264789495,121,False,False,8.058324353285157,2.641070048881968,2.641070048881968,101,20,700.0,,125,2026-09-14T20:42:47.902485+00:00,results/processed/range_axis/source_runs.json
range_axis,800,,results/raw/kriging/20260914T193821Z,-3.307508083596965,-2.641070048882167,0.666438034714798,121,True,False,7.817905839817142,2.641070048881968,2.641070048881968,101,20,800.0,,125,2026-09-14T19:38:25.043631+00:00,results/processed/range_axis/source_runs.json
sample_density_axis,1,,results/raw/kriging/20260915T170452Z,-2.7905248554862885,-2.053748922850744,0.7367759326355445,25,True,False,10.428112698602131,2.053748922850748,2.053748922850748,101,20,300.0,,25,2026-09-15T17:04:55.989560+00:00,results/processed/sample_density_axis/source_runs.json
sample_density_axis,10,,results/raw/kriging/20260921T190845977129Z,-2.603820728177334,-2.857234159007305,0.25341343082997136,234,False,False,8.857591877148213,2.85723415900696,2.85723415900696,101,20,300.0,,250,2026-09-21T19:08:49.497821+00:00,results/processed/sample_density_axis/source_runs.json
sample_density_axis,2,,results/raw/kriging/20260915T170318Z,-4.1412182113621725,-2.3263478772934407,1.8148703340687318,50,True,False,7.7156011286174655,2.326347877293457,2.326347877293457,101,20,300.0,,50,2026-09-15T17:03:21.997138+00:00,results/processed/sample_density_axis/source_runs.json
sample_density_axis,20,,results/raw/kriging/20260921T190846278321Z,-2.8900016705014826,-3.061454687409766,0.1714530169082833,454,False,False,6.8050428224152295,3.061454687411227,3.061454687411227,101,20,300.0,,500,2026-09-21T19:08:49.916880+00:00,results/processed/sample_density_axis/source_runs.json
sample_density_axis,5,,results/raw/kriging/20260914T184654Z,-2.382866218666196,-2.641070048882167,0.2582038302159706,121,False,False,8.351311774820648,2.641070048881968,2.641070048881968,101,20,,,125,2026-09-14T18:46:57.856238+00:00,results/processed/sample_density_axis/source_runs.json
sample_replicate_axis,1,rep0,results/raw/kriging/20260918T165340622856Z,-1.7342959027891467,-2.053748922850744,0.31945302006159726,25,False,False,10.471813043694873,2.053748922850748,2.053748922850748,101,1001,300.0,,25,2026-09-18T16:53:44.977063+00:00,results/processed/sample_replicate_axis/source_runs.json
sample_replicate_axis,1,rep1,results/raw/kriging/20260918T165348857641Z,-5.586847955886976,-2.053748922850744,3.5330990330362324,25,True,False,10.82465595376954,2.053748922850748,2.053748922850748,101,1002,300.0,,25,2026-09-18T16:53:53.012414+00:00,results/processed/sample_replicate_axis/source_runs.json
sample_replicate_axis,1,rep2,results/raw/kriging/20260918T165357872630Z,-2.091950361925277,-2.0368341443209514,0.05511621760432561,24,False,False,9.470826328346812,2.0368341443209443,2.0368341443209443,101,1003,300.0,,25,2026-09-18T16:54:02.043620+00:00,results/processed/sample_replicate_axis/source_runs.json
sample_replicate_axis,1,rep3,results/raw/kriging/20260918T165403722867Z,-3.6107947822805584,-2.053748922850744,1.5570458594298144,25,True,False,7.1631277913510045,2.053748922850748,2.053748922850748,101,1004,300.0,,25,2026-09-18T16:54:08.082648+00:00,results/processed/sample_replicate_axis/source_runs.json
sample_replicate_axis,1,rep4,results/raw/kriging/20260918T165413493402Z,-3.71536824387749,-2.053748922850744,1.661619321026746,25,True,False,8.967669218835113,2.053748922850748,2.053748922850748,101,1005,300.0,,25,2026-09-18T16:54:18.110437+00:00,results/processed/sample_replicate_axis/source_runs.json
sample_replicate_axis,1,rep5,results/raw/kriging/20260918T165422167304Z,-3.5360330251156427,-2.053748922850744,1.4822841022648987,25,True,False,9.708064024345582,2.053748922850748,2.053748922850748,101,1006,300.0,,25,2026-09-18T16:54:26.383022+00:00,results/processed/sample_replicate_axis/source_runs.json
sample_replicate_axis,1,rep6,results/raw/kriging/20260918T165433256923Z,-1.567745303973708,-2.053748922850744,0.486003618877036,25,False,False,10.659773622176164,2.053748922850748,2.053748922850748,101,1007,300.0,,25,2026-09-18T16:54:37.171200+00:00,results/processed/sample_replicate_axis/source_runs.json
sample_replicate_axis,1,rep7,results/raw/kriging/20260918T165439424420Z,-1.7588751930637336,-2.0368341443209514,0.2779589512572178,24,False,False,9.717592101297686,2.0368341443209443,2.0368341443209443,101,1008,300.0,,25,2026-09-18T16:54:43.756942+00:00,results/processed/sample_replicate_axis/source_runs.json
sample_replicate_axis,1,rep8,results/raw/kriging/20260918T165449857679Z,-1.6578445014166237,-2.053748922850744,0.3959044214341203,25,False,False,9.56219771144512,2.053748922850748,2.053748922850748,101,1009,300.0,,25,2026-09-18T16:54:54.317681+00:00,results/processed/sample_replicate_axis/source_runs.json
sample_replicate_axis,1,rep9,results/raw/kriging/20260918T165454471294Z,-6.162262891389017,-2.053748922850744,4.108513968538273,25,True,False,7.1631277913510045,2.053748922850748,2.053748922850748,101,1010,300.0,,25,2026-09-18T16:54:58.506436+00:00,results/processed/sample_replicate_axis/source_runs.json
sample_replicate_axis,10,rep0,results/raw/kriging/20260921T191245147710Z,-5.472400506540874,-2.870490059438818,2.6019104471020555,244,True,False,8.624512584134417,2.8704900594379312,2.8704900594379312,101,1001,300.0,,250,2026-09-21T19:12:50.094456+00:00,results/processed/sample_replicate_axis/source_runs.json
sample_replicate_axis,10,rep1,results/raw/kriging/20260921T191306402271Z,-3.557409380708381,-2.863937879264293,0.6934715014440882,239,True,False,8.251630630446567,2.863937879263624,2.863937879263624,101,1002,300.0,,250,2026-09-21T19:13:10.691904+00:00,results/processed/sample_replicate_axis/source_runs.json
sample_replicate_axis,10,rep2,results/raw/kriging/20260921T191317360560Z,-8.077936877033503,-2.8585873512405056,5.219349525792998,235,True,False,8.872604564414559,2.858587351240695,2.858587351240695,101,1003,300.0,,250,2026-09-21T19:13:21.677454+00:00,results/processed/sample_replicate_axis/source_runs.json
sample_replicate_axis,10,rep3,results/raw/kriging/20260921T191331685361Z,-3.7419392170717103,-2.847581121487771,0.8943580955839394,227,True,False,6.8050428224152295,2.8475811214881857,2.8475811214881857,101,1004,300.0,,250,2026-09-21T19:13:36.019728+00:00,results/processed/sample_replicate_axis/source_runs.json
sample_replicate_axis,10,rep4,results/raw/kriging/20260921T191339901331Z,-5.698004885501298,-2.859934263791335,2.838070621709963,236,True,False,8.624512584134417,2.859934263791004,2.859934263791004,101,1005,300.0,,250,2026-09-21T19:13:44.434692+00:00,results/processed/sample_replicate_axis/source_runs.json
sample_replicate_axis,10,rep5,results/raw/kriging/20260921T191358268737Z,-2.6153035549357524,-2.861274952617201,0.2459713976814486,237,False,False,8.06439439298991,2.861274952616337,2.861274952616337,101,1006,300.0,,250,2026-09-21T19:14:02.446267+00:00,results/processed/sample_replicate_axis/source_runs.json
sample_replicate_axis,10,rep6,results/raw/kriging/20260921T191412485471Z,-2.695592822942648,-2.859934263791335,0.16434144084868718,236,False,False,7.1631277913510045,2.859934263791004,2.859934263791004,101,1007,300.0,,250,2026-09-21T19:14:16.915246+00:00,results/processed/sample_replicate_axis/source_runs.json
sample_replicate_axis,10,rep7,results/raw/kriging/20260921T191421558144Z,-2.731917231388608,-2.862609472941093,0.13069224155248493,238,False,False,8.99818544587762,2.8626094729407594,2.8626094729407594,101,1008,300.0,,250,2026-09-21T19:14:26.063308+00:00,results/processed/sample_replicate_axis/source_runs.json
sample_replicate_axis,10,rep8,results/raw/kriging/20260921T191444440866Z,-2.6115757950761456,-2.866576564379479,0.2550007693033334,241,False,False,8.954588629390457,2.866576564379141,2.866576564379141,101,1009,300.0,,250,2026-09-21T19:14:48.851100+00:00,results/processed/sample_replicate_axis/source_runs.json
sample_replicate_axis,10,rep9,results/raw/kriging/20260921T191456402234Z,-3.0952285579563843,-2.859934263791335,0.23529429416504932,236,False,False,7.1631277913510045,2.859934263791004,2.859934263791004,101,1010,300.0,,250,2026-09-21T19:15:00.535459+00:00,results/processed/sample_replicate_axis/source_runs.json
sample_replicate_axis,2,rep0,results/raw/kriging/20260918T165228655488Z,-2.1789596770504045,-2.310991342088813,0.13203166503840835,48,False,False,9.533613210177222,2.310991342088834,2.310991342088834,101,1001,300.0,,50,2026-09-18T16:52:32.833786+00:00,results/processed/sample_replicate_axis/source_runs.json
sample_replicate_axis,2,rep1,results/raw/kriging/20260918T165229737923Z,-3.930083971724269,-2.3263478772934407,1.603736094430828,50,True,False,8.624512584134417,2.326347877293457,2.326347877293457,101,1002,300.0,,50,2026-09-18T16:52:33.986420+00:00,results/processed/sample_replicate_axis/source_runs.json
sample_replicate_axis,2,rep2,results/raw/kriging/20260918T165229489359Z,-2.3932419062933645,-2.318757974516869,0.07448393177649537,49,False,False,10.015861839398582,2.318757974516897,2.318757974516897,101,1003,300.0,,50,2026-09-18T16:52:33.799750+00:00,results/processed/sample_replicate_axis/source_runs.json
sample_replicate_axis,2,rep3,results/raw/kriging/20260918T165234533738Z,-2.4892129081662926,-2.3263478772934407,0.16286503087285187,50,False,False,7.1631277913510045,2.326347877293457,2.326347877293457,101,1004,300.0,,50,2026-09-18T16:52:38.772614+00:00,results/processed/sample_replicate_axis/source_runs.json
sample_replicate_axis,2,rep4,results/raw/kriging/20260918T165245099421Z,-1.9298189596705564,-2.30303994871957,0.3732209890490137,47,False,False,9.974428227762033,2.303039948719583,2.303039948719583,101,1005,300.0,,50,2026-09-18T16:52:49.091419+00:00,results/processed/sample_replicate_axis/source_runs.json
sample_replicate_axis,2,rep5,results/raw/kriging/20260918T165250672593Z,-2.0228351892999727,-2.3263478772934407,0.303512687993468,50,False,False,9.364105192730836,2.326347877293457,2.326347877293457,101,1006,300.0,,50,2026-09-18T16:52:54.781351+00:00,results/processed/sample_replicate_axis/source_runs.json
sample_replicate_axis,2,rep6,results/raw/kriging/20260918T165255389647Z,-3.205948435488052,-2.3263478772934407,0.8796005581946114,50,True,False,8.91894043432427,2.326347877293457,2.326347877293457,101,1007,300.0,,50,2026-09-18T16:52:59.516277+00:00,results/processed/sample_replicate_axis/source_runs.json
sample_replicate_axis,2,rep7,results/raw/kriging/20260918T165311122252Z,-4.348988035951369,-2.3263478772934407,2.0226401586579286,50,True,False,9.120684983946704,2.326347877293457,2.326347877293457,101,1008,300.0,,50,2026-09-18T16:53:15.439048+00:00,results/processed/sample_replicate_axis/source_runs.json
sample_replicate_axis,2,rep8,results/raw/kriging/20260918T165316422265Z,-1.881397288893377,-2.318757974516869,0.4373606856234922,49,False,False,9.56219771144512,2.318757974516897,2.318757974516897,101,1009,300.0,,50,2026-09-18T16:53:20.764261+00:00,results/processed/sample_replicate_axis/source_runs.json
sample_replicate_axis,2,rep9,results/raw/kriging/20260918T165336452794Z,-25.889468092369427,-2.318757974516869,23.570710117852556,49,True,False,6.8050428224152295,2.318757974516897,2.318757974516897,101,1010,300.0,,50,2026-09-18T16:53:40.533002+00:00,results/processed/sample_replicate_axis/source_runs.json
sample_replicate_axis,20,rep0,results/raw/kriging/20260921T191052018452Z,-2.812987833481968,-3.0534262101876304,0.24043837670566237,442,False,False,7.1631277913510045,3.0534262101868657,3.0534262101868657,101,1001,300.0,,500,2026-09-21T19:10:56.443864+00:00,results/processed/sample_replicate_axis/source_runs.json
sample_replicate_axis,20,rep1,results/raw/kriging/20260921T191051794309Z,-2.7520877831669424,-3.05545528007195,0.3033674969050075,445,False,False,8.081108259861594,3.0554552800706034,3.0554552800706034,101,1002,300.0,,500,2026-09-21T19:10:56.256212+00:00,results/processed/sample_replicate_axis/source_runs.json
sample_replicate_axis,20,rep2,results/raw/kriging/20260921T191051730455Z,-4.159402714024592,-3.0607944798058417,1.0986082342187506,453,True,False,8.692899976697145,3.060794479807015,3.060794479807015,101,1003,300.0,,500,2026-09-21T19:10:56.215193+00:00,results/processed/sample_replicate_axis/source_runs.json
sample_replicate_axis,20,rep3,results/raw/kriging/20260921T191110850016Z,-5.733533586326431,-3.0534262101876304,2.680107376138801,442,True,False,8.06439439298991,3.0534262101868657,3.0534262101868657,101,1004,300.0,,500,2026-09-21T19:11:14.892654+00:00,results/processed/sample_replicate_axis/source_runs.json
sample_replicate_axis,20,rep4,results/raw/kriging/20260921T191112363781Z,-6.342004684986461,-3.05545528007195,3.2865494049145108,445,True,False,7.7156011286174655,3.0554552800706034,3.0554552800706034,101,1005,300.0,,500,2026-09-21T19:11:16.369554+00:00,results/processed/sample_replicate_axis/source_runs.json
sample_replicate_axis,20,rep5,results/raw/kriging/20260921T191116179693Z,-2.7815932783497628,-3.059469314259297,0.277876035909534,451,False,False,6.8050428224152295,3.059469314257769,3.059469314257769,101,1006,300.0,,500,2026-09-21T19:11:20.149728+00:00,results/processed/sample_replicate_axis/source_runs.json
sample_replicate_axis,20,rep6,results/raw/kriging/20260921T191135812037Z,-3.0363189982586576,-3.05545528007195,0.0191362818132923,445,False,False,8.06439439298991,3.0554552800706034,3.0554552800706034,101,1007,300.0,,500,2026-09-21T19:11:39.782843+00:00,results/processed/sample_replicate_axis/source_runs.json
sample_replicate_axis,20,rep7,results/raw/kriging/20260921T191152593972Z,-5.233974114949721,-3.0479415265156367,2.186032588434084,434,True,False,6.8050428224152295,3.047941526517788,3.047941526517788,101,1008,300.0,,500,2026-09-21T19:11:56.777267+00:00,results/processed/sample_replicate_axis/source_runs.json
sample_replicate_axis,20,rep8,results/raw/kriging/20260921T191200868671Z,-3.1682040815970547,-3.0601326912020186,0.1080713903950361,452,False,False,6.8050428224152295,3.060132691199005,3.060132691199005,101,1009,300.0,,500,2026-09-21T19:12:04.977523+00:00,results/processed/sample_replicate_axis/source_runs.json
sample_replicate_axis,20,rep9,results/raw/kriging/20260921T191223668486Z,-2.962313039479941,-3.058137765747856,0.09582472626791505,449,False,False,7.7156011286174655,3.0581377657458004,3.0581377657458004,101,1010,300.0,,500,2026-09-21T19:12:28.315825+00:00,results/processed/sample_replicate_axis/source_runs.json
sample_replicate_axis,5,rep0,results/raw/kriging/20260918T161953188637Z,-2.3280173895798044,-2.638257265618656,0.3102398760388514,120,False,False,9.445959716353208,2.638257265618566,2.638257265618566,101,1001,300.0,,125,2026-09-18T16:19:57.418701+00:00,results/processed/sample_replicate_axis/source_runs.json
sample_replicate_axis,5,rep1,results/raw/kriging/20260918T161953087836Z,-2.867383133446519,-2.641070048882167,0.22631308456435217,121,False,False,8.91894043432427,2.641070048881968,2.641070048881968,101,1002,300.0,,125,2026-09-18T16:19:57.295201+00:00,results/processed/sample_replicate_axis/source_runs.json
sample_replicate_axis,5,rep2,results/raw/kriging/20260918T161953230593Z,-2.3845073034452007,-2.6493567051848856,0.26484940173968496,124,False,False,8.857591877148213,2.649356705184821,2.649356705184821,101,1003,300.0,,125,2026-09-18T16:19:57.303228+00:00,results/processed/sample_replicate_axis/source_runs.json
sample_replicate_axis,5,rep3,results/raw/kriging/20260918T162000756892Z,-2.4034027638885864,-2.643857256312603,0.2404544924240164,122,False,False,7.7156011286174655,2.6438572563126805,2.6438572563126805,101,1004,300.0,,125,2026-09-18T16:20:04.907047+00:00,results/processed/sample_replicate_axis/source_runs.json
sample_replicate_axis,5,rep4,results/raw/kriging/20260918T162009936765Z,-2.514401551658153,-2.635418451691653,0.12101690003350019,119,False,False,7.1631277913510045,2.6354184516915726,2.6354184516915726,101,1005,300.0,,125,2026-09-18T16:20:13.831522+00:00,results/processed/sample_replicate_axis/source_runs.json
sample_replicate_axis,5,rep5,results/raw/kriging/20260918T162013862413Z,-2.26894670864614,-2.638257265618656,0.3693105569725157,120,False,False,6.8050428224152295,2.638257265618566,2.638257265618566,101,1006,300.0,,125,2026-09-18T16:20:17.953114+00:00,results/processed/sample_replicate_axis/source_runs.json
sample_replicate_axis,5,rep6,results/raw/kriging/20260918T162020923370Z,-6.575978866467419,-2.641070048882167,3.934908817585252,121,True,False,8.840660434926027,2.641070048881968,2.641070048881968,101,1007,300.0,,125,2026-09-18T16:20:24.745381+00:00,results/processed/sample_replicate_axis/source_runs.json
sample_replicate_axis,5,rep7,results/raw/kriging/20260918T162034223896Z,-2.256807847174502,-2.6325531402227464,0.37574529304824456,118,False,False,8.692899976697145,2.632553140222596,2.632553140222596,101,1008,300.0,,125,2026-09-18T16:20:37.966228+00:00,results/processed/sample_replicate_axis/source_runs.json
sample_replicate_axis,5,rep8,results/raw/kriging/20260918T162042837584Z,-3.5438028252326546,-2.641070048882167,0.9027327763504878,121,True,False,8.351311774820648,2.641070048881968,2.641070048881968,101,1009,300.0,,125,2026-09-18T16:20:46.833655+00:00,results/processed/sample_replicate_axis/source_runs.json
sample_replicate_axis,5,rep9,results/raw/kriging/20260918T162059851281Z,-2.314835959995694,-2.638257265618656,0.3234213056229618,120,False,False,8.973660651565027,2.638257265618566,2.638257265618566,101,1010,300.0,,125,2026-09-18T16:21:03.704871+00:00,results/processed/sample_replicate_axis/source_runs.json
