method,level,replicate_id,role,bin,n_cells,estimate_mean,truth_mean,slope
gp_mle,1,rep0,MIN,1,124,12.93685505683263,12.601278576238016,1.148223720324541
gp_mle,1,rep0,MIN,2,124,14.239989748562587,14.095560116431376,1.148223720324541
gp_mle,1,rep0,MIN,3,124,14.829895901819503,14.29923975842843,1.148223720324541
gp_mle,1,rep0,MIN,4,124,15.22389346095783,14.891471484739402,1.148223720324541
gp_mle,1,rep0,MIN,5,124,15.52871996714702,14.670440107457072,1.148223720324541
gp_mle,1,rep0,MIN,6,124,15.742870487305469,14.63654732116185,1.148223720324541
gp_mle,1,rep0,MIN,7,124,15.870434553160212,14.4795898777117,1.148223720324541
gp_mle,1,rep0,MIN,8,124,15.939318842873888,14.72599617535427,1.148223720324541
gp_mle,1,rep0,MIN,9,124,15.985018370717455,13.927380550457492,1.148223720324541
gp_mle,1,rep0,MIN,10,124,16.010699676525864,13.06653089187718,1.148223720324541
gp_mle,1,rep0,MIN,11,124,16.02302816965036,12.742000533396077,1.148223720324541
gp_mle,1,rep0,MIN,12,124,16.027032896350633,13.121991406083806,1.148223720324541
gp_mle,1,rep0,MIN,13,124,16.046061664353886,13.660797190605386,1.148223720324541
gp_mle,1,rep0,MIN,14,124,16.109507940940635,15.098852885624517,1.148223720324541
gp_mle,1,rep0,MIN,15,124,16.241940414746303,15.661773689717204,1.148223720324541
gp_mle,1,rep0,MIN,16,123,16.43625212184823,16.3908108094846,1.148223720324541
gp_mle,1,rep0,MIN,17,123,16.71202270117568,16.83220136971241,1.148223720324541
gp_mle,1,rep0,MIN,18,123,17.087492233704747,17.368575485569,1.148223720324541
gp_mle,1,rep0,MIN,19,123,17.730517870254985,17.895196396340474,1.148223720324541
gp_mle,1,rep0,MIN,20,123,19.31178839785781,19.73363687327893,1.148223720324541
gp_mle,1,rep8,MAX,1,124,10.363299264854856,11.86431052499539,0.9003727138201486
gp_mle,1,rep8,MAX,2,124,10.710849105784726,11.227237013269962,0.9003727138201486
gp_mle,1,rep8,MAX,3,124,11.02815154529031,11.45396223465042,0.9003727138201486
gp_mle,1,rep8,MAX,4,124,11.330088385718916,12.03337897517142,0.9003727138201486
gp_mle,1,rep8,MAX,5,124,11.657314720353623,13.16891424905196,0.9003727138201486
gp_mle,1,rep8,MAX,6,124,12.07376475624151,14.36341116561438,0.9003727138201486
gp_mle,1,rep8,MAX,7,124,12.55237713660172,14.711699021385192,0.9003727138201486
gp_mle,1,rep8,MAX,8,124,13.013930405846898,14.815680805202248,0.9003727138201486
gp_mle,1,rep8,MAX,9,124,13.438094329485306,15.206754091018633,0.9003727138201486
gp_mle,1,rep8,MAX,10,124,13.793191945153572,16.348112380372665,0.9003727138201486
gp_mle,1,rep8,MAX,11,124,14.095941915262198,16.620623853345744,0.9003727138201486
gp_mle,1,rep8,MAX,12,124,14.511935350234632,16.888486092829336,0.9003727138201486
gp_mle,1,rep8,MAX,13,124,15.001820979733951,16.92375456311314,0.9003727138201486
gp_mle,1,rep8,MAX,14,124,15.403971444486222,16.182970633478643,0.9003727138201486
gp_mle,1,rep8,MAX,15,124,15.621304236523274,15.401389576586316,0.9003727138201486
gp_mle,1,rep8,MAX,16,123,15.791336712068418,16.19383821152794,0.9003727138201486
gp_mle,1,rep8,MAX,17,123,15.929623919503069,16.18189842316276,0.9003727138201486
gp_mle,1,rep8,MAX,18,123,16.048228576703696,16.687896122763636,0.9003727138201486
gp_mle,1,rep8,MAX,19,123,16.14056916208255,16.292052991900878,0.9003727138201486
gp_mle,1,rep8,MAX,20,123,16.23883809489112,17.73345360855732,0.9003727138201486
kriging,1,rep0,FIXED_RANGE,1,124,13.548723342345797,12.569961027805686,1.1990191699008403
kriging,1,rep0,FIXED_RANGE,2,124,13.78832988364997,13.969452690990373,1.1990191699008403
kriging,1,rep0,FIXED_RANGE,3,124,14.280996722102499,13.835305651970511,1.1990191699008403
kriging,1,rep0,FIXED_RANGE,4,124,14.664890241027901,13.548382592910533,1.1990191699008403
kriging,1,rep0,FIXED_RANGE,5,124,14.849726279317373,13.66712640211517,1.1990191699008403
kriging,1,rep0,FIXED_RANGE,6,124,15.0436514616388,13.89273926904566,1.1990191699008403
kriging,1,rep0,FIXED_RANGE,7,124,15.237093218118613,13.840858609220033,1.1990191699008403
kriging,1,rep0,FIXED_RANGE,8,124,15.463624529449538,13.638094601341642,1.1990191699008403
kriging,1,rep0,FIXED_RANGE,9,124,15.683758009265194,13.680125809567489,1.1990191699008403
kriging,1,rep0,FIXED_RANGE,10,124,15.762444082706843,13.731833604175335,1.1990191699008403
kriging,1,rep0,FIXED_RANGE,11,124,15.794808701869366,14.086749634715321,1.1990191699008403
kriging,1,rep0,FIXED_RANGE,12,124,15.863252014540057,14.697199545186034,1.1990191699008403
kriging,1,rep0,FIXED_RANGE,13,124,15.977400403414373,14.24395743884803,1.1990191699008403
kriging,1,rep0,FIXED_RANGE,14,124,16.30333266768067,15.354849362466611,1.1990191699008403
kriging,1,rep0,FIXED_RANGE,15,124,16.790985868117303,15.820228282471822,1.1990191699008403
kriging,1,rep0,FIXED_RANGE,16,123,17.17344062507712,16.79120807602458,1.1990191699008403
kriging,1,rep0,FIXED_RANGE,17,123,17.33978312629875,16.99316417250888,1.1990191699008403
kriging,1,rep0,FIXED_RANGE,18,123,17.82373486557376,17.810309692104855,1.1990191699008403
kriging,1,rep0,FIXED_RANGE,19,123,18.56527071159598,18.068960206652818,1.1990191699008403
kriging,1,rep0,FIXED_RANGE,20,123,19.037742307035774,19.668328943714076,1.1990191699008403
rbf_bootstrap,1,rep0,MIN,1,124,12.72408014759438,12.259246700353255,1.104089826978598
rbf_bootstrap,1,rep0,MIN,2,124,13.997820306320314,13.83050464056256,1.104089826978598
rbf_bootstrap,1,rep0,MIN,3,124,14.564541020392914,14.18876558059875,1.104089826978598
rbf_bootstrap,1,rep0,MIN,4,124,14.956983102779123,14.65985482331579,1.104089826978598
rbf_bootstrap,1,rep0,MIN,5,124,15.24599580586372,14.62707006739561,1.104089826978598
rbf_bootstrap,1,rep0,MIN,6,124,15.490158032222654,14.344287160124154,1.104089826978598
rbf_bootstrap,1,rep0,MIN,7,124,15.66449660943582,14.804253406647785,1.104089826978598
rbf_bootstrap,1,rep0,MIN,8,124,15.753828689380509,14.465744532964395,1.104089826978598
rbf_bootstrap,1,rep0,MIN,9,124,15.827210290191717,13.794371612991185,1.104089826978598
rbf_bootstrap,1,rep0,MIN,10,124,15.883981414112949,13.425556964431433,1.104089826978598
rbf_bootstrap,1,rep0,MIN,11,124,15.92930421913842,13.233123057904766,1.104089826978598
rbf_bootstrap,1,rep0,MIN,12,124,15.953366731066296,13.303837726274166,1.104089826978598
rbf_bootstrap,1,rep0,MIN,13,124,16.01354932066768,13.958157052459326,1.104089826978598
rbf_bootstrap,1,rep0,MIN,14,124,16.13760127172897,14.92600693724818,1.104089826978598
rbf_bootstrap,1,rep0,MIN,15,124,16.319293269996404,15.64740436615275,1.104089826978598
rbf_bootstrap,1,rep0,MIN,16,123,16.57305811715088,16.37239323648972,1.104089826978598
rbf_bootstrap,1,rep0,MIN,17,123,16.91024181108315,16.84706668564607,1.104089826978598
rbf_bootstrap,1,rep0,MIN,18,123,17.3582682252781,17.369555115215334,1.104089826978598
rbf_bootstrap,1,rep0,MIN,19,123,18.04691926956009,17.95137316165283,1.104089826978598
rbf_bootstrap,1,rep0,MIN,20,123,19.77627676609765,19.89301628047576,1.104089826978598
rbf_bootstrap,1,rep5,MAX,1,124,12.042382368698162,12.344756906856846,1.1198238463121517
rbf_bootstrap,1,rep5,MAX,2,124,12.299842585850936,12.78437811102168,1.1198238463121517
rbf_bootstrap,1,rep5,MAX,3,124,12.53081647278768,12.620783488615992,1.1198238463121517
rbf_bootstrap,1,rep5,MAX,4,124,12.746012232074367,12.601043947476937,1.1198238463121517
rbf_bootstrap,1,rep5,MAX,5,124,12.948864629228137,12.400915921795855,1.1198238463121517
rbf_bootstrap,1,rep5,MAX,6,124,13.159234386378634,13.023709191267152,1.1198238463121517
rbf_bootstrap,1,rep5,MAX,7,124,13.380290301640889,14.08753506271406,1.1198238463121517
rbf_bootstrap,1,rep5,MAX,8,124,13.609779525073863,15.039296418476203,1.1198238463121517
rbf_bootstrap,1,rep5,MAX,9,124,13.84032050638446,15.12976270680712,1.1198238463121517
rbf_bootstrap,1,rep5,MAX,10,124,14.073687964012946,16.044142837001367,1.1198238463121517
rbf_bootstrap,1,rep5,MAX,11,124,14.306511353117408,16.387007153099763,1.1198238463121517
rbf_bootstrap,1,rep5,MAX,12,124,14.534296478826205,17.125262648622606,1.1198238463121517
rbf_bootstrap,1,rep5,MAX,13,124,14.755663728100547,17.061551749642835,1.1198238463121517
rbf_bootstrap,1,rep5,MAX,14,124,14.967989625184392,16.21497211338455,1.1198238463121517
rbf_bootstrap,1,rep5,MAX,15,124,15.167829829765152,15.73705388493211,1.1198238463121517
rbf_bootstrap,1,rep5,MAX,16,123,15.37141471333957,15.934454537867834,1.1198238463121517
rbf_bootstrap,1,rep5,MAX,17,123,15.593857082265648,16.898068059924054,1.1198238463121517
rbf_bootstrap,1,rep5,MAX,18,123,15.842436104930671,16.652760262152373,1.1198238463121517
rbf_bootstrap,1,rep5,MAX,19,123,16.12378985529115,15.996724359145569,1.1198238463121517
rbf_bootstrap,1,rep5,MAX,20,123,16.463361482969702,16.093236356884074,1.1198238463121517
sgs,1,rep0,FIXED_RANGE,1,124,11.765504555015884,12.59547886313063,0.7705328608587093
sgs,1,rep0,FIXED_RANGE,2,124,13.037370826800435,13.17071086096599,0.7705328608587093
sgs,1,rep0,FIXED_RANGE,3,124,13.663649678384424,13.548060732808626,0.7705328608587093
sgs,1,rep0,FIXED_RANGE,4,124,14.22731864269777,13.675125727534242,0.7705328608587093
sgs,1,rep0,FIXED_RANGE,5,124,14.700145619838654,13.879668524807084,0.7705328608587093
sgs,1,rep0,FIXED_RANGE,6,124,15.115114155286784,14.345285064032138,0.7705328608587093
sgs,1,rep0,FIXED_RANGE,7,124,15.36636262129236,14.576324454185801,0.7705328608587093
sgs,1,rep0,FIXED_RANGE,8,124,15.574015784596641,14.454284147797567,0.7705328608587093
sgs,1,rep0,FIXED_RANGE,9,124,15.743552278361086,14.671803510576428,0.7705328608587093
sgs,1,rep0,FIXED_RANGE,10,124,15.895396777436204,14.908057456952218,0.7705328608587093
sgs,1,rep0,FIXED_RANGE,11,124,16.056503574337615,15.102123667478994,0.7705328608587093
sgs,1,rep0,FIXED_RANGE,12,124,16.22670998052485,15.038225823190315,0.7705328608587093
sgs,1,rep0,FIXED_RANGE,13,124,16.41038261206567,15.163440582937769,0.7705328608587093
sgs,1,rep0,FIXED_RANGE,14,124,16.639394822560806,14.980081649267436,0.7705328608587093
sgs,1,rep0,FIXED_RANGE,15,124,16.893448068218067,15.215646465793945,0.7705328608587093
sgs,1,rep0,FIXED_RANGE,16,123,17.203344265813367,15.371976304962656,0.7705328608587093
sgs,1,rep0,FIXED_RANGE,17,123,17.56490616503177,15.492814637762637,0.7705328608587093
sgs,1,rep0,FIXED_RANGE,18,123,17.98263300376205,16.34276446075984,0.7705328608587093
sgs,1,rep0,FIXED_RANGE,19,123,18.57004382314022,17.58822906691873,0.7705328608587093
sgs,1,rep0,FIXED_RANGE,20,123,20.090615901974065,19.75013643304049,0.7705328608587093
