# kriging/sgs are intentionally NOT represented in this table: their variogram range is a FIXED INPUT CONSTANT (300 m) at every level and every replicate, never fitted from the conditioning data, so there is no per-replicate value to aggregate for them (see src/experiments/evaluate_sample_replicate_axis.py module docstring).
axis_level,replicate,method,length_scale_m,length_definition,source
20,rep0,gp_mle,179.9340098708915,MLE-fitted sklearn RBF kernel length_scale converted to a practical range at the 0.05 correlation cutoff (factor=sqrt(2*ln(20))~=2.4477),results/raw/gp_mle/20260921T191048368086Z/manifest.json:params.fitted_hyperparameters.length_scale_m
20,rep0,rbf_bootstrap,141.4213562373095,CV-tuned gaussian RBF interpolation kernel shape parameter epsilon converted to an equivalent 0.05-cutoff distance (r=sqrt(-ln(0.05))/epsilon); NOT a fitted spatial correlation length -- see module docstring,results/raw/rbf_bootstrap/20260921T191053019177Z/manifest.json:params.best_epsilon
20,rep1,gp_mle,182.62946842031803,MLE-fitted sklearn RBF kernel length_scale converted to a practical range at the 0.05 correlation cutoff (factor=sqrt(2*ln(20))~=2.4477),results/raw/gp_mle/20260921T191049596511Z/manifest.json:params.fitted_hyperparameters.length_scale_m
20,rep1,rbf_bootstrap,141.4213562373095,CV-tuned gaussian RBF interpolation kernel shape parameter epsilon converted to an equivalent 0.05-cutoff distance (r=sqrt(-ln(0.05))/epsilon); NOT a fitted spatial correlation length -- see module docstring,results/raw/rbf_bootstrap/20260921T191053295698Z/manifest.json:params.best_epsilon
20,rep2,gp_mle,170.9951742387075,MLE-fitted sklearn RBF kernel length_scale converted to a practical range at the 0.05 correlation cutoff (factor=sqrt(2*ln(20))~=2.4477),results/raw/gp_mle/20260921T191048885017Z/manifest.json:params.fitted_hyperparameters.length_scale_m
20,rep2,rbf_bootstrap,141.4213562373095,CV-tuned gaussian RBF interpolation kernel shape parameter epsilon converted to an equivalent 0.05-cutoff distance (r=sqrt(-ln(0.05))/epsilon); NOT a fitted spatial correlation length -- see module docstring,results/raw/rbf_bootstrap/20260921T191055049254Z/manifest.json:params.best_epsilon
20,rep3,gp_mle,168.1050759515077,MLE-fitted sklearn RBF kernel length_scale converted to a practical range at the 0.05 correlation cutoff (factor=sqrt(2*ln(20))~=2.4477),results/raw/gp_mle/20260921T191111906819Z/manifest.json:params.fitted_hyperparameters.length_scale_m
20,rep3,rbf_bootstrap,141.4213562373095,CV-tuned gaussian RBF interpolation kernel shape parameter epsilon converted to an equivalent 0.05-cutoff distance (r=sqrt(-ln(0.05))/epsilon); NOT a fitted spatial correlation length -- see module docstring,results/raw/rbf_bootstrap/20260921T191115177786Z/manifest.json:params.best_epsilon
20,rep4,gp_mle,186.35644521954262,MLE-fitted sklearn RBF kernel length_scale converted to a practical range at the 0.05 correlation cutoff (factor=sqrt(2*ln(20))~=2.4477),results/raw/gp_mle/20260921T191114733899Z/manifest.json:params.fitted_hyperparameters.length_scale_m
20,rep4,rbf_bootstrap,141.4213562373095,CV-tuned gaussian RBF interpolation kernel shape parameter epsilon converted to an equivalent 0.05-cutoff distance (r=sqrt(-ln(0.05))/epsilon); NOT a fitted spatial correlation length -- see module docstring,results/raw/rbf_bootstrap/20260921T191117980167Z/manifest.json:params.best_epsilon
20,rep5,gp_mle,186.14656115317956,MLE-fitted sklearn RBF kernel length_scale converted to a practical range at the 0.05 correlation cutoff (factor=sqrt(2*ln(20))~=2.4477),results/raw/gp_mle/20260921T191132142501Z/manifest.json:params.fitted_hyperparameters.length_scale_m
20,rep5,rbf_bootstrap,141.4213562373095,CV-tuned gaussian RBF interpolation kernel shape parameter epsilon converted to an equivalent 0.05-cutoff distance (r=sqrt(-ln(0.05))/epsilon); NOT a fitted spatial correlation length -- see module docstring,results/raw/rbf_bootstrap/20260921T191137533068Z/manifest.json:params.best_epsilon
20,rep6,gp_mle,188.89246176670662,MLE-fitted sklearn RBF kernel length_scale converted to a practical range at the 0.05 correlation cutoff (factor=sqrt(2*ln(20))~=2.4477),results/raw/gp_mle/20260921T191137740504Z/manifest.json:params.fitted_hyperparameters.length_scale_m
20,rep6,rbf_bootstrap,141.4213562373095,CV-tuned gaussian RBF interpolation kernel shape parameter epsilon converted to an equivalent 0.05-cutoff distance (r=sqrt(-ln(0.05))/epsilon); NOT a fitted spatial correlation length -- see module docstring,results/raw/rbf_bootstrap/20260921T191140418365Z/manifest.json:params.best_epsilon
20,rep7,gp_mle,198.9653473719324,MLE-fitted sklearn RBF kernel length_scale converted to a practical range at the 0.05 correlation cutoff (factor=sqrt(2*ln(20))~=2.4477),results/raw/gp_mle/20260921T191157241558Z/manifest.json:params.fitted_hyperparameters.length_scale_m
20,rep7,rbf_bootstrap,176.35640923840472,CV-tuned gaussian RBF interpolation kernel shape parameter epsilon converted to an equivalent 0.05-cutoff distance (r=sqrt(-ln(0.05))/epsilon); NOT a fitted spatial correlation length -- see module docstring,results/raw/rbf_bootstrap/20260921T191201419334Z/manifest.json:params.best_epsilon
20,rep8,gp_mle,207.94710751808867,MLE-fitted sklearn RBF kernel length_scale converted to a practical range at the 0.05 correlation cutoff (factor=sqrt(2*ln(20))~=2.4477),results/raw/gp_mle/20260921T191221541536Z/manifest.json:params.fitted_hyperparameters.length_scale_m
20,rep8,rbf_bootstrap,176.35640923840472,CV-tuned gaussian RBF interpolation kernel shape parameter epsilon converted to an equivalent 0.05-cutoff distance (r=sqrt(-ln(0.05))/epsilon); NOT a fitted spatial correlation length -- see module docstring,results/raw/rbf_bootstrap/20260921T191224850975Z/manifest.json:params.best_epsilon
20,rep9,gp_mle,200.52637934088926,MLE-fitted sklearn RBF kernel length_scale converted to a practical range at the 0.05 correlation cutoff (factor=sqrt(2*ln(20))~=2.4477),results/raw/gp_mle/20260921T191242978715Z/manifest.json:params.fitted_hyperparameters.length_scale_m
20,rep9,rbf_bootstrap,176.35640923840472,CV-tuned gaussian RBF interpolation kernel shape parameter epsilon converted to an equivalent 0.05-cutoff distance (r=sqrt(-ln(0.05))/epsilon); NOT a fitted spatial correlation length -- see module docstring,results/raw/rbf_bootstrap/20260921T191248063654Z/manifest.json:params.best_epsilon
10,rep0,gp_mle,195.7745216413453,MLE-fitted sklearn RBF kernel length_scale converted to a practical range at the 0.05 correlation cutoff (factor=sqrt(2*ln(20))~=2.4477),results/raw/gp_mle/20260921T191255397961Z/manifest.json:params.fitted_hyperparameters.length_scale_m
10,rep0,rbf_bootstrap,219.9214030112556,CV-tuned gaussian RBF interpolation kernel shape parameter epsilon converted to an equivalent 0.05-cutoff distance (r=sqrt(-ln(0.05))/epsilon); NOT a fitted spatial correlation length -- see module docstring,results/raw/rbf_bootstrap/20260921T191236768039Z/manifest.json:params.best_epsilon
10,rep1,gp_mle,202.38721993901464,MLE-fitted sklearn RBF kernel length_scale converted to a practical range at the 0.05 correlation cutoff (factor=sqrt(2*ln(20))~=2.4477),results/raw/gp_mle/20260921T191308568921Z/manifest.json:params.fitted_hyperparameters.length_scale_m
10,rep1,rbf_bootstrap,176.35640923840472,CV-tuned gaussian RBF interpolation kernel shape parameter epsilon converted to an equivalent 0.05-cutoff distance (r=sqrt(-ln(0.05))/epsilon); NOT a fitted spatial correlation length -- see module docstring,results/raw/rbf_bootstrap/20260921T191300219509Z/manifest.json:params.best_epsilon
10,rep2,gp_mle,259.71038478738933,MLE-fitted sklearn RBF kernel length_scale converted to a practical range at the 0.05 correlation cutoff (factor=sqrt(2*ln(20))~=2.4477),results/raw/gp_mle/20260921T191323551978Z/manifest.json:params.fitted_hyperparameters.length_scale_m
10,rep2,rbf_bootstrap,219.9214030112556,CV-tuned gaussian RBF interpolation kernel shape parameter epsilon converted to an equivalent 0.05-cutoff distance (r=sqrt(-ln(0.05))/epsilon); NOT a fitted spatial correlation length -- see module docstring,results/raw/rbf_bootstrap/20260921T191311760967Z/manifest.json:params.best_epsilon
10,rep3,gp_mle,211.02591950048148,MLE-fitted sklearn RBF kernel length_scale converted to a practical range at the 0.05 correlation cutoff (factor=sqrt(2*ln(20))~=2.4477),results/raw/gp_mle/20260921T191333718605Z/manifest.json:params.fitted_hyperparameters.length_scale_m
10,rep3,rbf_bootstrap,176.35640923840472,CV-tuned gaussian RBF interpolation kernel shape parameter epsilon converted to an equivalent 0.05-cutoff distance (r=sqrt(-ln(0.05))/epsilon); NOT a fitted spatial correlation length -- see module docstring,results/raw/rbf_bootstrap/20260921T191322685315Z/manifest.json:params.best_epsilon
10,rep4,gp_mle,200.4349326181925,MLE-fitted sklearn RBF kernel length_scale converted to a practical range at the 0.05 correlation cutoff (factor=sqrt(2*ln(20))~=2.4477),results/raw/gp_mle/20260921T191349485422Z/manifest.json:params.fitted_hyperparameters.length_scale_m
10,rep4,rbf_bootstrap,176.35640923840472,CV-tuned gaussian RBF interpolation kernel shape parameter epsilon converted to an equivalent 0.05-cutoff distance (r=sqrt(-ln(0.05))/epsilon); NOT a fitted spatial correlation length -- see module docstring,results/raw/rbf_bootstrap/20260921T191335137473Z/manifest.json:params.best_epsilon
10,rep5,gp_mle,198.59194715475343,MLE-fitted sklearn RBF kernel length_scale converted to a practical range at the 0.05 correlation cutoff (factor=sqrt(2*ln(20))~=2.4477),results/raw/gp_mle/20260921T191358718759Z/manifest.json:params.fitted_hyperparameters.length_scale_m
10,rep5,rbf_bootstrap,176.35640923840472,CV-tuned gaussian RBF interpolation kernel shape parameter epsilon converted to an equivalent 0.05-cutoff distance (r=sqrt(-ln(0.05))/epsilon); NOT a fitted spatial correlation length -- see module docstring,results/raw/rbf_bootstrap/20260921T191348834488Z/manifest.json:params.best_epsilon
10,rep6,gp_mle,200.88328603861746,MLE-fitted sklearn RBF kernel length_scale converted to a practical range at the 0.05 correlation cutoff (factor=sqrt(2*ln(20))~=2.4477),results/raw/gp_mle/20260921T191415800711Z/manifest.json:params.fitted_hyperparameters.length_scale_m
10,rep6,rbf_bootstrap,113.40670909761656,CV-tuned gaussian RBF interpolation kernel shape parameter epsilon converted to an equivalent 0.05-cutoff distance (r=sqrt(-ln(0.05))/epsilon); NOT a fitted spatial correlation length -- see module docstring,results/raw/rbf_bootstrap/20260921T191407428185Z/manifest.json:params.best_epsilon
10,rep7,gp_mle,233.59223510264295,MLE-fitted sklearn RBF kernel length_scale converted to a practical range at the 0.05 correlation cutoff (factor=sqrt(2*ln(20))~=2.4477),results/raw/gp_mle/20260921T191433904651Z/manifest.json:params.fitted_hyperparameters.length_scale_m
10,rep7,rbf_bootstrap,219.9214030112556,CV-tuned gaussian RBF interpolation kernel shape parameter epsilon converted to an equivalent 0.05-cutoff distance (r=sqrt(-ln(0.05))/epsilon); NOT a fitted spatial correlation length -- see module docstring,results/raw/rbf_bootstrap/20260921T191424100715Z/manifest.json:params.best_epsilon
10,rep8,gp_mle,207.3147632143913,MLE-fitted sklearn RBF kernel length_scale converted to a practical range at the 0.05 correlation cutoff (factor=sqrt(2*ln(20))~=2.4477),results/raw/gp_mle/20260921T191445847984Z/manifest.json:params.fitted_hyperparameters.length_scale_m
10,rep8,rbf_bootstrap,176.35640923840472,CV-tuned gaussian RBF interpolation kernel shape parameter epsilon converted to an equivalent 0.05-cutoff distance (r=sqrt(-ln(0.05))/epsilon); NOT a fitted spatial correlation length -- see module docstring,results/raw/rbf_bootstrap/20260921T191438601182Z/manifest.json:params.best_epsilon
10,rep9,gp_mle,170.86995427939823,MLE-fitted sklearn RBF kernel length_scale converted to a practical range at the 0.05 correlation cutoff (factor=sqrt(2*ln(20))~=2.4477),results/raw/gp_mle/20260921T191503057895Z/manifest.json:params.fitted_hyperparameters.length_scale_m
10,rep9,rbf_bootstrap,176.35640923840472,CV-tuned gaussian RBF interpolation kernel shape parameter epsilon converted to an equivalent 0.05-cutoff distance (r=sqrt(-ln(0.05))/epsilon); NOT a fitted spatial correlation length -- see module docstring,results/raw/rbf_bootstrap/20260921T191455819231Z/manifest.json:params.best_epsilon
5,rep0,gp_mle,223.61653231041743,MLE-fitted sklearn RBF kernel length_scale converted to a practical range at the 0.05 correlation cutoff (factor=sqrt(2*ln(20))~=2.4477),results/raw/gp_mle/20260918T161948245046Z/manifest.json:params.fitted_hyperparameters.length_scale_m
5,rep0,rbf_bootstrap,219.9214030112556,CV-tuned gaussian RBF interpolation kernel shape parameter epsilon converted to an equivalent 0.05-cutoff distance (r=sqrt(-ln(0.05))/epsilon); NOT a fitted spatial correlation length -- see module docstring,results/raw/rbf_bootstrap/20260921T120402594711Z/manifest.json:params.best_epsilon
5,rep1,gp_mle,240.10834688181095,MLE-fitted sklearn RBF kernel length_scale converted to a practical range at the 0.05 correlation cutoff (factor=sqrt(2*ln(20))~=2.4477),results/raw/gp_mle/20260918T161948110004Z/manifest.json:params.fitted_hyperparameters.length_scale_m
5,rep1,rbf_bootstrap,219.9214030112556,CV-tuned gaussian RBF interpolation kernel shape parameter epsilon converted to an equivalent 0.05-cutoff distance (r=sqrt(-ln(0.05))/epsilon); NOT a fitted spatial correlation length -- see module docstring,results/raw/rbf_bootstrap/20260921T120402782798Z/manifest.json:params.best_epsilon
5,rep2,gp_mle,261.4293098685727,MLE-fitted sklearn RBF kernel length_scale converted to a practical range at the 0.05 correlation cutoff (factor=sqrt(2*ln(20))~=2.4477),results/raw/gp_mle/20260918T161947908382Z/manifest.json:params.fitted_hyperparameters.length_scale_m
5,rep2,rbf_bootstrap,219.9214030112556,CV-tuned gaussian RBF interpolation kernel shape parameter epsilon converted to an equivalent 0.05-cutoff distance (r=sqrt(-ln(0.05))/epsilon); NOT a fitted spatial correlation length -- see module docstring,results/raw/rbf_bootstrap/20260921T120408700354Z/manifest.json:params.best_epsilon
5,rep3,gp_mle,229.62642960268366,MLE-fitted sklearn RBF kernel length_scale converted to a practical range at the 0.05 correlation cutoff (factor=sqrt(2*ln(20))~=2.4477),results/raw/gp_mle/20260918T162001077066Z/manifest.json:params.fitted_hyperparameters.length_scale_m
5,rep3,rbf_bootstrap,274.2481756762073,CV-tuned gaussian RBF interpolation kernel shape parameter epsilon converted to an equivalent 0.05-cutoff distance (r=sqrt(-ln(0.05))/epsilon); NOT a fitted spatial correlation length -- see module docstring,results/raw/rbf_bootstrap/20260921T120408702358Z/manifest.json:params.best_epsilon
5,rep4,gp_mle,179.0591674421537,MLE-fitted sklearn RBF kernel length_scale converted to a practical range at the 0.05 correlation cutoff (factor=sqrt(2*ln(20))~=2.4477),results/raw/gp_mle/20260918T162008856670Z/manifest.json:params.fitted_hyperparameters.length_scale_m
5,rep4,rbf_bootstrap,176.35640923840472,CV-tuned gaussian RBF interpolation kernel shape parameter epsilon converted to an equivalent 0.05-cutoff distance (r=sqrt(-ln(0.05))/epsilon); NOT a fitted spatial correlation length -- see module docstring,results/raw/rbf_bootstrap/20260921T120409832968Z/manifest.json:params.best_epsilon
5,rep5,gp_mle,270.64042777924607,MLE-fitted sklearn RBF kernel length_scale converted to a practical range at the 0.05 correlation cutoff (factor=sqrt(2*ln(20))~=2.4477),results/raw/gp_mle/20260918T162016253278Z/manifest.json:params.fitted_hyperparameters.length_scale_m
5,rep5,rbf_bootstrap,274.2481756762073,CV-tuned gaussian RBF interpolation kernel shape parameter epsilon converted to an equivalent 0.05-cutoff distance (r=sqrt(-ln(0.05))/epsilon); NOT a fitted spatial correlation length -- see module docstring,results/raw/rbf_bootstrap/20260921T120410005068Z/manifest.json:params.best_epsilon
5,rep6,gp_mle,258.16552481920405,MLE-fitted sklearn RBF kernel length_scale converted to a practical range at the 0.05 correlation cutoff (factor=sqrt(2*ln(20))~=2.4477),results/raw/gp_mle/20260918T162024842665Z/manifest.json:params.fitted_hyperparameters.length_scale_m
5,rep6,rbf_bootstrap,219.9214030112556,CV-tuned gaussian RBF interpolation kernel shape parameter epsilon converted to an equivalent 0.05-cutoff distance (r=sqrt(-ln(0.05))/epsilon); NOT a fitted spatial correlation length -- see module docstring,results/raw/rbf_bootstrap/20260921T120410162555Z/manifest.json:params.best_epsilon
5,rep7,gp_mle,234.86496040812088,MLE-fitted sklearn RBF kernel length_scale converted to a practical range at the 0.05 correlation cutoff (factor=sqrt(2*ln(20))~=2.4477),results/raw/gp_mle/20260918T162035303801Z/manifest.json:params.fitted_hyperparameters.length_scale_m
5,rep7,rbf_bootstrap,274.2481756762073,CV-tuned gaussian RBF interpolation kernel shape parameter epsilon converted to an equivalent 0.05-cutoff distance (r=sqrt(-ln(0.05))/epsilon); NOT a fitted spatial correlation length -- see module docstring,results/raw/rbf_bootstrap/20260921T120409989235Z/manifest.json:params.best_epsilon
5,rep8,gp_mle,218.26661488142972,MLE-fitted sklearn RBF kernel length_scale converted to a practical range at the 0.05 correlation cutoff (factor=sqrt(2*ln(20))~=2.4477),results/raw/gp_mle/20260918T162050063780Z/manifest.json:params.fitted_hyperparameters.length_scale_m
5,rep8,rbf_bootstrap,219.9214030112556,CV-tuned gaussian RBF interpolation kernel shape parameter epsilon converted to an equivalent 0.05-cutoff distance (r=sqrt(-ln(0.05))/epsilon); NOT a fitted spatial correlation length -- see module docstring,results/raw/rbf_bootstrap/20260921T120410088833Z/manifest.json:params.best_epsilon
5,rep9,gp_mle,234.33374410789685,MLE-fitted sklearn RBF kernel length_scale converted to a practical range at the 0.05 correlation cutoff (factor=sqrt(2*ln(20))~=2.4477),results/raw/gp_mle/20260918T162109707579Z/manifest.json:params.fitted_hyperparameters.length_scale_m
5,rep9,rbf_bootstrap,219.9214030112556,CV-tuned gaussian RBF interpolation kernel shape parameter epsilon converted to an equivalent 0.05-cutoff distance (r=sqrt(-ln(0.05))/epsilon); NOT a fitted spatial correlation length -- see module docstring,results/raw/rbf_bootstrap/20260921T120410100617Z/manifest.json:params.best_epsilon
2,rep0,gp_mle,216.37700539791086,MLE-fitted sklearn RBF kernel length_scale converted to a practical range at the 0.05 correlation cutoff (factor=sqrt(2*ln(20))~=2.4477),results/raw/gp_mle/20260918T165224272148Z/manifest.json:params.fitted_hyperparameters.length_scale_m
2,rep0,rbf_bootstrap,219.9214030112556,CV-tuned gaussian RBF interpolation kernel shape parameter epsilon converted to an equivalent 0.05-cutoff distance (r=sqrt(-ln(0.05))/epsilon); NOT a fitted spatial correlation length -- see module docstring,results/raw/rbf_bootstrap/20260921T120409008361Z/manifest.json:params.best_epsilon
2,rep1,gp_mle,253.12019413740268,MLE-fitted sklearn RBF kernel length_scale converted to a practical range at the 0.05 correlation cutoff (factor=sqrt(2*ln(20))~=2.4477),results/raw/gp_mle/20260918T165224149439Z/manifest.json:params.fitted_hyperparameters.length_scale_m
2,rep1,rbf_bootstrap,341.9951893353393,CV-tuned gaussian RBF interpolation kernel shape parameter epsilon converted to an equivalent 0.05-cutoff distance (r=sqrt(-ln(0.05))/epsilon); NOT a fitted spatial correlation length -- see module docstring,results/raw/rbf_bootstrap/20260921T120409194352Z/manifest.json:params.best_epsilon
2,rep2,gp_mle,325.2824020272503,MLE-fitted sklearn RBF kernel length_scale converted to a practical range at the 0.05 correlation cutoff (factor=sqrt(2*ln(20))~=2.4477),results/raw/gp_mle/20260918T165223617358Z/manifest.json:params.fitted_hyperparameters.length_scale_m
2,rep2,rbf_bootstrap,274.2481756762073,CV-tuned gaussian RBF interpolation kernel shape parameter epsilon converted to an equivalent 0.05-cutoff distance (r=sqrt(-ln(0.05))/epsilon); NOT a fitted spatial correlation length -- see module docstring,results/raw/rbf_bootstrap/20260921T120409039673Z/manifest.json:params.best_epsilon
2,rep3,gp_mle,183.20208742931544,MLE-fitted sklearn RBF kernel length_scale converted to a practical range at the 0.05 correlation cutoff (factor=sqrt(2*ln(20))~=2.4477),results/raw/gp_mle/20260918T165234749552Z/manifest.json:params.fitted_hyperparameters.length_scale_m
2,rep3,rbf_bootstrap,531.829589694499,CV-tuned gaussian RBF interpolation kernel shape parameter epsilon converted to an equivalent 0.05-cutoff distance (r=sqrt(-ln(0.05))/epsilon); NOT a fitted spatial correlation length -- see module docstring,results/raw/rbf_bootstrap/20260921T120409066391Z/manifest.json:params.best_epsilon
2,rep4,gp_mle,301.08272761839396,MLE-fitted sklearn RBF kernel length_scale converted to a practical range at the 0.05 correlation cutoff (factor=sqrt(2*ln(20))~=2.4477),results/raw/gp_mle/20260918T165244252935Z/manifest.json:params.fitted_hyperparameters.length_scale_m
2,rep4,rbf_bootstrap,426.4776210092457,CV-tuned gaussian RBF interpolation kernel shape parameter epsilon converted to an equivalent 0.05-cutoff distance (r=sqrt(-ln(0.05))/epsilon); NOT a fitted spatial correlation length -- see module docstring,results/raw/rbf_bootstrap/20260921T120414821442Z/manifest.json:params.best_epsilon
2,rep5,gp_mle,296.27656090300036,MLE-fitted sklearn RBF kernel length_scale converted to a practical range at the 0.05 correlation cutoff (factor=sqrt(2*ln(20))~=2.4477),results/raw/gp_mle/20260918T165250172327Z/manifest.json:params.fitted_hyperparameters.length_scale_m
2,rep5,rbf_bootstrap,274.2481756762073,CV-tuned gaussian RBF interpolation kernel shape parameter epsilon converted to an equivalent 0.05-cutoff distance (r=sqrt(-ln(0.05))/epsilon); NOT a fitted spatial correlation length -- see module docstring,results/raw/rbf_bootstrap/20260921T120414918938Z/manifest.json:params.best_epsilon
2,rep6,gp_mle,428.29341416288435,MLE-fitted sklearn RBF kernel length_scale converted to a practical range at the 0.05 correlation cutoff (factor=sqrt(2*ln(20))~=2.4477),results/raw/gp_mle/20260918T165300085564Z/manifest.json:params.fitted_hyperparameters.length_scale_m
2,rep6,rbf_bootstrap,827.0371084000278,CV-tuned gaussian RBF interpolation kernel shape parameter epsilon converted to an equivalent 0.05-cutoff distance (r=sqrt(-ln(0.05))/epsilon); NOT a fitted spatial correlation length -- see module docstring,results/raw/rbf_bootstrap/20260921T120415350770Z/manifest.json:params.best_epsilon
2,rep7,gp_mle,728.0076488826114,MLE-fitted sklearn RBF kernel length_scale converted to a practical range at the 0.05 correlation cutoff (factor=sqrt(2*ln(20))~=2.4477),results/raw/gp_mle/20260918T165310238001Z/manifest.json:params.fitted_hyperparameters.length_scale_m
2,rep7,rbf_bootstrap,274.2481756762073,CV-tuned gaussian RBF interpolation kernel shape parameter epsilon converted to an equivalent 0.05-cutoff distance (r=sqrt(-ln(0.05))/epsilon); NOT a fitted spatial correlation length -- see module docstring,results/raw/rbf_bootstrap/20260921T120415342407Z/manifest.json:params.best_epsilon
2,rep8,gp_mle,375.3913723075234,MLE-fitted sklearn RBF kernel length_scale converted to a practical range at the 0.05 correlation cutoff (factor=sqrt(2*ln(20))~=2.4477),results/raw/gp_mle/20260918T165326349020Z/manifest.json:params.fitted_hyperparameters.length_scale_m
2,rep8,rbf_bootstrap,531.829589694499,CV-tuned gaussian RBF interpolation kernel shape parameter epsilon converted to an equivalent 0.05-cutoff distance (r=sqrt(-ln(0.05))/epsilon); NOT a fitted spatial correlation length -- see module docstring,results/raw/rbf_bootstrap/20260921T120415301539Z/manifest.json:params.best_epsilon
2,rep9,gp_mle,243.9110597835494,MLE-fitted sklearn RBF kernel length_scale converted to a practical range at the 0.05 correlation cutoff (factor=sqrt(2*ln(20))~=2.4477),results/raw/gp_mle/20260918T165343006034Z/manifest.json:params.fitted_hyperparameters.length_scale_m
2,rep9,rbf_bootstrap,176.35640923840472,CV-tuned gaussian RBF interpolation kernel shape parameter epsilon converted to an equivalent 0.05-cutoff distance (r=sqrt(-ln(0.05))/epsilon); NOT a fitted spatial correlation length -- see module docstring,results/raw/rbf_bootstrap/20260921T120415374181Z/manifest.json:params.best_epsilon
1,rep0,gp_mle,144.60016792068575,MLE-fitted sklearn RBF kernel length_scale converted to a practical range at the 0.05 correlation cutoff (factor=sqrt(2*ln(20))~=2.4477),results/raw/gp_mle/20260918T165352338531Z/manifest.json:params.fitted_hyperparameters.length_scale_m
1,rep0,rbf_bootstrap,176.35640923840472,CV-tuned gaussian RBF interpolation kernel shape parameter epsilon converted to an equivalent 0.05-cutoff distance (r=sqrt(-ln(0.05))/epsilon); NOT a fitted spatial correlation length -- see module docstring,results/raw/rbf_bootstrap/20260921T120416037111Z/manifest.json:params.best_epsilon
1,rep1,gp_mle,217.76909860274714,MLE-fitted sklearn RBF kernel length_scale converted to a practical range at the 0.05 correlation cutoff (factor=sqrt(2*ln(20))~=2.4477),results/raw/gp_mle/20260918T165358490498Z/manifest.json:params.fitted_hyperparameters.length_scale_m
1,rep1,rbf_bootstrap,531.829589694499,CV-tuned gaussian RBF interpolation kernel shape parameter epsilon converted to an equivalent 0.05-cutoff distance (r=sqrt(-ln(0.05))/epsilon); NOT a fitted spatial correlation length -- see module docstring,results/raw/rbf_bootstrap/20260921T120416099624Z/manifest.json:params.best_epsilon
1,rep2,gp_mle,213.3162413012918,MLE-fitted sklearn RBF kernel length_scale converted to a practical range at the 0.05 correlation cutoff (factor=sqrt(2*ln(20))~=2.4477),results/raw/gp_mle/20260918T165406442112Z/manifest.json:params.fitted_hyperparameters.length_scale_m
1,rep2,rbf_bootstrap,219.9214030112556,CV-tuned gaussian RBF interpolation kernel shape parameter epsilon converted to an equivalent 0.05-cutoff distance (r=sqrt(-ln(0.05))/epsilon); NOT a fitted spatial correlation length -- see module docstring,results/raw/rbf_bootstrap/20260921T120415856593Z/manifest.json:params.best_epsilon
1,rep3,gp_mle,352.40422703104963,MLE-fitted sklearn RBF kernel length_scale converted to a practical range at the 0.05 correlation cutoff (factor=sqrt(2*ln(20))~=2.4477),results/raw/gp_mle/20260918T165414307239Z/manifest.json:params.fitted_hyperparameters.length_scale_m
1,rep3,rbf_bootstrap,531.829589694499,CV-tuned gaussian RBF interpolation kernel shape parameter epsilon converted to an equivalent 0.05-cutoff distance (r=sqrt(-ln(0.05))/epsilon); NOT a fitted spatial correlation length -- see module docstring,results/raw/rbf_bootstrap/20260921T120416138311Z/manifest.json:params.best_epsilon
1,rep4,gp_mle,225.89028339617104,MLE-fitted sklearn RBF kernel length_scale converted to a practical range at the 0.05 correlation cutoff (factor=sqrt(2*ln(20))~=2.4477),results/raw/gp_mle/20260918T165422689655Z/manifest.json:params.fitted_hyperparameters.length_scale_m
1,rep4,rbf_bootstrap,274.2481756762073,CV-tuned gaussian RBF interpolation kernel shape parameter epsilon converted to an equivalent 0.05-cutoff distance (r=sqrt(-ln(0.05))/epsilon); NOT a fitted spatial correlation length -- see module docstring,results/raw/rbf_bootstrap/20260921T120416110971Z/manifest.json:params.best_epsilon
1,rep5,gp_mle,166.72659952748512,MLE-fitted sklearn RBF kernel length_scale converted to a practical range at the 0.05 correlation cutoff (factor=sqrt(2*ln(20))~=2.4477),results/raw/gp_mle/20260918T165431081211Z/manifest.json:params.fitted_hyperparameters.length_scale_m
1,rep5,rbf_bootstrap,2000.0,CV-tuned gaussian RBF interpolation kernel shape parameter epsilon converted to an equivalent 0.05-cutoff distance (r=sqrt(-ln(0.05))/epsilon); NOT a fitted spatial correlation length -- see module docstring,results/raw/rbf_bootstrap/20260921T120416259045Z/manifest.json:params.best_epsilon
1,rep6,gp_mle,555.6871430867106,MLE-fitted sklearn RBF kernel length_scale converted to a practical range at the 0.05 correlation cutoff (factor=sqrt(2*ln(20))~=2.4477),results/raw/gp_mle/20260918T165438372738Z/manifest.json:params.fitted_hyperparameters.length_scale_m
1,rep6,rbf_bootstrap,1031.338537721246,CV-tuned gaussian RBF interpolation kernel shape parameter epsilon converted to an equivalent 0.05-cutoff distance (r=sqrt(-ln(0.05))/epsilon); NOT a fitted spatial correlation length -- see module docstring,results/raw/rbf_bootstrap/20260921T120420743777Z/manifest.json:params.best_epsilon
1,rep7,gp_mle,241.2744764923153,MLE-fitted sklearn RBF kernel length_scale converted to a practical range at the 0.05 correlation cutoff (factor=sqrt(2*ln(20))~=2.4477),results/raw/gp_mle/20260918T165448923604Z/manifest.json:params.fitted_hyperparameters.length_scale_m
1,rep7,rbf_bootstrap,531.829589694499,CV-tuned gaussian RBF interpolation kernel shape parameter epsilon converted to an equivalent 0.05-cutoff distance (r=sqrt(-ln(0.05))/epsilon); NOT a fitted spatial correlation length -- see module docstring,results/raw/rbf_bootstrap/20260921T120420805808Z/manifest.json:params.best_epsilon
1,rep8,gp_mle,739.9215132558131,MLE-fitted sklearn RBF kernel length_scale converted to a practical range at the 0.05 correlation cutoff (factor=sqrt(2*ln(20))~=2.4477),results/raw/gp_mle/20260918T165456040274Z/manifest.json:params.fitted_hyperparameters.length_scale_m
1,rep8,rbf_bootstrap,827.0371084000278,CV-tuned gaussian RBF interpolation kernel shape parameter epsilon converted to an equivalent 0.05-cutoff distance (r=sqrt(-ln(0.05))/epsilon); NOT a fitted spatial correlation length -- see module docstring,results/raw/rbf_bootstrap/20260921T120421048565Z/manifest.json:params.best_epsilon
1,rep9,gp_mle,374.1791323793309,MLE-fitted sklearn RBF kernel length_scale converted to a practical range at the 0.05 correlation cutoff (factor=sqrt(2*ln(20))~=2.4477),results/raw/gp_mle/20260918T165503941471Z/manifest.json:params.fitted_hyperparameters.length_scale_m
1,rep9,rbf_bootstrap,341.9951893353393,CV-tuned gaussian RBF interpolation kernel shape parameter epsilon converted to an equivalent 0.05-cutoff distance (r=sqrt(-ln(0.05))/epsilon); NOT a fitted spatial correlation length -- see module docstring,results/raw/rbf_bootstrap/20260921T120421036407Z/manifest.json:params.best_epsilon
