case,axis,axis_level,replicate,method,metric,value
sample_replicate_axis,sample_seed_replicate,20,rep0,gp_mle,mse,1.9385905154045249
sample_replicate_axis,sample_seed_replicate,20,rep0,gp_mle,umg,0.9583806454912793
sample_replicate_axis,sample_seed_replicate,20,rep0,gp_mle,variance_mean,1.7588446778799895
sample_replicate_axis,sample_seed_replicate,20,rep0,kriging,mse,1.8533165352586665
sample_replicate_axis,sample_seed_replicate,20,rep0,kriging,umg,0.9733479105928086
sample_replicate_axis,sample_seed_replicate,20,rep0,kriging,variance_mean,2.3221408494440197
sample_replicate_axis,sample_seed_replicate,20,rep0,rbf_bootstrap,mse,2.0618825472648625
sample_replicate_axis,sample_seed_replicate,20,rep0,rbf_bootstrap,umg,0.4697764820213799
sample_replicate_axis,sample_seed_replicate,20,rep0,rbf_bootstrap,variance_mean,0.29819115497120674
sample_replicate_axis,sample_seed_replicate,20,rep0,sgs,mse,2.0628360517905824
sample_replicate_axis,sample_seed_replicate,20,rep0,sgs,umg,0.9750703288834331
sample_replicate_axis,sample_seed_replicate,20,rep0,sgs,variance_mean,2.3191689827443853
sample_replicate_axis,sample_seed_replicate,20,rep1,gp_mle,mse,1.8528335581779876
sample_replicate_axis,sample_seed_replicate,20,rep1,gp_mle,umg,0.9716301703163017
sample_replicate_axis,sample_seed_replicate,20,rep1,gp_mle,variance_mean,1.7367022492577895
sample_replicate_axis,sample_seed_replicate,20,rep1,kriging,mse,1.8112801470324693
sample_replicate_axis,sample_seed_replicate,20,rep1,kriging,umg,0.9704866180048661
sample_replicate_axis,sample_seed_replicate,20,rep1,kriging,variance_mean,2.2144593584480265
sample_replicate_axis,sample_seed_replicate,20,rep1,rbf_bootstrap,mse,1.9909637592540423
sample_replicate_axis,sample_seed_replicate,20,rep1,rbf_bootstrap,umg,0.4759610705596107
sample_replicate_axis,sample_seed_replicate,20,rep1,rbf_bootstrap,variance_mean,0.3115241861460062
sample_replicate_axis,sample_seed_replicate,20,rep1,sgs,mse,2.0756182596322903
sample_replicate_axis,sample_seed_replicate,20,rep1,sgs,umg,0.975669099756691
sample_replicate_axis,sample_seed_replicate,20,rep1,sgs,variance_mean,2.216901214841479
sample_replicate_axis,sample_seed_replicate,20,rep2,gp_mle,mse,1.9575288487761728
sample_replicate_axis,sample_seed_replicate,20,rep2,gp_mle,umg,0.9922042526932867
sample_replicate_axis,sample_seed_replicate,20,rep2,gp_mle,variance_mean,1.9287455581546653
sample_replicate_axis,sample_seed_replicate,20,rep2,kriging,mse,1.8536938502955578
sample_replicate_axis,sample_seed_replicate,20,rep2,kriging,umg,0.9807458925770703
sample_replicate_axis,sample_seed_replicate,20,rep2,kriging,variance_mean,2.210855890944902
sample_replicate_axis,sample_seed_replicate,20,rep2,rbf_bootstrap,mse,2.0047023175132037
sample_replicate_axis,sample_seed_replicate,20,rep2,rbf_bootstrap,umg,0.4936980947728383
sample_replicate_axis,sample_seed_replicate,20,rep2,rbf_bootstrap,variance_mean,0.3187664780087139
sample_replicate_axis,sample_seed_replicate,20,rep2,sgs,mse,2.046554849386233
sample_replicate_axis,sample_seed_replicate,20,rep2,sgs,umg,0.9789165145398916
sample_replicate_axis,sample_seed_replicate,20,rep2,sgs,variance_mean,2.2460596949173897
sample_replicate_axis,sample_seed_replicate,20,rep3,gp_mle,mse,2.0553763961695295
sample_replicate_axis,sample_seed_replicate,20,rep3,gp_mle,umg,0.9907063577310624
sample_replicate_axis,sample_seed_replicate,20,rep3,gp_mle,variance_mean,1.9323451334676738
sample_replicate_axis,sample_seed_replicate,20,rep3,kriging,mse,1.8922137741555767
sample_replicate_axis,sample_seed_replicate,20,rep3,kriging,umg,0.9688289601554907
sample_replicate_axis,sample_seed_replicate,20,rep3,kriging,variance_mean,2.4280074472753936
sample_replicate_axis,sample_seed_replicate,20,rep3,rbf_bootstrap,mse,2.184374776344086
sample_replicate_axis,sample_seed_replicate,20,rep3,rbf_bootstrap,umg,0.47920310981535474
sample_replicate_axis,sample_seed_replicate,20,rep3,rbf_bootstrap,variance_mean,0.3340336486978219
sample_replicate_axis,sample_seed_replicate,20,rep3,sgs,mse,2.1037383693832448
sample_replicate_axis,sample_seed_replicate,20,rep3,sgs,umg,0.9923367091197381
sample_replicate_axis,sample_seed_replicate,20,rep3,sgs,variance_mean,2.433248187634879
sample_replicate_axis,sample_seed_replicate,20,rep4,gp_mle,mse,2.202482803076975
sample_replicate_axis,sample_seed_replicate,20,rep4,gp_mle,umg,0.9872992700729927
sample_replicate_axis,sample_seed_replicate,20,rep4,gp_mle,variance_mean,2.2057262661030594
sample_replicate_axis,sample_seed_replicate,20,rep4,kriging,mse,2.0424400806228507
sample_replicate_axis,sample_seed_replicate,20,rep4,kriging,umg,0.9708029197080291
sample_replicate_axis,sample_seed_replicate,20,rep4,kriging,variance_mean,2.3896118805601856
sample_replicate_axis,sample_seed_replicate,20,rep4,rbf_bootstrap,mse,2.310997965725005
sample_replicate_axis,sample_seed_replicate,20,rep4,rbf_bootstrap,umg,0.505352798053528
sample_replicate_axis,sample_seed_replicate,20,rep4,rbf_bootstrap,variance_mean,0.350539863837908
sample_replicate_axis,sample_seed_replicate,20,rep4,sgs,mse,2.1337608132663237
sample_replicate_axis,sample_seed_replicate,20,rep4,sgs,umg,0.9870137021385581
sample_replicate_axis,sample_seed_replicate,20,rep4,sgs,variance_mean,2.438478855290665
sample_replicate_axis,sample_seed_replicate,20,rep5,gp_mle,mse,1.7408021730093641
sample_replicate_axis,sample_seed_replicate,20,rep5,gp_mle,umg,0.9780226554673653
sample_replicate_axis,sample_seed_replicate,20,rep5,gp_mle,variance_mean,2.0442478072125922
sample_replicate_axis,sample_seed_replicate,20,rep5,kriging,mse,1.6522443604082842
sample_replicate_axis,sample_seed_replicate,20,rep5,kriging,umg,0.9667154709614446
sample_replicate_axis,sample_seed_replicate,20,rep5,kriging,variance_mean,2.148049617912642
sample_replicate_axis,sample_seed_replicate,20,rep5,rbf_bootstrap,mse,1.8296785031829608
sample_replicate_axis,sample_seed_replicate,20,rep5,rbf_bootstrap,umg,0.4594924353343095
sample_replicate_axis,sample_seed_replicate,20,rep5,rbf_bootstrap,variance_mean,0.3400645446092667
sample_replicate_axis,sample_seed_replicate,20,rep5,sgs,mse,1.8991423472849907
sample_replicate_axis,sample_seed_replicate,20,rep5,sgs,umg,0.9841565847268244
sample_replicate_axis,sample_seed_replicate,20,rep5,sgs,variance_mean,2.1339468901734553
sample_replicate_axis,sample_seed_replicate,20,rep6,gp_mle,mse,1.881127436366285
sample_replicate_axis,sample_seed_replicate,20,rep6,gp_mle,umg,0.9900665898322448
sample_replicate_axis,sample_seed_replicate,20,rep6,gp_mle,variance_mean,1.9322583983263084
sample_replicate_axis,sample_seed_replicate,20,rep6,kriging,mse,1.7761878968031408
sample_replicate_axis,sample_seed_replicate,20,rep6,kriging,umg,0.9872326802407478
sample_replicate_axis,sample_seed_replicate,20,rep6,kriging,variance_mean,2.0707115903030604
sample_replicate_axis,sample_seed_replicate,20,rep6,rbf_bootstrap,mse,2.0657747658954744
sample_replicate_axis,sample_seed_replicate,20,rep6,rbf_bootstrap,umg,0.4229197080291972
sample_replicate_axis,sample_seed_replicate,20,rep6,rbf_bootstrap,variance_mean,0.27699777020275707
sample_replicate_axis,sample_seed_replicate,20,rep6,sgs,mse,2.055613085720693
sample_replicate_axis,sample_seed_replicate,20,rep6,sgs,umg,0.9547560507107185
sample_replicate_axis,sample_seed_replicate,20,rep6,sgs,variance_mean,2.1350761796869397
sample_replicate_axis,sample_seed_replicate,20,rep7,gp_mle,mse,1.9837622211579369
sample_replicate_axis,sample_seed_replicate,20,rep7,gp_mle,umg,0.9919676975594844
sample_replicate_axis,sample_seed_replicate,20,rep7,gp_mle,variance_mean,1.9227592827550795
sample_replicate_axis,sample_seed_replicate,20,rep7,kriging,mse,1.9667759961913311
sample_replicate_axis,sample_seed_replicate,20,rep7,kriging,umg,0.9750968054211036
sample_replicate_axis,sample_seed_replicate,20,rep7,kriging,variance_mean,2.3028998172256188
sample_replicate_axis,sample_seed_replicate,20,rep7,rbf_bootstrap,mse,1.9730069746375303
sample_replicate_axis,sample_seed_replicate,20,rep7,rbf_bootstrap,umg,0.4768635043562439
sample_replicate_axis,sample_seed_replicate,20,rep7,rbf_bootstrap,variance_mean,0.31708268251530003
sample_replicate_axis,sample_seed_replicate,20,rep7,sgs,mse,2.1850187818015017
sample_replicate_axis,sample_seed_replicate,20,rep7,sgs,umg,0.977635400213991
sample_replicate_axis,sample_seed_replicate,20,rep7,sgs,variance_mean,2.3136900417796022
sample_replicate_axis,sample_seed_replicate,20,rep8,gp_mle,mse,1.785135419479002
sample_replicate_axis,sample_seed_replicate,20,rep8,gp_mle,umg,0.9864232113486842
sample_replicate_axis,sample_seed_replicate,20,rep8,gp_mle,variance_mean,1.9816576383024063
sample_replicate_axis,sample_seed_replicate,20,rep8,kriging,mse,1.6815651309927349
sample_replicate_axis,sample_seed_replicate,20,rep8,kriging,umg,0.9652652138157894
sample_replicate_axis,sample_seed_replicate,20,rep8,kriging,variance_mean,2.2256129168909813
sample_replicate_axis,sample_seed_replicate,20,rep8,rbf_bootstrap,mse,1.8561214923122682
sample_replicate_axis,sample_seed_replicate,20,rep8,rbf_bootstrap,umg,0.4375
sample_replicate_axis,sample_seed_replicate,20,rep8,rbf_bootstrap,variance_mean,0.24118756892028742
sample_replicate_axis,sample_seed_replicate,20,rep8,sgs,mse,1.8946442801986707
sample_replicate_axis,sample_seed_replicate,20,rep8,sgs,umg,0.9908010382401317
sample_replicate_axis,sample_seed_replicate,20,rep8,sgs,variance_mean,2.253174745702089
sample_replicate_axis,sample_seed_replicate,20,rep9,gp_mle,mse,1.9979731958788272
sample_replicate_axis,sample_seed_replicate,20,rep9,gp_mle,umg,0.982642613359337
sample_replicate_axis,sample_seed_replicate,20,rep9,gp_mle,variance_mean,1.8359262861623895
sample_replicate_axis,sample_seed_replicate,20,rep9,kriging,mse,1.9221855949533542
sample_replicate_axis,sample_seed_replicate,20,rep9,kriging,umg,0.9811799122379327
sample_replicate_axis,sample_seed_replicate,20,rep9,kriging,variance_mean,2.218420020226837
sample_replicate_axis,sample_seed_replicate,20,rep9,rbf_bootstrap,mse,2.0990461603932573
sample_replicate_axis,sample_seed_replicate,20,rep9,rbf_bootstrap,umg,0.4064846416382252
sample_replicate_axis,sample_seed_replicate,20,rep9,rbf_bootstrap,variance_mean,0.202758548916792
sample_replicate_axis,sample_seed_replicate,20,rep9,sgs,mse,2.124021904603407
sample_replicate_axis,sample_seed_replicate,20,rep9,sgs,umg,0.9684980369011266
sample_replicate_axis,sample_seed_replicate,20,rep9,sgs,variance_mean,2.2042591214597893
sample_replicate_axis,sample_seed_replicate,10,rep0,gp_mle,mse,2.354870789608601
sample_replicate_axis,sample_seed_replicate,10,rep0,gp_mle,umg,0.974637224710713
sample_replicate_axis,sample_seed_replicate,10,rep0,gp_mle,variance_mean,2.1997633248887998
sample_replicate_axis,sample_seed_replicate,10,rep0,kriging,mse,2.2649806312805456
sample_replicate_axis,sample_seed_replicate,10,rep0,kriging,umg,0.979720744680851
sample_replicate_axis,sample_seed_replicate,10,rep0,kriging,variance_mean,2.6015449683947294
sample_replicate_axis,sample_seed_replicate,10,rep0,rbf_bootstrap,mse,2.3569334537330113
sample_replicate_axis,sample_seed_replicate,10,rep0,rbf_bootstrap,umg,0.45833333333333337
sample_replicate_axis,sample_seed_replicate,10,rep0,rbf_bootstrap,variance_mean,0.3232867505738868
sample_replicate_axis,sample_seed_replicate,10,rep0,sgs,mse,2.490616181067357
sample_replicate_axis,sample_seed_replicate,10,rep0,sgs,umg,0.9559840425531916
sample_replicate_axis,sample_seed_replicate,10,rep0,sgs,variance_mean,2.5539034615872103
sample_replicate_axis,sample_seed_replicate,10,rep1,gp_mle,mse,2.6330385363804467
sample_replicate_axis,sample_seed_replicate,10,rep1,gp_mle,umg,0.9527863777089783
sample_replicate_axis,sample_seed_replicate,10,rep1,gp_mle,variance_mean,1.976566770069545
sample_replicate_axis,sample_seed_replicate,10,rep1,kriging,mse,2.628606664424582
sample_replicate_axis,sample_seed_replicate,10,rep1,kriging,umg,0.9717160548429898
sample_replicate_axis,sample_seed_replicate,10,rep1,kriging,variance_mean,2.89470729065556
sample_replicate_axis,sample_seed_replicate,10,rep1,rbf_bootstrap,mse,2.6574124038762355
sample_replicate_axis,sample_seed_replicate,10,rep1,rbf_bootstrap,umg,0.4768686421937196
sample_replicate_axis,sample_seed_replicate,10,rep1,rbf_bootstrap,variance_mean,0.3488830578722855
sample_replicate_axis,sample_seed_replicate,10,rep1,sgs,mse,2.80024012012402
sample_replicate_axis,sample_seed_replicate,10,rep1,sgs,umg,0.9886112339672711
sample_replicate_axis,sample_seed_replicate,10,rep1,sgs,variance_mean,2.988665587315203
sample_replicate_axis,sample_seed_replicate,10,rep2,gp_mle,mse,2.343976386524886
sample_replicate_axis,sample_seed_replicate,10,rep2,gp_mle,umg,0.9915847565934705
sample_replicate_axis,sample_seed_replicate,10,rep2,gp_mle,variance_mean,2.2522297109897798
sample_replicate_axis,sample_seed_replicate,10,rep2,kriging,mse,3.0614119562758746
sample_replicate_axis,sample_seed_replicate,10,rep2,kriging,umg,0.9770198675496689
sample_replicate_axis,sample_seed_replicate,10,rep2,kriging,variance_mean,2.9538430903660418
sample_replicate_axis,sample_seed_replicate,10,rep2,rbf_bootstrap,mse,2.24246366711411
sample_replicate_axis,sample_seed_replicate,10,rep2,rbf_bootstrap,umg,0.48286975717439296
sample_replicate_axis,sample_seed_replicate,10,rep2,rbf_bootstrap,variance_mean,0.378759392521652
sample_replicate_axis,sample_seed_replicate,10,rep2,sgs,mse,2.593684249413042
sample_replicate_axis,sample_seed_replicate,10,rep2,sgs,umg,0.9865621006157779
sample_replicate_axis,sample_seed_replicate,10,rep2,sgs,variance_mean,2.9343264698451526
sample_replicate_axis,sample_seed_replicate,10,rep3,gp_mle,mse,2.599476737016996
sample_replicate_axis,sample_seed_replicate,10,rep3,gp_mle,umg,0.9489221293444787
sample_replicate_axis,sample_seed_replicate,10,rep3,gp_mle,variance_mean,2.220291879638104
sample_replicate_axis,sample_seed_replicate,10,rep3,kriging,mse,2.558575193497955
sample_replicate_axis,sample_seed_replicate,10,rep3,kriging,umg,0.9944439298863084
sample_replicate_axis,sample_seed_replicate,10,rep3,kriging,variance_mean,2.665708979056397
sample_replicate_axis,sample_seed_replicate,10,rep3,rbf_bootstrap,mse,2.7803987843397064
sample_replicate_axis,sample_seed_replicate,10,rep3,rbf_bootstrap,umg,0.5165860096788386
sample_replicate_axis,sample_seed_replicate,10,rep3,rbf_bootstrap,variance_mean,0.4872924367701521
sample_replicate_axis,sample_seed_replicate,10,rep3,sgs,mse,2.779488143985543
sample_replicate_axis,sample_seed_replicate,10,rep3,sgs,umg,0.9375714914210296
sample_replicate_axis,sample_seed_replicate,10,rep3,sgs,variance_mean,2.6687469544794205
sample_replicate_axis,sample_seed_replicate,10,rep4,gp_mle,mse,2.2871533539024504
sample_replicate_axis,sample_seed_replicate,10,rep4,gp_mle,umg,0.9711793286219081
sample_replicate_axis,sample_seed_replicate,10,rep4,gp_mle,variance_mean,2.8012564002133216
sample_replicate_axis,sample_seed_replicate,10,rep4,kriging,mse,2.3241931262898747
sample_replicate_axis,sample_seed_replicate,10,rep4,kriging,umg,0.981095406360424
sample_replicate_axis,sample_seed_replicate,10,rep4,kriging,variance_mean,2.4643785685055017
sample_replicate_axis,sample_seed_replicate,10,rep4,rbf_bootstrap,mse,2.457434316832226
sample_replicate_axis,sample_seed_replicate,10,rep4,rbf_bootstrap,umg,0.46214664310954057
sample_replicate_axis,sample_seed_replicate,10,rep4,rbf_bootstrap,variance_mean,0.3603815805186467
sample_replicate_axis,sample_seed_replicate,10,rep4,sgs,mse,3.1696646015284156
sample_replicate_axis,sample_seed_replicate,10,rep4,sgs,umg,0.9861993211828157
sample_replicate_axis,sample_seed_replicate,10,rep4,sgs,variance_mean,12.728738026692657
sample_replicate_axis,sample_seed_replicate,10,rep5,gp_mle,mse,2.1594208301657054
sample_replicate_axis,sample_seed_replicate,10,rep5,gp_mle,umg,0.9926704188664325
sample_replicate_axis,sample_seed_replicate,10,rep5,gp_mle,variance_mean,2.2475729255270127
sample_replicate_axis,sample_seed_replicate,10,rep5,kriging,mse,2.006736130193619
sample_replicate_axis,sample_seed_replicate,10,rep5,kriging,umg,0.9627706584180291
sample_replicate_axis,sample_seed_replicate,10,rep5,kriging,variance_mean,2.6289531515190023
sample_replicate_axis,sample_seed_replicate,10,rep5,rbf_bootstrap,mse,2.1711330017466226
sample_replicate_axis,sample_seed_replicate,10,rep5,rbf_bootstrap,umg,0.5
sample_replicate_axis,sample_seed_replicate,10,rep5,rbf_bootstrap,variance_mean,0.39432527690804486
sample_replicate_axis,sample_seed_replicate,10,rep5,sgs,mse,2.2335338080895517
sample_replicate_axis,sample_seed_replicate,10,rep5,sgs,umg,0.9873979579970695
sample_replicate_axis,sample_seed_replicate,10,rep5,sgs,variance_mean,2.6691724069407066
sample_replicate_axis,sample_seed_replicate,10,rep6,gp_mle,mse,2.4071326987967883
sample_replicate_axis,sample_seed_replicate,10,rep6,gp_mle,umg,0.9892795703924121
sample_replicate_axis,sample_seed_replicate,10,rep6,gp_mle,variance_mean,2.545482810448662
sample_replicate_axis,sample_seed_replicate,10,rep6,kriging,mse,2.246727952792824
sample_replicate_axis,sample_seed_replicate,10,rep6,kriging,umg,0.9567137809187278
sample_replicate_axis,sample_seed_replicate,10,rep6,kriging,variance_mean,2.985165884391375
sample_replicate_axis,sample_seed_replicate,10,rep6,rbf_bootstrap,mse,2.837360357452119
sample_replicate_axis,sample_seed_replicate,10,rep6,rbf_bootstrap,umg,0.5341431095406359
sample_replicate_axis,sample_seed_replicate,10,rep6,rbf_bootstrap,variance_mean,0.5841839144110258
sample_replicate_axis,sample_seed_replicate,10,rep6,sgs,mse,2.5474771298205057
sample_replicate_axis,sample_seed_replicate,10,rep6,sgs,umg,0.9941626371582667
sample_replicate_axis,sample_seed_replicate,10,rep6,sgs,variance_mean,3.0795351956351853
sample_replicate_axis,sample_seed_replicate,10,rep7,gp_mle,mse,2.5880675553864116
sample_replicate_axis,sample_seed_replicate,10,rep7,gp_mle,umg,0.9136162687886826
sample_replicate_axis,sample_seed_replicate,10,rep7,gp_mle,variance_mean,1.9440335773609505
sample_replicate_axis,sample_seed_replicate,10,rep7,kriging,mse,2.52382990379282
sample_replicate_axis,sample_seed_replicate,10,rep7,kriging,umg,0.9706896551724138
sample_replicate_axis,sample_seed_replicate,10,rep7,kriging,variance_mean,2.3456027707328997
sample_replicate_axis,sample_seed_replicate,10,rep7,rbf_bootstrap,mse,2.6022270987535787
sample_replicate_axis,sample_seed_replicate,10,rep7,rbf_bootstrap,umg,0.4360300618921308
sample_replicate_axis,sample_seed_replicate,10,rep7,rbf_bootstrap,variance_mean,0.31667090628681926
sample_replicate_axis,sample_seed_replicate,10,rep7,sgs,mse,2.7154397694755343
sample_replicate_axis,sample_seed_replicate,10,rep7,sgs,umg,0.9286472148541114
sample_replicate_axis,sample_seed_replicate,10,rep7,sgs,variance_mean,2.4684605915399027
sample_replicate_axis,sample_seed_replicate,10,rep8,gp_mle,mse,2.18255072875211
sample_replicate_axis,sample_seed_replicate,10,rep8,gp_mle,umg,0.9902460334102188
sample_replicate_axis,sample_seed_replicate,10,rep8,gp_mle,variance_mean,2.290595859849293
sample_replicate_axis,sample_seed_replicate,10,rep8,kriging,mse,2.0961854001795457
sample_replicate_axis,sample_seed_replicate,10,rep8,kriging,umg,0.9727382866196035
sample_replicate_axis,sample_seed_replicate,10,rep8,kriging,variance_mean,2.6196848025494313
sample_replicate_axis,sample_seed_replicate,10,rep8,rbf_bootstrap,mse,2.249107340521828
sample_replicate_axis,sample_seed_replicate,10,rep8,rbf_bootstrap,umg,0.5335104028331121
sample_replicate_axis,sample_seed_replicate,10,rep8,rbf_bootstrap,variance_mean,0.459748702897797
sample_replicate_axis,sample_seed_replicate,10,rep8,sgs,mse,2.2963474420029963
sample_replicate_axis,sample_seed_replicate,10,rep8,sgs,umg,0.9842326600032618
sample_replicate_axis,sample_seed_replicate,10,rep8,sgs,variance_mean,2.6275508726888464
sample_replicate_axis,sample_seed_replicate,10,rep9,gp_mle,mse,2.064504566648921
sample_replicate_axis,sample_seed_replicate,10,rep9,gp_mle,umg,0.9734098939929329
sample_replicate_axis,sample_seed_replicate,10,rep9,gp_mle,variance_mean,2.581901392678158
sample_replicate_axis,sample_seed_replicate,10,rep9,kriging,mse,1.9597428305697238
sample_replicate_axis,sample_seed_replicate,10,rep9,kriging,umg,0.9561616607773851
sample_replicate_axis,sample_seed_replicate,10,rep9,kriging,variance_mean,2.7982203268416512
sample_replicate_axis,sample_seed_replicate,10,rep9,rbf_bootstrap,mse,2.052090974588377
sample_replicate_axis,sample_seed_replicate,10,rep9,rbf_bootstrap,umg,0.5606448763250884
sample_replicate_axis,sample_seed_replicate,10,rep9,rbf_bootstrap,variance_mean,0.49490817844885615
sample_replicate_axis,sample_seed_replicate,10,rep9,sgs,mse,2.1724743361000742
sample_replicate_axis,sample_seed_replicate,10,rep9,sgs,umg,0.986413195090199
sample_replicate_axis,sample_seed_replicate,10,rep9,sgs,variance_mean,2.8489518814454207
sample_replicate_axis,sample_seed_replicate,5,rep0,gp_mle,mse,3.0697541211651824
sample_replicate_axis,sample_seed_replicate,5,rep0,gp_mle,umg,0.9909409553295003
sample_replicate_axis,sample_seed_replicate,5,rep0,gp_mle,variance_mean,2.954899047502828
sample_replicate_axis,sample_seed_replicate,5,rep0,kriging,mse,3.126574292385451
sample_replicate_axis,sample_seed_replicate,5,rep0,kriging,umg,0.9787184873949579
sample_replicate_axis,sample_seed_replicate,5,rep0,kriging,variance_mean,3.543380317691473
sample_replicate_axis,sample_seed_replicate,5,rep0,rbf_bootstrap,mse,3.0624513491060696
sample_replicate_axis,sample_seed_replicate,5,rep0,rbf_bootstrap,umg,0.4812184873949581
sample_replicate_axis,sample_seed_replicate,5,rep0,rbf_bootstrap,variance_mean,0.5105816098821119
sample_replicate_axis,sample_seed_replicate,5,rep0,sgs,mse,3.5491346122370526
sample_replicate_axis,sample_seed_replicate,5,rep0,sgs,umg,0.9584873949579833
sample_replicate_axis,sample_seed_replicate,5,rep0,sgs,variance_mean,3.458395830821385
sample_replicate_axis,sample_seed_replicate,5,rep1,gp_mle,mse,2.845712765614011
sample_replicate_axis,sample_seed_replicate,5,rep1,gp_mle,umg,0.9807271963009667
sample_replicate_axis,sample_seed_replicate,5,rep1,gp_mle,variance_mean,3.2267957692536213
sample_replicate_axis,sample_seed_replicate,5,rep1,kriging,mse,2.9020701191553737
sample_replicate_axis,sample_seed_replicate,5,rep1,kriging,umg,0.9740359726554721
sample_replicate_axis,sample_seed_replicate,5,rep1,kriging,variance_mean,3.6198647238072517
sample_replicate_axis,sample_seed_replicate,5,rep1,rbf_bootstrap,mse,2.8794417402750914
sample_replicate_axis,sample_seed_replicate,5,rep1,rbf_bootstrap,umg,0.5173602353930222
sample_replicate_axis,sample_seed_replicate,5,rep1,rbf_bootstrap,variance_mean,0.5895041094890613
sample_replicate_axis,sample_seed_replicate,5,rep1,sgs,mse,3.1595101788083744
sample_replicate_axis,sample_seed_replicate,5,rep1,sgs,umg,0.9891396208048495
sample_replicate_axis,sample_seed_replicate,5,rep1,sgs,variance_mean,3.7188881531013362
sample_replicate_axis,sample_seed_replicate,5,rep2,gp_mle,mse,2.9341295524351385
sample_replicate_axis,sample_seed_replicate,5,rep2,gp_mle,umg,0.9794778929647351
sample_replicate_axis,sample_seed_replicate,5,rep2,gp_mle,variance_mean,2.6005882134501688
sample_replicate_axis,sample_seed_replicate,5,rep2,kriging,mse,2.997232131592231
sample_replicate_axis,sample_seed_replicate,5,rep2,kriging,umg,0.9689183501683502
sample_replicate_axis,sample_seed_replicate,5,rep2,kriging,variance_mean,3.645694803365585
sample_replicate_axis,sample_seed_replicate,5,rep2,rbf_bootstrap,mse,2.9634000403724277
sample_replicate_axis,sample_seed_replicate,5,rep2,rbf_bootstrap,umg,0.43274410774410765
sample_replicate_axis,sample_seed_replicate,5,rep2,rbf_bootstrap,variance_mean,0.33119500721837486
sample_replicate_axis,sample_seed_replicate,5,rep2,sgs,mse,3.366775977616986
sample_replicate_axis,sample_seed_replicate,5,rep2,sgs,umg,0.9855152401205033
sample_replicate_axis,sample_seed_replicate,5,rep2,sgs,variance_mean,3.7304497128681318
sample_replicate_axis,sample_seed_replicate,5,rep3,gp_mle,mse,3.0863437219074563
sample_replicate_axis,sample_seed_replicate,5,rep3,gp_mle,umg,0.9640454163162322
sample_replicate_axis,sample_seed_replicate,5,rep3,gp_mle,variance_mean,2.8752376141720273
sample_replicate_axis,sample_seed_replicate,5,rep3,kriging,mse,3.191383194764728
sample_replicate_axis,sample_seed_replicate,5,rep3,kriging,umg,0.9603658536585366
sample_replicate_axis,sample_seed_replicate,5,rep3,kriging,variance_mean,4.015570754952021
sample_replicate_axis,sample_seed_replicate,5,rep3,rbf_bootstrap,mse,3.248412480637988
sample_replicate_axis,sample_seed_replicate,5,rep3,rbf_bootstrap,umg,0.5984861227922624
sample_replicate_axis,sample_seed_replicate,5,rep3,rbf_bootstrap,variance_mean,0.7949119599926333
sample_replicate_axis,sample_seed_replicate,5,rep3,sgs,mse,3.490334239866662
sample_replicate_axis,sample_seed_replicate,5,rep3,sgs,umg,0.9882984374308353
sample_replicate_axis,sample_seed_replicate,5,rep3,sgs,variance_mean,4.024363826047477
sample_replicate_axis,sample_seed_replicate,5,rep4,gp_mle,mse,3.1264576664885233
sample_replicate_axis,sample_seed_replicate,5,rep4,gp_mle,umg,0.9625367492650148
sample_replicate_axis,sample_seed_replicate,5,rep4,gp_mle,variance_mean,2.929296711795809
sample_replicate_axis,sample_seed_replicate,5,rep4,kriging,mse,2.7866871374266045
sample_replicate_axis,sample_seed_replicate,5,rep4,kriging,umg,0.9888370653639559
sample_replicate_axis,sample_seed_replicate,5,rep4,kriging,variance_mean,3.3500505623415555
sample_replicate_axis,sample_seed_replicate,5,rep4,rbf_bootstrap,mse,3.183395565866039
sample_replicate_axis,sample_seed_replicate,5,rep4,rbf_bootstrap,umg,0.5679546409071818
sample_replicate_axis,sample_seed_replicate,5,rep4,rbf_bootstrap,variance_mean,0.783136291600502
sample_replicate_axis,sample_seed_replicate,5,rep4,sgs,mse,3.316621686694144
sample_replicate_axis,sample_seed_replicate,5,rep4,sgs,umg,0.9667786644267116
sample_replicate_axis,sample_seed_replicate,5,rep4,sgs,variance_mean,3.369327018584441
sample_replicate_axis,sample_seed_replicate,5,rep5,gp_mle,mse,3.2874201110513908
sample_replicate_axis,sample_seed_replicate,5,rep5,gp_mle,umg,0.9749579831932773
sample_replicate_axis,sample_seed_replicate,5,rep5,gp_mle,variance_mean,2.8256104222586673
sample_replicate_axis,sample_seed_replicate,5,rep5,kriging,mse,3.159669797063117
sample_replicate_axis,sample_seed_replicate,5,rep5,kriging,umg,0.9845665634674923
sample_replicate_axis,sample_seed_replicate,5,rep5,kriging,variance_mean,3.573958124170988
sample_replicate_axis,sample_seed_replicate,5,rep5,rbf_bootstrap,mse,3.4759622194053192
sample_replicate_axis,sample_seed_replicate,5,rep5,rbf_bootstrap,umg,0.5788655462184875
sample_replicate_axis,sample_seed_replicate,5,rep5,rbf_bootstrap,variance_mean,0.7601257580613662
sample_replicate_axis,sample_seed_replicate,5,rep5,sgs,mse,3.349337030622524
sample_replicate_axis,sample_seed_replicate,5,rep5,sgs,umg,0.9721284829721363
sample_replicate_axis,sample_seed_replicate,5,rep5,sgs,variance_mean,3.512478962914147
sample_replicate_axis,sample_seed_replicate,5,rep6,gp_mle,mse,3.0969389338189925
sample_replicate_axis,sample_seed_replicate,5,rep6,gp_mle,umg,0.9647330811265238
sample_replicate_axis,sample_seed_replicate,5,rep6,gp_mle,variance_mean,2.6780295054817222
sample_replicate_axis,sample_seed_replicate,5,rep6,kriging,mse,3.3048161819782953
sample_replicate_axis,sample_seed_replicate,5,rep6,kriging,umg,0.9829882082254817
sample_replicate_axis,sample_seed_replicate,5,rep6,kriging,variance_mean,3.0556609107020547
sample_replicate_axis,sample_seed_replicate,5,rep6,rbf_bootstrap,mse,3.228458019111309
sample_replicate_axis,sample_seed_replicate,5,rep6,rbf_bootstrap,umg,0.45931063472047085
sample_replicate_axis,sample_seed_replicate,5,rep6,rbf_bootstrap,variance_mean,0.47445116676237203
sample_replicate_axis,sample_seed_replicate,5,rep6,sgs,mse,3.2612491556956757
sample_replicate_axis,sample_seed_replicate,5,rep6,sgs,umg,0.9497721289352006
sample_replicate_axis,sample_seed_replicate,5,rep6,sgs,variance_mean,3.0821756876569624
sample_replicate_axis,sample_seed_replicate,5,rep7,gp_mle,mse,3.000063049245135
sample_replicate_axis,sample_seed_replicate,5,rep7,gp_mle,umg,0.9879093198992444
sample_replicate_axis,sample_seed_replicate,5,rep7,gp_mle,variance_mean,3.3329774329549675
sample_replicate_axis,sample_seed_replicate,5,rep7,kriging,mse,2.9824311633261913
sample_replicate_axis,sample_seed_replicate,5,rep7,kriging,umg,0.9903862300587741
sample_replicate_axis,sample_seed_replicate,5,rep7,kriging,variance_mean,3.446070815699383
sample_replicate_axis,sample_seed_replicate,5,rep7,rbf_bootstrap,mse,2.949907228581127
sample_replicate_axis,sample_seed_replicate,5,rep7,rbf_bootstrap,umg,0.5378253568429892
sample_replicate_axis,sample_seed_replicate,5,rep7,rbf_bootstrap,variance_mean,0.6980084959771873
sample_replicate_axis,sample_seed_replicate,5,rep7,sgs,mse,3.200933982291361
sample_replicate_axis,sample_seed_replicate,5,rep7,sgs,umg,0.9544920235096558
sample_replicate_axis,sample_seed_replicate,5,rep7,sgs,variance_mean,3.345432057330111
sample_replicate_axis,sample_seed_replicate,5,rep8,gp_mle,mse,2.7354643882294782
sample_replicate_axis,sample_seed_replicate,5,rep8,gp_mle,umg,0.9784595473551471
sample_replicate_axis,sample_seed_replicate,5,rep8,gp_mle,variance_mean,2.9543517861948967
sample_replicate_axis,sample_seed_replicate,5,rep8,kriging,mse,2.8240937971212907
sample_replicate_axis,sample_seed_replicate,5,rep8,kriging,umg,0.9663303909205548
sample_replicate_axis,sample_seed_replicate,5,rep8,kriging,variance_mean,3.7516744103869843
sample_replicate_axis,sample_seed_replicate,5,rep8,rbf_bootstrap,mse,2.7863135835162756
sample_replicate_axis,sample_seed_replicate,5,rep8,rbf_bootstrap,umg,0.5889029003783102
sample_replicate_axis,sample_seed_replicate,5,rep8,rbf_bootstrap,variance_mean,0.8957262201446453
sample_replicate_axis,sample_seed_replicate,5,rep8,sgs,mse,2.9518398029394657
sample_replicate_axis,sample_seed_replicate,5,rep8,sgs,umg,0.9895168248490078
sample_replicate_axis,sample_seed_replicate,5,rep8,sgs,variance_mean,3.6700560991238524
sample_replicate_axis,sample_seed_replicate,5,rep9,gp_mle,mse,2.6910652138232876
sample_replicate_axis,sample_seed_replicate,5,rep9,gp_mle,umg,0.98484409553295
sample_replicate_axis,sample_seed_replicate,5,rep9,gp_mle,variance_mean,2.9411137557821903
sample_replicate_axis,sample_seed_replicate,5,rep9,kriging,mse,2.7736584724188296
sample_replicate_axis,sample_seed_replicate,5,rep9,kriging,umg,0.9560084033613445
sample_replicate_axis,sample_seed_replicate,5,rep9,kriging,variance_mean,3.9446329898864234
sample_replicate_axis,sample_seed_replicate,5,rep9,rbf_bootstrap,mse,2.664033669020226
sample_replicate_axis,sample_seed_replicate,5,rep9,rbf_bootstrap,umg,0.5136554621848741
sample_replicate_axis,sample_seed_replicate,5,rep9,rbf_bootstrap,variance_mean,0.5617791699356015
sample_replicate_axis,sample_seed_replicate,5,rep9,sgs,mse,3.103467181198873
sample_replicate_axis,sample_seed_replicate,5,rep9,sgs,umg,0.9916519239274657
sample_replicate_axis,sample_seed_replicate,5,rep9,sgs,variance_mean,3.957651248283114
sample_replicate_axis,sample_seed_replicate,2,rep0,gp_mle,mse,3.6154255335772723
sample_replicate_axis,sample_seed_replicate,2,rep0,gp_mle,umg,0.9893910449042672
sample_replicate_axis,sample_seed_replicate,2,rep0,gp_mle,variance_mean,4.860608968345764
sample_replicate_axis,sample_seed_replicate,2,rep0,kriging,mse,3.4070796982188445
sample_replicate_axis,sample_seed_replicate,2,rep0,kriging,umg,0.9141924959216965
sample_replicate_axis,sample_seed_replicate,2,rep0,kriging,variance_mean,6.513694985895024
sample_replicate_axis,sample_seed_replicate,2,rep0,rbf_bootstrap,mse,3.4768601406685997
sample_replicate_axis,sample_seed_replicate,2,rep0,rbf_bootstrap,umg,0.647879282218597
sample_replicate_axis,sample_seed_replicate,2,rep0,rbf_bootstrap,variance_mean,1.424132772889557
sample_replicate_axis,sample_seed_replicate,2,rep0,sgs,mse,3.6533709195951727
sample_replicate_axis,sample_seed_replicate,2,rep0,sgs,umg,0.9513254486133769
sample_replicate_axis,sample_seed_replicate,2,rep0,sgs,variance_mean,6.20347093173251
sample_replicate_axis,sample_seed_replicate,2,rep1,gp_mle,mse,4.031106528199739
sample_replicate_axis,sample_seed_replicate,2,rep1,gp_mle,umg,0.9723845327604725
sample_replicate_axis,sample_seed_replicate,2,rep1,gp_mle,variance_mean,5.022843504575722
sample_replicate_axis,sample_seed_replicate,2,rep1,kriging,mse,4.434736145322962
sample_replicate_axis,sample_seed_replicate,2,rep1,kriging,umg,0.9308947368421052
sample_replicate_axis,sample_seed_replicate,2,rep1,kriging,variance_mean,7.0938306885251015
sample_replicate_axis,sample_seed_replicate,2,rep1,rbf_bootstrap,mse,4.329210685890862
sample_replicate_axis,sample_seed_replicate,2,rep1,rbf_bootstrap,umg,0.6450204081632653
sample_replicate_axis,sample_seed_replicate,2,rep1,rbf_bootstrap,variance_mean,1.6390280622475735
sample_replicate_axis,sample_seed_replicate,2,rep1,sgs,mse,4.507876763728082
sample_replicate_axis,sample_seed_replicate,2,rep1,sgs,umg,0.9711224489795918
sample_replicate_axis,sample_seed_replicate,2,rep1,sgs,variance_mean,6.693776344569753
sample_replicate_axis,sample_seed_replicate,2,rep2,gp_mle,mse,3.992587207522929
sample_replicate_axis,sample_seed_replicate,2,rep2,gp_mle,umg,0.9919828641370869
sample_replicate_axis,sample_seed_replicate,2,rep2,gp_mle,variance_mean,4.054623279289547
sample_replicate_axis,sample_seed_replicate,2,rep2,kriging,mse,4.17595123665381
sample_replicate_axis,sample_seed_replicate,2,rep2,kriging,umg,0.9709914320685434
sample_replicate_axis,sample_seed_replicate,2,rep2,kriging,variance_mean,5.657548878975181
sample_replicate_axis,sample_seed_replicate,2,rep2,rbf_bootstrap,mse,4.080892585940933
sample_replicate_axis,sample_seed_replicate,2,rep2,rbf_bootstrap,umg,0.43370053039575684
sample_replicate_axis,sample_seed_replicate,2,rep2,rbf_bootstrap,variance_mean,0.5527849914753055
sample_replicate_axis,sample_seed_replicate,2,rep2,sgs,mse,4.549480436787661
sample_replicate_axis,sample_seed_replicate,2,rep2,sgs,umg,0.9937780497756018
sample_replicate_axis,sample_seed_replicate,2,rep2,sgs,variance_mean,5.63997773988905
sample_replicate_axis,sample_seed_replicate,2,rep3,gp_mle,mse,4.96434156100625
sample_replicate_axis,sample_seed_replicate,2,rep3,gp_mle,umg,0.8037551020408163
sample_replicate_axis,sample_seed_replicate,2,rep3,gp_mle,variance_mean,3.8557888107096545
sample_replicate_axis,sample_seed_replicate,2,rep3,kriging,mse,4.150304864920833
sample_replicate_axis,sample_seed_replicate,2,rep3,kriging,umg,0.9908635875402793
sample_replicate_axis,sample_seed_replicate,2,rep3,kriging,variance_mean,5.141030538978716
sample_replicate_axis,sample_seed_replicate,2,rep3,rbf_bootstrap,mse,4.751188489553921
sample_replicate_axis,sample_seed_replicate,2,rep3,rbf_bootstrap,umg,0.5918775510204082
sample_replicate_axis,sample_seed_replicate,2,rep3,rbf_bootstrap,variance_mean,1.160369834976247
sample_replicate_axis,sample_seed_replicate,2,rep3,sgs,mse,4.618574906678915
sample_replicate_axis,sample_seed_replicate,2,rep3,sgs,umg,0.9616734693877551
sample_replicate_axis,sample_seed_replicate,2,rep3,sgs,variance_mean,4.7435029899348
sample_replicate_axis,sample_seed_replicate,2,rep4,gp_mle,mse,3.821220016802404
sample_replicate_axis,sample_seed_replicate,2,rep4,gp_mle,umg,0.994102817173386
sample_replicate_axis,sample_seed_replicate,2,rep4,gp_mle,variance_mean,3.9663580333851853
sample_replicate_axis,sample_seed_replicate,2,rep4,kriging,mse,3.915051000381666
sample_replicate_axis,sample_seed_replicate,2,rep4,kriging,umg,0.9431308601712189
sample_replicate_axis,sample_seed_replicate,2,rep4,kriging,variance_mean,6.115889341248794
sample_replicate_axis,sample_seed_replicate,2,rep4,rbf_bootstrap,mse,4.48099680675148
sample_replicate_axis,sample_seed_replicate,2,rep4,rbf_bootstrap,umg,0.5558499796167957
sample_replicate_axis,sample_seed_replicate,2,rep4,rbf_bootstrap,variance_mean,1.156765696289299
sample_replicate_axis,sample_seed_replicate,2,rep4,sgs,mse,4.424889170023437
sample_replicate_axis,sample_seed_replicate,2,rep4,sgs,umg,0.9812753449052718
sample_replicate_axis,sample_seed_replicate,2,rep4,sgs,variance_mean,6.086682098926774
sample_replicate_axis,sample_seed_replicate,2,rep5,gp_mle,mse,4.538262308352438
sample_replicate_axis,sample_seed_replicate,2,rep5,gp_mle,umg,0.9778399570354457
sample_replicate_axis,sample_seed_replicate,2,rep5,gp_mle,variance_mean,5.043058994194065
sample_replicate_axis,sample_seed_replicate,2,rep5,kriging,mse,4.923496132488349
sample_replicate_axis,sample_seed_replicate,2,rep5,kriging,umg,0.9670375939849625
sample_replicate_axis,sample_seed_replicate,2,rep5,kriging,variance_mean,4.945421386634185
sample_replicate_axis,sample_seed_replicate,2,rep5,rbf_bootstrap,mse,6.5516637337604084
sample_replicate_axis,sample_seed_replicate,2,rep5,rbf_bootstrap,umg,0.5958775510204082
sample_replicate_axis,sample_seed_replicate,2,rep5,rbf_bootstrap,variance_mean,1.6895047335749027
sample_replicate_axis,sample_seed_replicate,2,rep5,sgs,mse,5.1734331174049055
sample_replicate_axis,sample_seed_replicate,2,rep5,sgs,umg,0.9149387755102041
sample_replicate_axis,sample_seed_replicate,2,rep5,sgs,variance_mean,4.6650109896537915
sample_replicate_axis,sample_seed_replicate,2,rep6,gp_mle,mse,4.611637183324444
sample_replicate_axis,sample_seed_replicate,2,rep6,gp_mle,umg,0.8549387755102041
sample_replicate_axis,sample_seed_replicate,2,rep6,gp_mle,variance_mean,3.143049777338081
sample_replicate_axis,sample_seed_replicate,2,rep6,kriging,mse,4.914725142214635
sample_replicate_axis,sample_seed_replicate,2,rep6,kriging,umg,0.9224897959183673
sample_replicate_axis,sample_seed_replicate,2,rep6,kriging,variance_mean,4.331777600569515
sample_replicate_axis,sample_seed_replicate,2,rep6,rbf_bootstrap,mse,10.295421009872593
sample_replicate_axis,sample_seed_replicate,2,rep6,rbf_bootstrap,umg,0.5604081632653062
sample_replicate_axis,sample_seed_replicate,2,rep6,rbf_bootstrap,variance_mean,3.8012354173402203
sample_replicate_axis,sample_seed_replicate,2,rep6,sgs,mse,5.5799608194371055
sample_replicate_axis,sample_seed_replicate,2,rep6,sgs,umg,0.8566938775510204
sample_replicate_axis,sample_seed_replicate,2,rep6,sgs,variance_mean,4.165553007966405
sample_replicate_axis,sample_seed_replicate,2,rep7,gp_mle,mse,5.663047970504259
sample_replicate_axis,sample_seed_replicate,2,rep7,gp_mle,umg,0.8560408163265306
sample_replicate_axis,sample_seed_replicate,2,rep7,gp_mle,variance_mean,2.9079941522824826
sample_replicate_axis,sample_seed_replicate,2,rep7,kriging,mse,5.336133947832879
sample_replicate_axis,sample_seed_replicate,2,rep7,kriging,umg,0.8802857142857143
sample_replicate_axis,sample_seed_replicate,2,rep7,kriging,variance_mean,4.048741545010433
sample_replicate_axis,sample_seed_replicate,2,rep7,rbf_bootstrap,mse,4.632710287601827
sample_replicate_axis,sample_seed_replicate,2,rep7,rbf_bootstrap,umg,0.44922448979591845
sample_replicate_axis,sample_seed_replicate,2,rep7,rbf_bootstrap,variance_mean,0.6102624782635365
sample_replicate_axis,sample_seed_replicate,2,rep7,sgs,mse,5.360282920064795
sample_replicate_axis,sample_seed_replicate,2,rep7,sgs,umg,0.8320000000000001
sample_replicate_axis,sample_seed_replicate,2,rep7,sgs,variance_mean,3.7281264203498767
sample_replicate_axis,sample_seed_replicate,2,rep8,gp_mle,mse,3.5812656118298665
sample_replicate_axis,sample_seed_replicate,2,rep8,gp_mle,umg,0.933986128110975
sample_replicate_axis,sample_seed_replicate,2,rep8,gp_mle,variance_mean,5.22897310057931
sample_replicate_axis,sample_seed_replicate,2,rep8,kriging,mse,3.65127687199972
sample_replicate_axis,sample_seed_replicate,2,rep8,kriging,umg,0.9596491228070175
sample_replicate_axis,sample_seed_replicate,2,rep8,kriging,variance_mean,5.5744081176044356
sample_replicate_axis,sample_seed_replicate,2,rep8,rbf_bootstrap,mse,4.020789865753617
sample_replicate_axis,sample_seed_replicate,2,rep8,rbf_bootstrap,umg,0.4555691554467566
sample_replicate_axis,sample_seed_replicate,2,rep8,rbf_bootstrap,variance_mean,0.43876463830713786
sample_replicate_axis,sample_seed_replicate,2,rep8,sgs,mse,4.17188197341025
sample_replicate_axis,sample_seed_replicate,2,rep8,sgs,umg,0.9910852713178294
sample_replicate_axis,sample_seed_replicate,2,rep8,sgs,variance_mean,5.30642506458392
sample_replicate_axis,sample_seed_replicate,2,rep9,gp_mle,mse,4.746992708069203
sample_replicate_axis,sample_seed_replicate,2,rep9,gp_mle,umg,0.9911668706650347
sample_replicate_axis,sample_seed_replicate,2,rep9,gp_mle,variance_mean,4.840463894047533
sample_replicate_axis,sample_seed_replicate,2,rep9,kriging,mse,8.612879841980517
sample_replicate_axis,sample_seed_replicate,2,rep9,kriging,umg,0.9724398204814362
sample_replicate_axis,sample_seed_replicate,2,rep9,kriging,variance_mean,6.9573583387720745
sample_replicate_axis,sample_seed_replicate,2,rep9,rbf_bootstrap,mse,5.065567550123863
sample_replicate_axis,sample_seed_replicate,2,rep9,rbf_bootstrap,umg,0.40718074255405956
sample_replicate_axis,sample_seed_replicate,2,rep9,rbf_bootstrap,variance_mean,0.537500649356064
sample_replicate_axis,sample_seed_replicate,2,rep9,sgs,mse,5.66599446583457
sample_replicate_axis,sample_seed_replicate,2,rep9,sgs,umg,0.9786821705426356
sample_replicate_axis,sample_seed_replicate,2,rep9,sgs,variance_mean,7.160478561274722
sample_replicate_axis,sample_seed_replicate,1,rep0,gp_mle,mse,7.9154979099937695
sample_replicate_axis,sample_seed_replicate,1,rep0,gp_mle,umg,0.8461010101010101
sample_replicate_axis,sample_seed_replicate,1,rep0,gp_mle,variance_mean,5.393127436835179
sample_replicate_axis,sample_seed_replicate,1,rep0,kriging,mse,6.967980894078983
sample_replicate_axis,sample_seed_replicate,1,rep0,kriging,umg,0.8470707070707071
sample_replicate_axis,sample_seed_replicate,1,rep0,kriging,variance_mean,6.048388319153123
sample_replicate_axis,sample_seed_replicate,1,rep0,rbf_bootstrap,mse,7.386174985073001
sample_replicate_axis,sample_seed_replicate,1,rep0,rbf_bootstrap,umg,0.33644444444444443
sample_replicate_axis,sample_seed_replicate,1,rep0,rbf_bootstrap,variance_mean,0.5320022747880275
sample_replicate_axis,sample_seed_replicate,1,rep0,sgs,mse,7.9324524394205165
sample_replicate_axis,sample_seed_replicate,1,rep0,sgs,umg,0.868929292929293
sample_replicate_axis,sample_seed_replicate,1,rep0,sgs,variance_mean,6.321181878986967
sample_replicate_axis,sample_seed_replicate,1,rep1,gp_mle,mse,7.102857510132181
sample_replicate_axis,sample_seed_replicate,1,rep1,gp_mle,umg,0.8165252525252525
sample_replicate_axis,sample_seed_replicate,1,rep1,gp_mle,variance_mean,4.134496013560994
sample_replicate_axis,sample_seed_replicate,1,rep1,kriging,mse,8.91217037479844
sample_replicate_axis,sample_seed_replicate,1,rep1,kriging,umg,0.8161616161616162
sample_replicate_axis,sample_seed_replicate,1,rep1,kriging,variance_mean,5.896847624214917
sample_replicate_axis,sample_seed_replicate,1,rep1,rbf_bootstrap,mse,7.703008270113899
sample_replicate_axis,sample_seed_replicate,1,rep1,rbf_bootstrap,umg,0.8593939393939395
sample_replicate_axis,sample_seed_replicate,1,rep1,rbf_bootstrap,variance_mean,6.580643244013884
sample_replicate_axis,sample_seed_replicate,1,rep1,sgs,mse,7.605884661061417
sample_replicate_axis,sample_seed_replicate,1,rep1,sgs,umg,0.7447272727272727
sample_replicate_axis,sample_seed_replicate,1,rep1,sgs,variance_mean,4.238250770587534
sample_replicate_axis,sample_seed_replicate,1,rep2,gp_mle,mse,5.09225670612521
sample_replicate_axis,sample_seed_replicate,1,rep2,gp_mle,umg,0.9881281353626392
sample_replicate_axis,sample_seed_replicate,1,rep2,gp_mle,variance_mean,6.384242898453357
sample_replicate_axis,sample_seed_replicate,1,rep2,kriging,mse,5.100513701982914
sample_replicate_axis,sample_seed_replicate,1,rep2,kriging,umg,0.9266760904684975
sample_replicate_axis,sample_seed_replicate,1,rep2,kriging,variance_mean,9.001778344227704
sample_replicate_axis,sample_seed_replicate,1,rep2,rbf_bootstrap,mse,4.702010846883724
sample_replicate_axis,sample_seed_replicate,1,rep2,rbf_bootstrap,umg,0.5101777059773829
sample_replicate_axis,sample_seed_replicate,1,rep2,rbf_bootstrap,variance_mean,0.9833349223033023
sample_replicate_axis,sample_seed_replicate,1,rep2,sgs,mse,5.177887068792163
sample_replicate_axis,sample_seed_replicate,1,rep2,sgs,umg,0.9597536348949919
sample_replicate_axis,sample_seed_replicate,1,rep2,sgs,variance_mean,8.717272951551019
sample_replicate_axis,sample_seed_replicate,1,rep3,gp_mle,mse,4.709227844619971
sample_replicate_axis,sample_seed_replicate,1,rep3,gp_mle,umg,0.9871897926634768
sample_replicate_axis,sample_seed_replicate,1,rep3,gp_mle,variance_mean,4.577188013597372
sample_replicate_axis,sample_seed_replicate,1,rep3,kriging,mse,5.654046583642155
sample_replicate_axis,sample_seed_replicate,1,rep3,kriging,umg,0.9590590111642744
sample_replicate_axis,sample_seed_replicate,1,rep3,kriging,variance_mean,6.119251870187891
sample_replicate_axis,sample_seed_replicate,1,rep3,rbf_bootstrap,mse,5.7252769155514835
sample_replicate_axis,sample_seed_replicate,1,rep3,rbf_bootstrap,umg,0.6332121212121211
sample_replicate_axis,sample_seed_replicate,1,rep3,rbf_bootstrap,variance_mean,1.808825925199359
sample_replicate_axis,sample_seed_replicate,1,rep3,sgs,mse,5.390883356443546
sample_replicate_axis,sample_seed_replicate,1,rep3,sgs,umg,0.9166060606060606
sample_replicate_axis,sample_seed_replicate,1,rep3,sgs,variance_mean,5.352778687649123
sample_replicate_axis,sample_seed_replicate,1,rep4,gp_mle,mse,4.520799590249121
sample_replicate_axis,sample_seed_replicate,1,rep4,gp_mle,umg,0.9819149388623073
sample_replicate_axis,sample_seed_replicate,1,rep4,gp_mle,variance_mean,5.432758872403347
sample_replicate_axis,sample_seed_replicate,1,rep4,kriging,mse,5.060529054046247
sample_replicate_axis,sample_seed_replicate,1,rep4,kriging,umg,0.9867421584263689
sample_replicate_axis,sample_seed_replicate,1,rep4,kriging,variance_mean,6.6349980196219605
sample_replicate_axis,sample_seed_replicate,1,rep4,rbf_bootstrap,mse,4.371148272009675
sample_replicate_axis,sample_seed_replicate,1,rep4,rbf_bootstrap,umg,0.4800808080808081
sample_replicate_axis,sample_seed_replicate,1,rep4,rbf_bootstrap,variance_mean,0.906684176280022
sample_replicate_axis,sample_seed_replicate,1,rep4,sgs,mse,4.941714540043782
sample_replicate_axis,sample_seed_replicate,1,rep4,sgs,umg,0.9762243487506646
sample_replicate_axis,sample_seed_replicate,1,rep4,sgs,variance_mean,5.829563773661067
sample_replicate_axis,sample_seed_replicate,1,rep5,gp_mle,mse,7.045267459272349
sample_replicate_axis,sample_seed_replicate,1,rep5,gp_mle,umg,0.8160404040404041
sample_replicate_axis,sample_seed_replicate,1,rep5,gp_mle,variance_mean,3.9034928686345833
sample_replicate_axis,sample_seed_replicate,1,rep5,kriging,mse,6.654938794832791
sample_replicate_axis,sample_seed_replicate,1,rep5,kriging,umg,0.8730909090909091
sample_replicate_axis,sample_seed_replicate,1,rep5,kriging,variance_mean,5.042860995993854
sample_replicate_axis,sample_seed_replicate,1,rep5,rbf_bootstrap,mse,7.610957540153874
sample_replicate_axis,sample_seed_replicate,1,rep5,rbf_bootstrap,umg,0.39296969696969697
sample_replicate_axis,sample_seed_replicate,1,rep5,rbf_bootstrap,variance_mean,0.5667554022089896
sample_replicate_axis,sample_seed_replicate,1,rep5,sgs,mse,7.113367325807623
sample_replicate_axis,sample_seed_replicate,1,rep5,sgs,umg,0.8355555555555556
sample_replicate_axis,sample_seed_replicate,1,rep5,sgs,variance_mean,4.640186430462308
sample_replicate_axis,sample_seed_replicate,1,rep6,gp_mle,mse,5.641433994818743
sample_replicate_axis,sample_seed_replicate,1,rep6,gp_mle,umg,0.9687878787878788
sample_replicate_axis,sample_seed_replicate,1,rep6,gp_mle,variance_mean,6.943631035429661
sample_replicate_axis,sample_seed_replicate,1,rep6,kriging,mse,4.373941512397055
sample_replicate_axis,sample_seed_replicate,1,rep6,kriging,umg,0.9383232323232323
sample_replicate_axis,sample_seed_replicate,1,rep6,kriging,variance_mean,7.354298906465569
sample_replicate_axis,sample_seed_replicate,1,rep6,rbf_bootstrap,mse,6.288720642071875
sample_replicate_axis,sample_seed_replicate,1,rep6,rbf_bootstrap,umg,0.4115555555555557
sample_replicate_axis,sample_seed_replicate,1,rep6,rbf_bootstrap,variance_mean,0.5857694632291056
sample_replicate_axis,sample_seed_replicate,1,rep6,sgs,mse,5.844177608809436
sample_replicate_axis,sample_seed_replicate,1,rep6,sgs,umg,0.9882402977139819
sample_replicate_axis,sample_seed_replicate,1,rep6,sgs,variance_mean,7.325778732806201
sample_replicate_axis,sample_seed_replicate,1,rep7,gp_mle,mse,6.506522404311457
sample_replicate_axis,sample_seed_replicate,1,rep7,gp_mle,umg,0.8673263327948304
sample_replicate_axis,sample_seed_replicate,1,rep7,gp_mle,variance_mean,4.1645598193367865
sample_replicate_axis,sample_seed_replicate,1,rep7,kriging,mse,6.53788344243473
sample_replicate_axis,sample_seed_replicate,1,rep7,kriging,umg,0.9785073548167673
sample_replicate_axis,sample_seed_replicate,1,rep7,kriging,variance_mean,6.471260175056847
sample_replicate_axis,sample_seed_replicate,1,rep7,rbf_bootstrap,mse,6.801512890318291
sample_replicate_axis,sample_seed_replicate,1,rep7,rbf_bootstrap,umg,0.41320678513731823
sample_replicate_axis,sample_seed_replicate,1,rep7,rbf_bootstrap,variance_mean,0.636496415746517
sample_replicate_axis,sample_seed_replicate,1,rep7,sgs,mse,7.8900499122965515
sample_replicate_axis,sample_seed_replicate,1,rep7,sgs,umg,0.9308562197092085
sample_replicate_axis,sample_seed_replicate,1,rep7,sgs,variance_mean,6.487139544214214
sample_replicate_axis,sample_seed_replicate,1,rep8,gp_mle,mse,7.514346805328371
sample_replicate_axis,sample_seed_replicate,1,rep8,gp_mle,umg,0.7868282828282829
sample_replicate_axis,sample_seed_replicate,1,rep8,gp_mle,variance_mean,3.4407865141482725
sample_replicate_axis,sample_seed_replicate,1,rep8,kriging,mse,7.210570493712619
sample_replicate_axis,sample_seed_replicate,1,rep8,kriging,umg,0.9520520999468368
sample_replicate_axis,sample_seed_replicate,1,rep8,kriging,variance_mean,6.438182419778251
sample_replicate_axis,sample_seed_replicate,1,rep8,rbf_bootstrap,mse,7.637294804947417
sample_replicate_axis,sample_seed_replicate,1,rep8,rbf_bootstrap,umg,0.3210909090909091
sample_replicate_axis,sample_seed_replicate,1,rep8,rbf_bootstrap,variance_mean,0.4142370974105104
sample_replicate_axis,sample_seed_replicate,1,rep8,sgs,mse,8.33865962195602
sample_replicate_axis,sample_seed_replicate,1,rep8,sgs,umg,0.8821010101010102
sample_replicate_axis,sample_seed_replicate,1,rep8,sgs,variance_mean,6.071779550000329
sample_replicate_axis,sample_seed_replicate,1,rep9,gp_mle,mse,5.278121573377344
sample_replicate_axis,sample_seed_replicate,1,rep9,gp_mle,umg,0.9151919191919191
sample_replicate_axis,sample_seed_replicate,1,rep9,gp_mle,variance_mean,9.177265485802582
sample_replicate_axis,sample_seed_replicate,1,rep9,kriging,mse,8.857099877059797
sample_replicate_axis,sample_seed_replicate,1,rep9,kriging,umg,0.8419351408825093
sample_replicate_axis,sample_seed_replicate,1,rep9,kriging,variance_mean,14.349918245434898
sample_replicate_axis,sample_seed_replicate,1,rep9,rbf_bootstrap,mse,5.335853561749354
sample_replicate_axis,sample_seed_replicate,1,rep9,rbf_bootstrap,umg,0.6574949494949495
sample_replicate_axis,sample_seed_replicate,1,rep9,rbf_bootstrap,variance_mean,1.5071359653010084
sample_replicate_axis,sample_seed_replicate,1,rep9,sgs,mse,5.9285838173231316
sample_replicate_axis,sample_seed_replicate,1,rep9,sgs,umg,0.8897777777777778
sample_replicate_axis,sample_seed_replicate,1,rep9,sgs,variance_mean,14.345945967997109
