axis_level,method,metric,mean,std,min,max,n_replicates
20,kriging,mse,1.8451903366713966,0.12105138842960307,1.6522443604082842,2.0424400806228507,10
20,kriging,umg,0.9739702383715283,0.007090267660275059,0.9652652138157894,0.9872326802407478,10
20,kriging,variance_mean,2.2530769389231664,0.10853150256891213,2.0707115903030604,2.4280074472753936,10
20,sgs,mse,2.0580948743067937,0.09470163461380775,1.8946442801986707,2.1850187818015017,10
20,sgs,umg,0.9784853465231104,0.011213880484430871,0.9547560507107185,0.9923367091197381,10
20,sgs,variance_mean,2.2694003914230674,0.10753312989442596,2.1339468901734553,2.438478855290665,10
20,rbf_bootstrap,mse,2.037654926252269,0.14338897974356415,1.8296785031829608,2.310997965725005,10
20,rbf_bootstrap,umg,0.46272518445806876,0.03138823809131584,0.4064846416382252,0.505352798053528,10
20,rbf_bootstrap,variance_mean,0.29911464468260596,0.0465878837779425,0.202758548916792,0.350539863837908,10
20,gp_mle,mse,1.9395612567496605,0.13437884269713538,1.7408021730093641,2.202482803076975,10
20,gp_mle,umg,0.9829343463872039,0.010877646962136786,0.9583806454912793,0.9922042526932867,10
20,gp_mle,variance_mean,1.9279213297621953,0.1363310791008322,1.7367022492577895,2.2057262661030594,10
10,kriging,mse,2.3670989789297363,0.33460380189705957,1.9597428305697238,3.0614119562758746,10
10,kriging,umg,0.9723070045226401,0.011749079307648303,0.9561616607773851,0.9944439298863084,10
10,kriging,variance_mean,2.695780983301259,0.20992548012347245,2.3456027707328997,2.985165884391375,10
10,sgs,mse,2.579896578160704,0.3037101362921675,2.1724743361000742,3.1696646015284156,10
10,sgs,umg,0.9735781854842994,0.023738521744791668,0.9286472148541114,0.9941626371582667,10
10,sgs,variance_mean,3.7568051448169704,3.158653304389912,2.4684605915399027,12.728738026692657,10
10,rbf_bootstrap,mse,2.4406561398957813,0.26931508958393113,2.052090974588377,2.837360357452119,10
10,rbf_bootstrap,umg,0.4961132836080793,0.039693514414713346,0.4360300618921308,0.5606448763250884,10
10,rbf_bootstrap,variance_mean,0.4148440197209166,0.08782070863363221,0.31667090628681926,0.5841839144110258,10
10,gp_mle,mse,2.362019218318332,0.19740600458490518,2.064504566648921,2.6330385363804467,10
10,gp_mle,umg,0.9698332002430229,0.02520010517101361,0.9136162687886826,0.9926704188664325,10
10,gp_mle,variance_mean,2.305969465166363,0.2673891877003145,1.9440335773609505,2.8012564002133216,10
5,kriging,mse,3.0048616287232113,0.18511318358143491,2.7736584724188296,3.3048161819782953,10
5,kriging,umg,0.9751155525274922,0.011949623900145919,0.9560084033613445,0.9903862300587741,10
5,kriging,variance_mean,3.5946558413003715,0.27948981811399226,3.0556609107020547,4.015570754952021,10
5,sgs,mse,3.274920384797112,0.1795267007313445,2.9518398029394657,3.5491346122370526,10
5,sgs,umg,0.9745780741934349,0.01625873037900034,0.9497721289352006,0.9916519239274657,10
5,sgs,variance_mean,3.586921859673096,0.28986905572016636,3.0821756876569624,4.024363826047477,10
5,rbf_bootstrap,mse,3.044177589589187,0.2438983778868053,2.664033669020226,3.4759622194053192,10
5,rbf_bootstrap,umg,0.5276323494576665,0.057014339385797815,0.43274410774410765,0.5984861227922624,10
5,rbf_bootstrap,variance_mean,0.6399419789063856,0.17507495390089753,0.33119500721837486,0.8957262201446453,10
5,gp_mle,mse,2.9873349523778594,0.18627313353635136,2.6910652138232876,3.2874201110513908,10
5,gp_mle,umg,0.9768632237283592,0.010157222221055317,0.9625367492650148,0.9909409553295003,10
5,gp_mle,variance_mean,2.93189002588469,0.22052391113664171,2.6005882134501688,3.3329774329549675,10
2,kriging,mse,4.752163488201422,1.4839476993157568,3.4070796982188445,8.612879841980517,10
2,kriging,umg,0.9451975160021341,0.03346313340634368,0.8802857142857143,0.9908635875402793,10
2,kriging,variance_mean,5.637970142221346,1.0444774664985976,4.048741545010433,7.0938306885251015,10
2,sgs,mse,4.770574549296489,0.6526872405886048,3.6533709195951727,5.66599446583457,10
2,sgs,umg,0.9432574856583287,0.05714914480994801,0.8320000000000001,0.9937780497756018,10
2,sgs,variance_mean,5.4393004148881605,1.117107276640356,3.7281264203498767,7.160478561274722,10
2,rbf_bootstrap,mse,5.1685301155918095,1.9779090136147177,3.4768601406685997,10.295421009872593,10
2,rbf_bootstrap,umg,0.5342587853497271,0.09014075373006791,0.40718074255405956,0.647879282218597,10
2,rbf_bootstrap,variance_mean,1.3010349274719843,0.9964070557393622,0.43876463830713786,3.8012354173402203,10
2,gp_mle,mse,4.356588662918879,0.6668477897148056,3.5812656118298665,5.663047970504259,10
2,gp_mle,umg,0.936558890866422,0.07143953174233027,0.8037551020408163,0.994102817173386,10
2,gp_mle,variance_mean,4.292376251474734,0.8292230110667919,2.9079941522824826,5.22897310057931,10
1,kriging,mse,6.532967472898574,1.5412612191841415,4.373941512397055,8.91217037479844,10
1,kriging,umg,0.9119618320351719,0.06196812450489772,0.8161616161616162,0.9867421584263689,10
1,kriging,variance_mean,7.335778492013501,2.6767210882435815,5.042860995993854,14.349918245434898,10
1,sgs,mse,6.616366035195419,1.2906334854102972,4.941714540043782,8.33865962195602,10
1,sgs,umg,0.8992771470765817,0.07306207673029179,0.7447272727272727,0.9882402977139819,10
1,sgs,variance_mean,6.932987828791587,2.9028305155860084,4.238250770587534,14.345945967997109,10
1,rbf_bootstrap,mse,6.356195872887259,1.2653133697777532,4.371148272009675,7.703008270113899,10
1,rbf_bootstrap,umg,0.5015626915357125,0.16923354084213865,0.3210909090909091,0.8593939393939395,10
1,rbf_bootstrap,variance_mean,1.4521884886480725,1.8580984688766111,0.4142370974105104,6.580643244013884,10
1,gp_mle,mse,6.132633179822852,1.232869693079195,4.520799590249121,7.9154979099937695,10
1,gp_mle,umg,0.8974033947158,0.08011906619449012,0.7868282828282829,0.9881281353626392,10
1,gp_mle,variance_mean,5.355154895820213,1.7474794028707747,3.4407865141482725,9.177265485802582,10
20,gp_mle,length_scale_practical_range_m,187.0498030851764,12.700897969594822,168.1050759515077,207.94710751808867,10
20,rbf_bootstrap,length_scale_rbf_converted_m,151.90187213763807,16.875233822898892,141.4213562373095,176.35640923840472,10
10,gp_mle,length_scale_practical_range_m,208.0585164276227,23.791952714508856,170.86995427939823,259.71038478738933,10
10,rbf_bootstrap,length_scale_rbf_converted_m,183.13093735618116,31.967776280559825,113.40670909761656,219.9214030112556,10
5,gp_mle,length_scale_practical_range_m,235.01110581015365,26.033712502342837,179.0591674421537,270.64042777924607,10
5,rbf_bootstrap,length_scale_rbf_converted_m,231.86293543345604,32.190580749812746,176.35640923840472,274.2481756762073,10
2,gp_mle,length_scale_practical_range_m,335.09444726498424,156.22273398336537,183.20208742931544,728.0076488826114,10
2,rbf_bootstrap,length_scale_rbf_converted_m,387.81914374118935,197.08598913382733,176.35640923840472,827.0371084000278,10
1,gp_mle,length_scale_practical_range_m,323.17688829936003,190.587325450353,144.60016792068575,739.9215132558131,10
1,rbf_bootstrap,length_scale_rbf_converted_m,646.6385592465978,546.3416930833388,176.35640923840472,2000.0,10
