axis_level,replicate,method,n_realizations,lag_m,stat,value_semivariance,value_pct_of_model
1,all,truth,,287.5,value,8.092041237667942,90.1314538039159
1,rep0,sgs,10.0,287.5,min,6.835681061261668,76.13775729706568
1,rep0,sgs,10.0,287.5,median,8.361381749505934,93.13144492942395
1,rep0,sgs,10.0,287.5,max,12.9333983064616,144.05586399636715
1,rep1,sgs,10.0,287.5,min,4.099755965176336,45.66424645274191
1,rep1,sgs,10.0,287.5,median,6.125873585624776,68.23172001660342
1,rep1,sgs,10.0,287.5,max,10.729595704983298,119.50928464337622
1,rep2,sgs,10.0,287.5,min,8.549088513869469,95.22217618795497
1,rep2,sgs,10.0,287.5,median,11.118196472769313,123.83763037483784
1,rep2,sgs,10.0,287.5,max,13.84624695464158,154.22343152931666
1,rep3,sgs,10.0,287.5,min,6.242792909196688,69.53400065282321
1,rep3,sgs,10.0,287.5,median,7.652189646583279,85.23226184504601
1,rep3,sgs,10.0,287.5,max,10.572233738323149,117.75654236093449
1,rep4,sgs,10.0,287.5,min,6.13934679297183,68.38178842702364
1,rep4,sgs,10.0,287.5,median,7.9981098826221775,89.08521969074341
1,rep4,sgs,10.0,287.5,max,11.556265888542006,128.71697195886614
1,rep5,sgs,10.0,287.5,min,4.82448770845534,53.73651446535623
1,rep5,sgs,10.0,287.5,median,6.327619887430984,70.47882763102254
1,rep5,sgs,10.0,287.5,max,8.828959975612719,98.33946402476484
1,rep6,sgs,10.0,287.5,min,8.519236880626291,94.88968021770404
1,rep6,sgs,10.0,287.5,median,10.818042764023792,120.49443310985856
1,rep6,sgs,10.0,287.5,max,12.908126527246827,143.77437974116637
1,rep7,sgs,10.0,287.5,min,7.887300907221959,87.85099784806998
1,rep7,sgs,10.0,287.5,median,9.053006492530198,100.83495776934387
1,rep7,sgs,10.0,287.5,max,10.680854859672255,118.96639526373905
1,rep8,sgs,10.0,287.5,min,6.491488946927757,72.30404776178166
1,rep8,sgs,10.0,287.5,median,8.34311800674784,92.92801817487094
1,rep8,sgs,10.0,287.5,max,10.127795467645191,112.80626266193399
1,rep9,sgs,10.0,287.5,min,14.172332067880957,157.85546014321798
1,rep9,sgs,10.0,287.5,median,17.583552060091527,195.85059735429925
1,rep9,sgs,10.0,287.5,max,19.815903798997464,220.71516510918102
1,pooled,sgs,100.0,287.5,min,4.099755965176336,45.66424645274191
1,pooled,sgs,100.0,287.5,median,8.566028955956014,95.41086364375215
1,pooled,sgs,100.0,287.5,max,19.815903798997464,220.71516510918102
1,rep0,rbf_bootstrap,10.0,287.5,min,0.7487673495426465,8.339983422357461
1,rep0,rbf_bootstrap,10.0,287.5,median,1.5743872632233518,17.535972533622925
1,rep0,rbf_bootstrap,10.0,287.5,max,2.0119640329297304,22.409826885831258
1,rep1,rbf_bootstrap,10.0,287.5,min,5.445952540061397,60.6585662833722
1,rep1,rbf_bootstrap,10.0,287.5,median,8.167811048727728,90.97539948148818
1,rep1,rbf_bootstrap,10.0,287.5,max,13.787512550969513,153.56923105804037
1,rep2,rbf_bootstrap,10.0,287.5,min,1.9482746428120314,21.700436368087516
1,rep2,rbf_bootstrap,10.0,287.5,median,2.955423271717357,32.9183438717347
1,rep2,rbf_bootstrap,10.0,287.5,max,3.2332049183195606,36.01235475390336
1,rep3,rbf_bootstrap,10.0,287.5,min,1.7822286140121977,19.850968534875022
1,rep3,rbf_bootstrap,10.0,287.5,median,4.073889132948487,45.37613432806001
1,rep3,rbf_bootstrap,10.0,287.5,max,6.627349183575405,73.81729766789876
1,rep4,rbf_bootstrap,10.0,287.5,min,1.9739372104337467,21.986273335566086
1,rep4,rbf_bootstrap,10.0,287.5,median,3.264890295569168,36.36527548576257
1,rep4,rbf_bootstrap,10.0,287.5,max,5.09693284957917,56.77108583370243
1,rep5,rbf_bootstrap,10.0,287.5,min,0.09358165501583514,1.0423390549087876
1,rep5,rbf_bootstrap,10.0,287.5,median,0.4691579844342662,5.225614892313845
1,rep5,rbf_bootstrap,10.0,287.5,max,0.9028423538881469,10.056114584895472
1,rep6,rbf_bootstrap,10.0,287.5,min,0.49707756182726115,5.536591075715846
1,rep6,rbf_bootstrap,10.0,287.5,median,0.9351931905675107,10.41644739290331
1,rep6,rbf_bootstrap,10.0,287.5,max,1.0733993423054875,11.95582676764045
1,rep7,rbf_bootstrap,10.0,287.5,min,0.9047619277224371,10.07749534350594
1,rep7,rbf_bootstrap,10.0,287.5,median,1.7990411756840095,20.038231622289178
1,rep7,rbf_bootstrap,10.0,287.5,max,2.6640405637396114,29.672840504660304
1,rep8,rbf_bootstrap,10.0,287.5,min,1.0374432428193314,11.555337518435952
1,rep8,rbf_bootstrap,10.0,287.5,median,1.2512900394001323,13.937223880731919
1,rep8,rbf_bootstrap,10.0,287.5,max,1.7616632942637118,19.621906162053055
1,rep9,rbf_bootstrap,10.0,287.5,min,2.9587846548692656,32.955783912062614
1,rep9,rbf_bootstrap,10.0,287.5,median,5.639339427994592,62.81256437162926
1,rep9,rbf_bootstrap,10.0,287.5,max,6.330015441272842,70.50550999015674
1,pooled,rbf_bootstrap,100.0,287.5,min,0.09358165501583514,1.0423390549087876
1,pooled,rbf_bootstrap,100.0,287.5,median,2.1767533437223223,24.24529703691542
1,pooled,rbf_bootstrap,100.0,287.5,max,13.787512550969513,153.56923105804037
1,rep0,gp_mle,10.0,287.5,min,5.450842788134203,60.713035255454564
1,rep0,gp_mle,10.0,287.5,median,6.659824498944177,74.1790169549067
1,rep0,gp_mle,10.0,287.5,max,8.20393770542385,91.37778844534309
1,rep1,gp_mle,10.0,287.5,min,4.37934867673753,48.77842949084662
1,rep1,gp_mle,10.0,287.5,median,5.631972832311956,62.730513136476
1,rep1,gp_mle,10.0,287.5,max,6.759415529457225,75.28829014103272
1,rep2,gp_mle,10.0,287.5,min,7.583978117617,84.4725024603187
1,rep2,gp_mle,10.0,287.5,median,8.789319201680675,97.89793382497099
1,rep2,gp_mle,10.0,287.5,max,10.90413839165387,121.45339066538084
1,rep3,gp_mle,10.0,287.5,min,6.8285081853050515,76.05786376724585
1,rep3,gp_mle,10.0,287.5,median,8.519587403588446,94.8935844420206
1,rep3,gp_mle,10.0,287.5,max,9.875632003912399,109.99759437726549
1,rep4,gp_mle,10.0,287.5,min,7.6462834365700445,85.1664768002929
1,rep4,gp_mle,10.0,287.5,median,9.592581229442622,106.84489445224168
1,rep4,gp_mle,10.0,287.5,max,11.78388793345756,131.25229094989635
1,rep5,gp_mle,10.0,287.5,min,4.16766597385599,46.42064741887165
1,rep5,gp_mle,10.0,287.5,median,5.04923581764773,56.239822743976575
1,rep5,gp_mle,10.0,287.5,max,6.1679975827649205,68.70090906183466
1,rep6,gp_mle,10.0,287.5,min,6.385149942286454,71.11961372309106
1,rep6,gp_mle,10.0,287.5,median,7.007719836331548,78.05397404043981
1,rep6,gp_mle,10.0,287.5,max,8.277790762997807,92.20038477814715
1,rep7,gp_mle,10.0,287.5,min,4.764861542237216,53.07238128954184
1,rep7,gp_mle,10.0,287.5,median,6.616146309472095,73.69251687402274
1,rep7,gp_mle,10.0,287.5,max,8.062810282234308,89.8058711194077
1,rep8,gp_mle,10.0,287.5,min,3.6866986543698794,41.063496798375205
1,rep8,gp_mle,10.0,287.5,median,4.156679786759964,46.2982801464315
1,rep8,gp_mle,10.0,287.5,max,5.326540754227788,59.32852389451179
1,rep9,gp_mle,10.0,287.5,min,11.163418919602568,124.34133083284814
1,rep9,gp_mle,10.0,287.5,median,13.00892831366911,144.89713867051785
1,rep9,gp_mle,10.0,287.5,max,21.449807603701718,238.9140497871569
1,pooled,gp_mle,100.0,287.5,min,3.6866986543698794,41.063496798375205
1,pooled,gp_mle,100.0,287.5,median,7.183759751709207,80.01475662106336
1,pooled,gp_mle,100.0,287.5,max,21.449807603701718,238.9140497871569
