axis_level,replicate,method,variance_source_file,units,is_monte_carlo_backtransform_approximation,n_cells_averaged,variance_mean,note
20,rep0,kriging,kriging_var_map_physical_mc.npy,porosity %^2,True,2058,2.3221408494440197,"variance_mean is taken over this (level, replicate) cell's evaluated cells (its conditioning cells excluded). All four arrays are porosity %^2, but kriging's physical-unit variance is a Monte Carlo back-transform of its normal-score variance, whereas sgs/rbf_bootstrap/gp_mle variances are native physical-unit arrays."
20,rep0,sgs,sgs_var_map.npy,porosity %^2,False,2058,2.3191689827443853,"variance_mean is taken over this (level, replicate) cell's evaluated cells (its conditioning cells excluded). All four arrays are porosity %^2, but kriging's physical-unit variance is a Monte Carlo back-transform of its normal-score variance, whereas sgs/rbf_bootstrap/gp_mle variances are native physical-unit arrays."
20,rep0,rbf_bootstrap,bootstrap_var_map.npy,porosity %^2,False,2058,0.29819115497120674,"variance_mean is taken over this (level, replicate) cell's evaluated cells (its conditioning cells excluded). All four arrays are porosity %^2, but kriging's physical-unit variance is a Monte Carlo back-transform of its normal-score variance, whereas sgs/rbf_bootstrap/gp_mle variances are native physical-unit arrays."
20,rep0,gp_mle,posterior_var_map.npy,porosity %^2,False,2058,1.7588446778799895,"variance_mean is taken over this (level, replicate) cell's evaluated cells (its conditioning cells excluded). All four arrays are porosity %^2, but kriging's physical-unit variance is a Monte Carlo back-transform of its normal-score variance, whereas sgs/rbf_bootstrap/gp_mle variances are native physical-unit arrays."
20,rep1,kriging,kriging_var_map_physical_mc.npy,porosity %^2,True,2055,2.2144593584480265,"variance_mean is taken over this (level, replicate) cell's evaluated cells (its conditioning cells excluded). All four arrays are porosity %^2, but kriging's physical-unit variance is a Monte Carlo back-transform of its normal-score variance, whereas sgs/rbf_bootstrap/gp_mle variances are native physical-unit arrays."
20,rep1,sgs,sgs_var_map.npy,porosity %^2,False,2055,2.216901214841479,"variance_mean is taken over this (level, replicate) cell's evaluated cells (its conditioning cells excluded). All four arrays are porosity %^2, but kriging's physical-unit variance is a Monte Carlo back-transform of its normal-score variance, whereas sgs/rbf_bootstrap/gp_mle variances are native physical-unit arrays."
20,rep1,rbf_bootstrap,bootstrap_var_map.npy,porosity %^2,False,2055,0.3115241861460062,"variance_mean is taken over this (level, replicate) cell's evaluated cells (its conditioning cells excluded). All four arrays are porosity %^2, but kriging's physical-unit variance is a Monte Carlo back-transform of its normal-score variance, whereas sgs/rbf_bootstrap/gp_mle variances are native physical-unit arrays."
20,rep1,gp_mle,posterior_var_map.npy,porosity %^2,False,2055,1.7367022492577895,"variance_mean is taken over this (level, replicate) cell's evaluated cells (its conditioning cells excluded). All four arrays are porosity %^2, but kriging's physical-unit variance is a Monte Carlo back-transform of its normal-score variance, whereas sgs/rbf_bootstrap/gp_mle variances are native physical-unit arrays."
20,rep2,kriging,kriging_var_map_physical_mc.npy,porosity %^2,True,2047,2.210855890944902,"variance_mean is taken over this (level, replicate) cell's evaluated cells (its conditioning cells excluded). All four arrays are porosity %^2, but kriging's physical-unit variance is a Monte Carlo back-transform of its normal-score variance, whereas sgs/rbf_bootstrap/gp_mle variances are native physical-unit arrays."
20,rep2,sgs,sgs_var_map.npy,porosity %^2,False,2047,2.2460596949173897,"variance_mean is taken over this (level, replicate) cell's evaluated cells (its conditioning cells excluded). All four arrays are porosity %^2, but kriging's physical-unit variance is a Monte Carlo back-transform of its normal-score variance, whereas sgs/rbf_bootstrap/gp_mle variances are native physical-unit arrays."
20,rep2,rbf_bootstrap,bootstrap_var_map.npy,porosity %^2,False,2047,0.3187664780087139,"variance_mean is taken over this (level, replicate) cell's evaluated cells (its conditioning cells excluded). All four arrays are porosity %^2, but kriging's physical-unit variance is a Monte Carlo back-transform of its normal-score variance, whereas sgs/rbf_bootstrap/gp_mle variances are native physical-unit arrays."
20,rep2,gp_mle,posterior_var_map.npy,porosity %^2,False,2047,1.9287455581546653,"variance_mean is taken over this (level, replicate) cell's evaluated cells (its conditioning cells excluded). All four arrays are porosity %^2, but kriging's physical-unit variance is a Monte Carlo back-transform of its normal-score variance, whereas sgs/rbf_bootstrap/gp_mle variances are native physical-unit arrays."
20,rep3,kriging,kriging_var_map_physical_mc.npy,porosity %^2,True,2058,2.4280074472753936,"variance_mean is taken over this (level, replicate) cell's evaluated cells (its conditioning cells excluded). All four arrays are porosity %^2, but kriging's physical-unit variance is a Monte Carlo back-transform of its normal-score variance, whereas sgs/rbf_bootstrap/gp_mle variances are native physical-unit arrays."
20,rep3,sgs,sgs_var_map.npy,porosity %^2,False,2058,2.433248187634879,"variance_mean is taken over this (level, replicate) cell's evaluated cells (its conditioning cells excluded). All four arrays are porosity %^2, but kriging's physical-unit variance is a Monte Carlo back-transform of its normal-score variance, whereas sgs/rbf_bootstrap/gp_mle variances are native physical-unit arrays."
20,rep3,rbf_bootstrap,bootstrap_var_map.npy,porosity %^2,False,2058,0.3340336486978219,"variance_mean is taken over this (level, replicate) cell's evaluated cells (its conditioning cells excluded). All four arrays are porosity %^2, but kriging's physical-unit variance is a Monte Carlo back-transform of its normal-score variance, whereas sgs/rbf_bootstrap/gp_mle variances are native physical-unit arrays."
20,rep3,gp_mle,posterior_var_map.npy,porosity %^2,False,2058,1.9323451334676738,"variance_mean is taken over this (level, replicate) cell's evaluated cells (its conditioning cells excluded). All four arrays are porosity %^2, but kriging's physical-unit variance is a Monte Carlo back-transform of its normal-score variance, whereas sgs/rbf_bootstrap/gp_mle variances are native physical-unit arrays."
20,rep4,kriging,kriging_var_map_physical_mc.npy,porosity %^2,True,2055,2.3896118805601856,"variance_mean is taken over this (level, replicate) cell's evaluated cells (its conditioning cells excluded). All four arrays are porosity %^2, but kriging's physical-unit variance is a Monte Carlo back-transform of its normal-score variance, whereas sgs/rbf_bootstrap/gp_mle variances are native physical-unit arrays."
20,rep4,sgs,sgs_var_map.npy,porosity %^2,False,2055,2.438478855290665,"variance_mean is taken over this (level, replicate) cell's evaluated cells (its conditioning cells excluded). All four arrays are porosity %^2, but kriging's physical-unit variance is a Monte Carlo back-transform of its normal-score variance, whereas sgs/rbf_bootstrap/gp_mle variances are native physical-unit arrays."
20,rep4,rbf_bootstrap,bootstrap_var_map.npy,porosity %^2,False,2055,0.350539863837908,"variance_mean is taken over this (level, replicate) cell's evaluated cells (its conditioning cells excluded). All four arrays are porosity %^2, but kriging's physical-unit variance is a Monte Carlo back-transform of its normal-score variance, whereas sgs/rbf_bootstrap/gp_mle variances are native physical-unit arrays."
20,rep4,gp_mle,posterior_var_map.npy,porosity %^2,False,2055,2.2057262661030594,"variance_mean is taken over this (level, replicate) cell's evaluated cells (its conditioning cells excluded). All four arrays are porosity %^2, but kriging's physical-unit variance is a Monte Carlo back-transform of its normal-score variance, whereas sgs/rbf_bootstrap/gp_mle variances are native physical-unit arrays."
20,rep5,kriging,kriging_var_map_physical_mc.npy,porosity %^2,True,2049,2.148049617912642,"variance_mean is taken over this (level, replicate) cell's evaluated cells (its conditioning cells excluded). All four arrays are porosity %^2, but kriging's physical-unit variance is a Monte Carlo back-transform of its normal-score variance, whereas sgs/rbf_bootstrap/gp_mle variances are native physical-unit arrays."
20,rep5,sgs,sgs_var_map.npy,porosity %^2,False,2049,2.1339468901734553,"variance_mean is taken over this (level, replicate) cell's evaluated cells (its conditioning cells excluded). All four arrays are porosity %^2, but kriging's physical-unit variance is a Monte Carlo back-transform of its normal-score variance, whereas sgs/rbf_bootstrap/gp_mle variances are native physical-unit arrays."
20,rep5,rbf_bootstrap,bootstrap_var_map.npy,porosity %^2,False,2049,0.3400645446092667,"variance_mean is taken over this (level, replicate) cell's evaluated cells (its conditioning cells excluded). All four arrays are porosity %^2, but kriging's physical-unit variance is a Monte Carlo back-transform of its normal-score variance, whereas sgs/rbf_bootstrap/gp_mle variances are native physical-unit arrays."
20,rep5,gp_mle,posterior_var_map.npy,porosity %^2,False,2049,2.0442478072125922,"variance_mean is taken over this (level, replicate) cell's evaluated cells (its conditioning cells excluded). All four arrays are porosity %^2, but kriging's physical-unit variance is a Monte Carlo back-transform of its normal-score variance, whereas sgs/rbf_bootstrap/gp_mle variances are native physical-unit arrays."
20,rep6,kriging,kriging_var_map_physical_mc.npy,porosity %^2,True,2055,2.0707115903030604,"variance_mean is taken over this (level, replicate) cell's evaluated cells (its conditioning cells excluded). All four arrays are porosity %^2, but kriging's physical-unit variance is a Monte Carlo back-transform of its normal-score variance, whereas sgs/rbf_bootstrap/gp_mle variances are native physical-unit arrays."
20,rep6,sgs,sgs_var_map.npy,porosity %^2,False,2055,2.1350761796869397,"variance_mean is taken over this (level, replicate) cell's evaluated cells (its conditioning cells excluded). All four arrays are porosity %^2, but kriging's physical-unit variance is a Monte Carlo back-transform of its normal-score variance, whereas sgs/rbf_bootstrap/gp_mle variances are native physical-unit arrays."
20,rep6,rbf_bootstrap,bootstrap_var_map.npy,porosity %^2,False,2055,0.27699777020275707,"variance_mean is taken over this (level, replicate) cell's evaluated cells (its conditioning cells excluded). All four arrays are porosity %^2, but kriging's physical-unit variance is a Monte Carlo back-transform of its normal-score variance, whereas sgs/rbf_bootstrap/gp_mle variances are native physical-unit arrays."
20,rep6,gp_mle,posterior_var_map.npy,porosity %^2,False,2055,1.9322583983263084,"variance_mean is taken over this (level, replicate) cell's evaluated cells (its conditioning cells excluded). All four arrays are porosity %^2, but kriging's physical-unit variance is a Monte Carlo back-transform of its normal-score variance, whereas sgs/rbf_bootstrap/gp_mle variances are native physical-unit arrays."
20,rep7,kriging,kriging_var_map_physical_mc.npy,porosity %^2,True,2066,2.3028998172256188,"variance_mean is taken over this (level, replicate) cell's evaluated cells (its conditioning cells excluded). All four arrays are porosity %^2, but kriging's physical-unit variance is a Monte Carlo back-transform of its normal-score variance, whereas sgs/rbf_bootstrap/gp_mle variances are native physical-unit arrays."
20,rep7,sgs,sgs_var_map.npy,porosity %^2,False,2066,2.3136900417796022,"variance_mean is taken over this (level, replicate) cell's evaluated cells (its conditioning cells excluded). All four arrays are porosity %^2, but kriging's physical-unit variance is a Monte Carlo back-transform of its normal-score variance, whereas sgs/rbf_bootstrap/gp_mle variances are native physical-unit arrays."
20,rep7,rbf_bootstrap,bootstrap_var_map.npy,porosity %^2,False,2066,0.31708268251530003,"variance_mean is taken over this (level, replicate) cell's evaluated cells (its conditioning cells excluded). All four arrays are porosity %^2, but kriging's physical-unit variance is a Monte Carlo back-transform of its normal-score variance, whereas sgs/rbf_bootstrap/gp_mle variances are native physical-unit arrays."
20,rep7,gp_mle,posterior_var_map.npy,porosity %^2,False,2066,1.9227592827550795,"variance_mean is taken over this (level, replicate) cell's evaluated cells (its conditioning cells excluded). All four arrays are porosity %^2, but kriging's physical-unit variance is a Monte Carlo back-transform of its normal-score variance, whereas sgs/rbf_bootstrap/gp_mle variances are native physical-unit arrays."
20,rep8,kriging,kriging_var_map_physical_mc.npy,porosity %^2,True,2048,2.2256129168909813,"variance_mean is taken over this (level, replicate) cell's evaluated cells (its conditioning cells excluded). All four arrays are porosity %^2, but kriging's physical-unit variance is a Monte Carlo back-transform of its normal-score variance, whereas sgs/rbf_bootstrap/gp_mle variances are native physical-unit arrays."
20,rep8,sgs,sgs_var_map.npy,porosity %^2,False,2048,2.253174745702089,"variance_mean is taken over this (level, replicate) cell's evaluated cells (its conditioning cells excluded). All four arrays are porosity %^2, but kriging's physical-unit variance is a Monte Carlo back-transform of its normal-score variance, whereas sgs/rbf_bootstrap/gp_mle variances are native physical-unit arrays."
20,rep8,rbf_bootstrap,bootstrap_var_map.npy,porosity %^2,False,2048,0.24118756892028742,"variance_mean is taken over this (level, replicate) cell's evaluated cells (its conditioning cells excluded). All four arrays are porosity %^2, but kriging's physical-unit variance is a Monte Carlo back-transform of its normal-score variance, whereas sgs/rbf_bootstrap/gp_mle variances are native physical-unit arrays."
20,rep8,gp_mle,posterior_var_map.npy,porosity %^2,False,2048,1.9816576383024063,"variance_mean is taken over this (level, replicate) cell's evaluated cells (its conditioning cells excluded). All four arrays are porosity %^2, but kriging's physical-unit variance is a Monte Carlo back-transform of its normal-score variance, whereas sgs/rbf_bootstrap/gp_mle variances are native physical-unit arrays."
20,rep9,kriging,kriging_var_map_physical_mc.npy,porosity %^2,True,2051,2.218420020226837,"variance_mean is taken over this (level, replicate) cell's evaluated cells (its conditioning cells excluded). All four arrays are porosity %^2, but kriging's physical-unit variance is a Monte Carlo back-transform of its normal-score variance, whereas sgs/rbf_bootstrap/gp_mle variances are native physical-unit arrays."
20,rep9,sgs,sgs_var_map.npy,porosity %^2,False,2051,2.2042591214597893,"variance_mean is taken over this (level, replicate) cell's evaluated cells (its conditioning cells excluded). All four arrays are porosity %^2, but kriging's physical-unit variance is a Monte Carlo back-transform of its normal-score variance, whereas sgs/rbf_bootstrap/gp_mle variances are native physical-unit arrays."
20,rep9,rbf_bootstrap,bootstrap_var_map.npy,porosity %^2,False,2051,0.202758548916792,"variance_mean is taken over this (level, replicate) cell's evaluated cells (its conditioning cells excluded). All four arrays are porosity %^2, but kriging's physical-unit variance is a Monte Carlo back-transform of its normal-score variance, whereas sgs/rbf_bootstrap/gp_mle variances are native physical-unit arrays."
20,rep9,gp_mle,posterior_var_map.npy,porosity %^2,False,2051,1.8359262861623895,"variance_mean is taken over this (level, replicate) cell's evaluated cells (its conditioning cells excluded). All four arrays are porosity %^2, but kriging's physical-unit variance is a Monte Carlo back-transform of its normal-score variance, whereas sgs/rbf_bootstrap/gp_mle variances are native physical-unit arrays."
10,rep0,kriging,kriging_var_map_physical_mc.npy,porosity %^2,True,2256,2.6015449683947294,"variance_mean is taken over this (level, replicate) cell's evaluated cells (its conditioning cells excluded). All four arrays are porosity %^2, but kriging's physical-unit variance is a Monte Carlo back-transform of its normal-score variance, whereas sgs/rbf_bootstrap/gp_mle variances are native physical-unit arrays."
10,rep0,sgs,sgs_var_map.npy,porosity %^2,False,2256,2.5539034615872103,"variance_mean is taken over this (level, replicate) cell's evaluated cells (its conditioning cells excluded). All four arrays are porosity %^2, but kriging's physical-unit variance is a Monte Carlo back-transform of its normal-score variance, whereas sgs/rbf_bootstrap/gp_mle variances are native physical-unit arrays."
10,rep0,rbf_bootstrap,bootstrap_var_map.npy,porosity %^2,False,2256,0.3232867505738868,"variance_mean is taken over this (level, replicate) cell's evaluated cells (its conditioning cells excluded). All four arrays are porosity %^2, but kriging's physical-unit variance is a Monte Carlo back-transform of its normal-score variance, whereas sgs/rbf_bootstrap/gp_mle variances are native physical-unit arrays."
10,rep0,gp_mle,posterior_var_map.npy,porosity %^2,False,2256,2.1997633248887998,"variance_mean is taken over this (level, replicate) cell's evaluated cells (its conditioning cells excluded). All four arrays are porosity %^2, but kriging's physical-unit variance is a Monte Carlo back-transform of its normal-score variance, whereas sgs/rbf_bootstrap/gp_mle variances are native physical-unit arrays."
10,rep1,kriging,kriging_var_map_physical_mc.npy,porosity %^2,True,2261,2.89470729065556,"variance_mean is taken over this (level, replicate) cell's evaluated cells (its conditioning cells excluded). All four arrays are porosity %^2, but kriging's physical-unit variance is a Monte Carlo back-transform of its normal-score variance, whereas sgs/rbf_bootstrap/gp_mle variances are native physical-unit arrays."
10,rep1,sgs,sgs_var_map.npy,porosity %^2,False,2261,2.988665587315203,"variance_mean is taken over this (level, replicate) cell's evaluated cells (its conditioning cells excluded). All four arrays are porosity %^2, but kriging's physical-unit variance is a Monte Carlo back-transform of its normal-score variance, whereas sgs/rbf_bootstrap/gp_mle variances are native physical-unit arrays."
10,rep1,rbf_bootstrap,bootstrap_var_map.npy,porosity %^2,False,2261,0.3488830578722855,"variance_mean is taken over this (level, replicate) cell's evaluated cells (its conditioning cells excluded). All four arrays are porosity %^2, but kriging's physical-unit variance is a Monte Carlo back-transform of its normal-score variance, whereas sgs/rbf_bootstrap/gp_mle variances are native physical-unit arrays."
10,rep1,gp_mle,posterior_var_map.npy,porosity %^2,False,2261,1.976566770069545,"variance_mean is taken over this (level, replicate) cell's evaluated cells (its conditioning cells excluded). All four arrays are porosity %^2, but kriging's physical-unit variance is a Monte Carlo back-transform of its normal-score variance, whereas sgs/rbf_bootstrap/gp_mle variances are native physical-unit arrays."
10,rep2,kriging,kriging_var_map_physical_mc.npy,porosity %^2,True,2265,2.9538430903660418,"variance_mean is taken over this (level, replicate) cell's evaluated cells (its conditioning cells excluded). All four arrays are porosity %^2, but kriging's physical-unit variance is a Monte Carlo back-transform of its normal-score variance, whereas sgs/rbf_bootstrap/gp_mle variances are native physical-unit arrays."
10,rep2,sgs,sgs_var_map.npy,porosity %^2,False,2265,2.9343264698451526,"variance_mean is taken over this (level, replicate) cell's evaluated cells (its conditioning cells excluded). All four arrays are porosity %^2, but kriging's physical-unit variance is a Monte Carlo back-transform of its normal-score variance, whereas sgs/rbf_bootstrap/gp_mle variances are native physical-unit arrays."
10,rep2,rbf_bootstrap,bootstrap_var_map.npy,porosity %^2,False,2265,0.378759392521652,"variance_mean is taken over this (level, replicate) cell's evaluated cells (its conditioning cells excluded). All four arrays are porosity %^2, but kriging's physical-unit variance is a Monte Carlo back-transform of its normal-score variance, whereas sgs/rbf_bootstrap/gp_mle variances are native physical-unit arrays."
10,rep2,gp_mle,posterior_var_map.npy,porosity %^2,False,2265,2.2522297109897798,"variance_mean is taken over this (level, replicate) cell's evaluated cells (its conditioning cells excluded). All four arrays are porosity %^2, but kriging's physical-unit variance is a Monte Carlo back-transform of its normal-score variance, whereas sgs/rbf_bootstrap/gp_mle variances are native physical-unit arrays."
10,rep3,kriging,kriging_var_map_physical_mc.npy,porosity %^2,True,2273,2.665708979056397,"variance_mean is taken over this (level, replicate) cell's evaluated cells (its conditioning cells excluded). All four arrays are porosity %^2, but kriging's physical-unit variance is a Monte Carlo back-transform of its normal-score variance, whereas sgs/rbf_bootstrap/gp_mle variances are native physical-unit arrays."
10,rep3,sgs,sgs_var_map.npy,porosity %^2,False,2273,2.6687469544794205,"variance_mean is taken over this (level, replicate) cell's evaluated cells (its conditioning cells excluded). All four arrays are porosity %^2, but kriging's physical-unit variance is a Monte Carlo back-transform of its normal-score variance, whereas sgs/rbf_bootstrap/gp_mle variances are native physical-unit arrays."
10,rep3,rbf_bootstrap,bootstrap_var_map.npy,porosity %^2,False,2273,0.4872924367701521,"variance_mean is taken over this (level, replicate) cell's evaluated cells (its conditioning cells excluded). All four arrays are porosity %^2, but kriging's physical-unit variance is a Monte Carlo back-transform of its normal-score variance, whereas sgs/rbf_bootstrap/gp_mle variances are native physical-unit arrays."
10,rep3,gp_mle,posterior_var_map.npy,porosity %^2,False,2273,2.220291879638104,"variance_mean is taken over this (level, replicate) cell's evaluated cells (its conditioning cells excluded). All four arrays are porosity %^2, but kriging's physical-unit variance is a Monte Carlo back-transform of its normal-score variance, whereas sgs/rbf_bootstrap/gp_mle variances are native physical-unit arrays."
10,rep4,kriging,kriging_var_map_physical_mc.npy,porosity %^2,True,2264,2.4643785685055017,"variance_mean is taken over this (level, replicate) cell's evaluated cells (its conditioning cells excluded). All four arrays are porosity %^2, but kriging's physical-unit variance is a Monte Carlo back-transform of its normal-score variance, whereas sgs/rbf_bootstrap/gp_mle variances are native physical-unit arrays."
10,rep4,sgs,sgs_var_map.npy,porosity %^2,False,2264,12.728738026692657,"variance_mean is taken over this (level, replicate) cell's evaluated cells (its conditioning cells excluded). All four arrays are porosity %^2, but kriging's physical-unit variance is a Monte Carlo back-transform of its normal-score variance, whereas sgs/rbf_bootstrap/gp_mle variances are native physical-unit arrays."
10,rep4,rbf_bootstrap,bootstrap_var_map.npy,porosity %^2,False,2264,0.3603815805186467,"variance_mean is taken over this (level, replicate) cell's evaluated cells (its conditioning cells excluded). All four arrays are porosity %^2, but kriging's physical-unit variance is a Monte Carlo back-transform of its normal-score variance, whereas sgs/rbf_bootstrap/gp_mle variances are native physical-unit arrays."
10,rep4,gp_mle,posterior_var_map.npy,porosity %^2,False,2264,2.8012564002133216,"variance_mean is taken over this (level, replicate) cell's evaluated cells (its conditioning cells excluded). All four arrays are porosity %^2, but kriging's physical-unit variance is a Monte Carlo back-transform of its normal-score variance, whereas sgs/rbf_bootstrap/gp_mle variances are native physical-unit arrays."
10,rep5,kriging,kriging_var_map_physical_mc.npy,porosity %^2,True,2263,2.6289531515190023,"variance_mean is taken over this (level, replicate) cell's evaluated cells (its conditioning cells excluded). All four arrays are porosity %^2, but kriging's physical-unit variance is a Monte Carlo back-transform of its normal-score variance, whereas sgs/rbf_bootstrap/gp_mle variances are native physical-unit arrays."
10,rep5,sgs,sgs_var_map.npy,porosity %^2,False,2263,2.6691724069407066,"variance_mean is taken over this (level, replicate) cell's evaluated cells (its conditioning cells excluded). All four arrays are porosity %^2, but kriging's physical-unit variance is a Monte Carlo back-transform of its normal-score variance, whereas sgs/rbf_bootstrap/gp_mle variances are native physical-unit arrays."
10,rep5,rbf_bootstrap,bootstrap_var_map.npy,porosity %^2,False,2263,0.39432527690804486,"variance_mean is taken over this (level, replicate) cell's evaluated cells (its conditioning cells excluded). All four arrays are porosity %^2, but kriging's physical-unit variance is a Monte Carlo back-transform of its normal-score variance, whereas sgs/rbf_bootstrap/gp_mle variances are native physical-unit arrays."
10,rep5,gp_mle,posterior_var_map.npy,porosity %^2,False,2263,2.2475729255270127,"variance_mean is taken over this (level, replicate) cell's evaluated cells (its conditioning cells excluded). All four arrays are porosity %^2, but kriging's physical-unit variance is a Monte Carlo back-transform of its normal-score variance, whereas sgs/rbf_bootstrap/gp_mle variances are native physical-unit arrays."
10,rep6,kriging,kriging_var_map_physical_mc.npy,porosity %^2,True,2264,2.985165884391375,"variance_mean is taken over this (level, replicate) cell's evaluated cells (its conditioning cells excluded). All four arrays are porosity %^2, but kriging's physical-unit variance is a Monte Carlo back-transform of its normal-score variance, whereas sgs/rbf_bootstrap/gp_mle variances are native physical-unit arrays."
10,rep6,sgs,sgs_var_map.npy,porosity %^2,False,2264,3.0795351956351853,"variance_mean is taken over this (level, replicate) cell's evaluated cells (its conditioning cells excluded). All four arrays are porosity %^2, but kriging's physical-unit variance is a Monte Carlo back-transform of its normal-score variance, whereas sgs/rbf_bootstrap/gp_mle variances are native physical-unit arrays."
10,rep6,rbf_bootstrap,bootstrap_var_map.npy,porosity %^2,False,2264,0.5841839144110258,"variance_mean is taken over this (level, replicate) cell's evaluated cells (its conditioning cells excluded). All four arrays are porosity %^2, but kriging's physical-unit variance is a Monte Carlo back-transform of its normal-score variance, whereas sgs/rbf_bootstrap/gp_mle variances are native physical-unit arrays."
10,rep6,gp_mle,posterior_var_map.npy,porosity %^2,False,2264,2.545482810448662,"variance_mean is taken over this (level, replicate) cell's evaluated cells (its conditioning cells excluded). All four arrays are porosity %^2, but kriging's physical-unit variance is a Monte Carlo back-transform of its normal-score variance, whereas sgs/rbf_bootstrap/gp_mle variances are native physical-unit arrays."
10,rep7,kriging,kriging_var_map_physical_mc.npy,porosity %^2,True,2262,2.3456027707328997,"variance_mean is taken over this (level, replicate) cell's evaluated cells (its conditioning cells excluded). All four arrays are porosity %^2, but kriging's physical-unit variance is a Monte Carlo back-transform of its normal-score variance, whereas sgs/rbf_bootstrap/gp_mle variances are native physical-unit arrays."
10,rep7,sgs,sgs_var_map.npy,porosity %^2,False,2262,2.4684605915399027,"variance_mean is taken over this (level, replicate) cell's evaluated cells (its conditioning cells excluded). All four arrays are porosity %^2, but kriging's physical-unit variance is a Monte Carlo back-transform of its normal-score variance, whereas sgs/rbf_bootstrap/gp_mle variances are native physical-unit arrays."
10,rep7,rbf_bootstrap,bootstrap_var_map.npy,porosity %^2,False,2262,0.31667090628681926,"variance_mean is taken over this (level, replicate) cell's evaluated cells (its conditioning cells excluded). All four arrays are porosity %^2, but kriging's physical-unit variance is a Monte Carlo back-transform of its normal-score variance, whereas sgs/rbf_bootstrap/gp_mle variances are native physical-unit arrays."
10,rep7,gp_mle,posterior_var_map.npy,porosity %^2,False,2262,1.9440335773609505,"variance_mean is taken over this (level, replicate) cell's evaluated cells (its conditioning cells excluded). All four arrays are porosity %^2, but kriging's physical-unit variance is a Monte Carlo back-transform of its normal-score variance, whereas sgs/rbf_bootstrap/gp_mle variances are native physical-unit arrays."
10,rep8,kriging,kriging_var_map_physical_mc.npy,porosity %^2,True,2259,2.6196848025494313,"variance_mean is taken over this (level, replicate) cell's evaluated cells (its conditioning cells excluded). All four arrays are porosity %^2, but kriging's physical-unit variance is a Monte Carlo back-transform of its normal-score variance, whereas sgs/rbf_bootstrap/gp_mle variances are native physical-unit arrays."
10,rep8,sgs,sgs_var_map.npy,porosity %^2,False,2259,2.6275508726888464,"variance_mean is taken over this (level, replicate) cell's evaluated cells (its conditioning cells excluded). All four arrays are porosity %^2, but kriging's physical-unit variance is a Monte Carlo back-transform of its normal-score variance, whereas sgs/rbf_bootstrap/gp_mle variances are native physical-unit arrays."
10,rep8,rbf_bootstrap,bootstrap_var_map.npy,porosity %^2,False,2259,0.459748702897797,"variance_mean is taken over this (level, replicate) cell's evaluated cells (its conditioning cells excluded). All four arrays are porosity %^2, but kriging's physical-unit variance is a Monte Carlo back-transform of its normal-score variance, whereas sgs/rbf_bootstrap/gp_mle variances are native physical-unit arrays."
10,rep8,gp_mle,posterior_var_map.npy,porosity %^2,False,2259,2.290595859849293,"variance_mean is taken over this (level, replicate) cell's evaluated cells (its conditioning cells excluded). All four arrays are porosity %^2, but kriging's physical-unit variance is a Monte Carlo back-transform of its normal-score variance, whereas sgs/rbf_bootstrap/gp_mle variances are native physical-unit arrays."
10,rep9,kriging,kriging_var_map_physical_mc.npy,porosity %^2,True,2264,2.7982203268416512,"variance_mean is taken over this (level, replicate) cell's evaluated cells (its conditioning cells excluded). All four arrays are porosity %^2, but kriging's physical-unit variance is a Monte Carlo back-transform of its normal-score variance, whereas sgs/rbf_bootstrap/gp_mle variances are native physical-unit arrays."
10,rep9,sgs,sgs_var_map.npy,porosity %^2,False,2264,2.8489518814454207,"variance_mean is taken over this (level, replicate) cell's evaluated cells (its conditioning cells excluded). All four arrays are porosity %^2, but kriging's physical-unit variance is a Monte Carlo back-transform of its normal-score variance, whereas sgs/rbf_bootstrap/gp_mle variances are native physical-unit arrays."
10,rep9,rbf_bootstrap,bootstrap_var_map.npy,porosity %^2,False,2264,0.49490817844885615,"variance_mean is taken over this (level, replicate) cell's evaluated cells (its conditioning cells excluded). All four arrays are porosity %^2, but kriging's physical-unit variance is a Monte Carlo back-transform of its normal-score variance, whereas sgs/rbf_bootstrap/gp_mle variances are native physical-unit arrays."
10,rep9,gp_mle,posterior_var_map.npy,porosity %^2,False,2264,2.581901392678158,"variance_mean is taken over this (level, replicate) cell's evaluated cells (its conditioning cells excluded). All four arrays are porosity %^2, but kriging's physical-unit variance is a Monte Carlo back-transform of its normal-score variance, whereas sgs/rbf_bootstrap/gp_mle variances are native physical-unit arrays."
5,rep0,kriging,kriging_var_map_physical_mc.npy,porosity %^2,True,2380,3.543380317691473,"variance_mean is taken over this (level, replicate) cell's evaluated cells (its conditioning cells excluded). All four arrays are porosity %^2, but kriging's physical-unit variance is a Monte Carlo back-transform of its normal-score variance, whereas sgs/rbf_bootstrap/gp_mle variances are native physical-unit arrays."
5,rep0,sgs,sgs_var_map.npy,porosity %^2,False,2380,3.458395830821385,"variance_mean is taken over this (level, replicate) cell's evaluated cells (its conditioning cells excluded). All four arrays are porosity %^2, but kriging's physical-unit variance is a Monte Carlo back-transform of its normal-score variance, whereas sgs/rbf_bootstrap/gp_mle variances are native physical-unit arrays."
5,rep0,rbf_bootstrap,bootstrap_var_map.npy,porosity %^2,False,2380,0.5105816098821119,"variance_mean is taken over this (level, replicate) cell's evaluated cells (its conditioning cells excluded). All four arrays are porosity %^2, but kriging's physical-unit variance is a Monte Carlo back-transform of its normal-score variance, whereas sgs/rbf_bootstrap/gp_mle variances are native physical-unit arrays."
5,rep0,gp_mle,posterior_var_map.npy,porosity %^2,False,2380,2.954899047502828,"variance_mean is taken over this (level, replicate) cell's evaluated cells (its conditioning cells excluded). All four arrays are porosity %^2, but kriging's physical-unit variance is a Monte Carlo back-transform of its normal-score variance, whereas sgs/rbf_bootstrap/gp_mle variances are native physical-unit arrays."
5,rep1,kriging,kriging_var_map_physical_mc.npy,porosity %^2,True,2379,3.6198647238072517,"variance_mean is taken over this (level, replicate) cell's evaluated cells (its conditioning cells excluded). All four arrays are porosity %^2, but kriging's physical-unit variance is a Monte Carlo back-transform of its normal-score variance, whereas sgs/rbf_bootstrap/gp_mle variances are native physical-unit arrays."
5,rep1,sgs,sgs_var_map.npy,porosity %^2,False,2379,3.7188881531013362,"variance_mean is taken over this (level, replicate) cell's evaluated cells (its conditioning cells excluded). All four arrays are porosity %^2, but kriging's physical-unit variance is a Monte Carlo back-transform of its normal-score variance, whereas sgs/rbf_bootstrap/gp_mle variances are native physical-unit arrays."
5,rep1,rbf_bootstrap,bootstrap_var_map.npy,porosity %^2,False,2379,0.5895041094890613,"variance_mean is taken over this (level, replicate) cell's evaluated cells (its conditioning cells excluded). All four arrays are porosity %^2, but kriging's physical-unit variance is a Monte Carlo back-transform of its normal-score variance, whereas sgs/rbf_bootstrap/gp_mle variances are native physical-unit arrays."
5,rep1,gp_mle,posterior_var_map.npy,porosity %^2,False,2379,3.2267957692536213,"variance_mean is taken over this (level, replicate) cell's evaluated cells (its conditioning cells excluded). All four arrays are porosity %^2, but kriging's physical-unit variance is a Monte Carlo back-transform of its normal-score variance, whereas sgs/rbf_bootstrap/gp_mle variances are native physical-unit arrays."
5,rep2,kriging,kriging_var_map_physical_mc.npy,porosity %^2,True,2376,3.645694803365585,"variance_mean is taken over this (level, replicate) cell's evaluated cells (its conditioning cells excluded). All four arrays are porosity %^2, but kriging's physical-unit variance is a Monte Carlo back-transform of its normal-score variance, whereas sgs/rbf_bootstrap/gp_mle variances are native physical-unit arrays."
5,rep2,sgs,sgs_var_map.npy,porosity %^2,False,2376,3.7304497128681318,"variance_mean is taken over this (level, replicate) cell's evaluated cells (its conditioning cells excluded). All four arrays are porosity %^2, but kriging's physical-unit variance is a Monte Carlo back-transform of its normal-score variance, whereas sgs/rbf_bootstrap/gp_mle variances are native physical-unit arrays."
5,rep2,rbf_bootstrap,bootstrap_var_map.npy,porosity %^2,False,2376,0.33119500721837486,"variance_mean is taken over this (level, replicate) cell's evaluated cells (its conditioning cells excluded). All four arrays are porosity %^2, but kriging's physical-unit variance is a Monte Carlo back-transform of its normal-score variance, whereas sgs/rbf_bootstrap/gp_mle variances are native physical-unit arrays."
5,rep2,gp_mle,posterior_var_map.npy,porosity %^2,False,2376,2.6005882134501688,"variance_mean is taken over this (level, replicate) cell's evaluated cells (its conditioning cells excluded). All four arrays are porosity %^2, but kriging's physical-unit variance is a Monte Carlo back-transform of its normal-score variance, whereas sgs/rbf_bootstrap/gp_mle variances are native physical-unit arrays."
5,rep3,kriging,kriging_var_map_physical_mc.npy,porosity %^2,True,2378,4.015570754952021,"variance_mean is taken over this (level, replicate) cell's evaluated cells (its conditioning cells excluded). All four arrays are porosity %^2, but kriging's physical-unit variance is a Monte Carlo back-transform of its normal-score variance, whereas sgs/rbf_bootstrap/gp_mle variances are native physical-unit arrays."
5,rep3,sgs,sgs_var_map.npy,porosity %^2,False,2378,4.024363826047477,"variance_mean is taken over this (level, replicate) cell's evaluated cells (its conditioning cells excluded). All four arrays are porosity %^2, but kriging's physical-unit variance is a Monte Carlo back-transform of its normal-score variance, whereas sgs/rbf_bootstrap/gp_mle variances are native physical-unit arrays."
5,rep3,rbf_bootstrap,bootstrap_var_map.npy,porosity %^2,False,2378,0.7949119599926333,"variance_mean is taken over this (level, replicate) cell's evaluated cells (its conditioning cells excluded). All four arrays are porosity %^2, but kriging's physical-unit variance is a Monte Carlo back-transform of its normal-score variance, whereas sgs/rbf_bootstrap/gp_mle variances are native physical-unit arrays."
5,rep3,gp_mle,posterior_var_map.npy,porosity %^2,False,2378,2.8752376141720273,"variance_mean is taken over this (level, replicate) cell's evaluated cells (its conditioning cells excluded). All four arrays are porosity %^2, but kriging's physical-unit variance is a Monte Carlo back-transform of its normal-score variance, whereas sgs/rbf_bootstrap/gp_mle variances are native physical-unit arrays."
5,rep4,kriging,kriging_var_map_physical_mc.npy,porosity %^2,True,2381,3.3500505623415555,"variance_mean is taken over this (level, replicate) cell's evaluated cells (its conditioning cells excluded). All four arrays are porosity %^2, but kriging's physical-unit variance is a Monte Carlo back-transform of its normal-score variance, whereas sgs/rbf_bootstrap/gp_mle variances are native physical-unit arrays."
5,rep4,sgs,sgs_var_map.npy,porosity %^2,False,2381,3.369327018584441,"variance_mean is taken over this (level, replicate) cell's evaluated cells (its conditioning cells excluded). All four arrays are porosity %^2, but kriging's physical-unit variance is a Monte Carlo back-transform of its normal-score variance, whereas sgs/rbf_bootstrap/gp_mle variances are native physical-unit arrays."
5,rep4,rbf_bootstrap,bootstrap_var_map.npy,porosity %^2,False,2381,0.783136291600502,"variance_mean is taken over this (level, replicate) cell's evaluated cells (its conditioning cells excluded). All four arrays are porosity %^2, but kriging's physical-unit variance is a Monte Carlo back-transform of its normal-score variance, whereas sgs/rbf_bootstrap/gp_mle variances are native physical-unit arrays."
5,rep4,gp_mle,posterior_var_map.npy,porosity %^2,False,2381,2.929296711795809,"variance_mean is taken over this (level, replicate) cell's evaluated cells (its conditioning cells excluded). All four arrays are porosity %^2, but kriging's physical-unit variance is a Monte Carlo back-transform of its normal-score variance, whereas sgs/rbf_bootstrap/gp_mle variances are native physical-unit arrays."
5,rep5,kriging,kriging_var_map_physical_mc.npy,porosity %^2,True,2380,3.573958124170988,"variance_mean is taken over this (level, replicate) cell's evaluated cells (its conditioning cells excluded). All four arrays are porosity %^2, but kriging's physical-unit variance is a Monte Carlo back-transform of its normal-score variance, whereas sgs/rbf_bootstrap/gp_mle variances are native physical-unit arrays."
5,rep5,sgs,sgs_var_map.npy,porosity %^2,False,2380,3.512478962914147,"variance_mean is taken over this (level, replicate) cell's evaluated cells (its conditioning cells excluded). All four arrays are porosity %^2, but kriging's physical-unit variance is a Monte Carlo back-transform of its normal-score variance, whereas sgs/rbf_bootstrap/gp_mle variances are native physical-unit arrays."
5,rep5,rbf_bootstrap,bootstrap_var_map.npy,porosity %^2,False,2380,0.7601257580613662,"variance_mean is taken over this (level, replicate) cell's evaluated cells (its conditioning cells excluded). All four arrays are porosity %^2, but kriging's physical-unit variance is a Monte Carlo back-transform of its normal-score variance, whereas sgs/rbf_bootstrap/gp_mle variances are native physical-unit arrays."
5,rep5,gp_mle,posterior_var_map.npy,porosity %^2,False,2380,2.8256104222586673,"variance_mean is taken over this (level, replicate) cell's evaluated cells (its conditioning cells excluded). All four arrays are porosity %^2, but kriging's physical-unit variance is a Monte Carlo back-transform of its normal-score variance, whereas sgs/rbf_bootstrap/gp_mle variances are native physical-unit arrays."
5,rep6,kriging,kriging_var_map_physical_mc.npy,porosity %^2,True,2379,3.0556609107020547,"variance_mean is taken over this (level, replicate) cell's evaluated cells (its conditioning cells excluded). All four arrays are porosity %^2, but kriging's physical-unit variance is a Monte Carlo back-transform of its normal-score variance, whereas sgs/rbf_bootstrap/gp_mle variances are native physical-unit arrays."
5,rep6,sgs,sgs_var_map.npy,porosity %^2,False,2379,3.0821756876569624,"variance_mean is taken over this (level, replicate) cell's evaluated cells (its conditioning cells excluded). All four arrays are porosity %^2, but kriging's physical-unit variance is a Monte Carlo back-transform of its normal-score variance, whereas sgs/rbf_bootstrap/gp_mle variances are native physical-unit arrays."
5,rep6,rbf_bootstrap,bootstrap_var_map.npy,porosity %^2,False,2379,0.47445116676237203,"variance_mean is taken over this (level, replicate) cell's evaluated cells (its conditioning cells excluded). All four arrays are porosity %^2, but kriging's physical-unit variance is a Monte Carlo back-transform of its normal-score variance, whereas sgs/rbf_bootstrap/gp_mle variances are native physical-unit arrays."
5,rep6,gp_mle,posterior_var_map.npy,porosity %^2,False,2379,2.6780295054817222,"variance_mean is taken over this (level, replicate) cell's evaluated cells (its conditioning cells excluded). All four arrays are porosity %^2, but kriging's physical-unit variance is a Monte Carlo back-transform of its normal-score variance, whereas sgs/rbf_bootstrap/gp_mle variances are native physical-unit arrays."
5,rep7,kriging,kriging_var_map_physical_mc.npy,porosity %^2,True,2382,3.446070815699383,"variance_mean is taken over this (level, replicate) cell's evaluated cells (its conditioning cells excluded). All four arrays are porosity %^2, but kriging's physical-unit variance is a Monte Carlo back-transform of its normal-score variance, whereas sgs/rbf_bootstrap/gp_mle variances are native physical-unit arrays."
5,rep7,sgs,sgs_var_map.npy,porosity %^2,False,2382,3.345432057330111,"variance_mean is taken over this (level, replicate) cell's evaluated cells (its conditioning cells excluded). All four arrays are porosity %^2, but kriging's physical-unit variance is a Monte Carlo back-transform of its normal-score variance, whereas sgs/rbf_bootstrap/gp_mle variances are native physical-unit arrays."
5,rep7,rbf_bootstrap,bootstrap_var_map.npy,porosity %^2,False,2382,0.6980084959771873,"variance_mean is taken over this (level, replicate) cell's evaluated cells (its conditioning cells excluded). All four arrays are porosity %^2, but kriging's physical-unit variance is a Monte Carlo back-transform of its normal-score variance, whereas sgs/rbf_bootstrap/gp_mle variances are native physical-unit arrays."
5,rep7,gp_mle,posterior_var_map.npy,porosity %^2,False,2382,3.3329774329549675,"variance_mean is taken over this (level, replicate) cell's evaluated cells (its conditioning cells excluded). All four arrays are porosity %^2, but kriging's physical-unit variance is a Monte Carlo back-transform of its normal-score variance, whereas sgs/rbf_bootstrap/gp_mle variances are native physical-unit arrays."
5,rep8,kriging,kriging_var_map_physical_mc.npy,porosity %^2,True,2379,3.7516744103869843,"variance_mean is taken over this (level, replicate) cell's evaluated cells (its conditioning cells excluded). All four arrays are porosity %^2, but kriging's physical-unit variance is a Monte Carlo back-transform of its normal-score variance, whereas sgs/rbf_bootstrap/gp_mle variances are native physical-unit arrays."
5,rep8,sgs,sgs_var_map.npy,porosity %^2,False,2379,3.6700560991238524,"variance_mean is taken over this (level, replicate) cell's evaluated cells (its conditioning cells excluded). All four arrays are porosity %^2, but kriging's physical-unit variance is a Monte Carlo back-transform of its normal-score variance, whereas sgs/rbf_bootstrap/gp_mle variances are native physical-unit arrays."
5,rep8,rbf_bootstrap,bootstrap_var_map.npy,porosity %^2,False,2379,0.8957262201446453,"variance_mean is taken over this (level, replicate) cell's evaluated cells (its conditioning cells excluded). All four arrays are porosity %^2, but kriging's physical-unit variance is a Monte Carlo back-transform of its normal-score variance, whereas sgs/rbf_bootstrap/gp_mle variances are native physical-unit arrays."
5,rep8,gp_mle,posterior_var_map.npy,porosity %^2,False,2379,2.9543517861948967,"variance_mean is taken over this (level, replicate) cell's evaluated cells (its conditioning cells excluded). All four arrays are porosity %^2, but kriging's physical-unit variance is a Monte Carlo back-transform of its normal-score variance, whereas sgs/rbf_bootstrap/gp_mle variances are native physical-unit arrays."
5,rep9,kriging,kriging_var_map_physical_mc.npy,porosity %^2,True,2380,3.9446329898864234,"variance_mean is taken over this (level, replicate) cell's evaluated cells (its conditioning cells excluded). All four arrays are porosity %^2, but kriging's physical-unit variance is a Monte Carlo back-transform of its normal-score variance, whereas sgs/rbf_bootstrap/gp_mle variances are native physical-unit arrays."
5,rep9,sgs,sgs_var_map.npy,porosity %^2,False,2380,3.957651248283114,"variance_mean is taken over this (level, replicate) cell's evaluated cells (its conditioning cells excluded). All four arrays are porosity %^2, but kriging's physical-unit variance is a Monte Carlo back-transform of its normal-score variance, whereas sgs/rbf_bootstrap/gp_mle variances are native physical-unit arrays."
5,rep9,rbf_bootstrap,bootstrap_var_map.npy,porosity %^2,False,2380,0.5617791699356015,"variance_mean is taken over this (level, replicate) cell's evaluated cells (its conditioning cells excluded). All four arrays are porosity %^2, but kriging's physical-unit variance is a Monte Carlo back-transform of its normal-score variance, whereas sgs/rbf_bootstrap/gp_mle variances are native physical-unit arrays."
5,rep9,gp_mle,posterior_var_map.npy,porosity %^2,False,2380,2.9411137557821903,"variance_mean is taken over this (level, replicate) cell's evaluated cells (its conditioning cells excluded). All four arrays are porosity %^2, but kriging's physical-unit variance is a Monte Carlo back-transform of its normal-score variance, whereas sgs/rbf_bootstrap/gp_mle variances are native physical-unit arrays."
2,rep0,kriging,kriging_var_map_physical_mc.npy,porosity %^2,True,2452,6.513694985895024,"variance_mean is taken over this (level, replicate) cell's evaluated cells (its conditioning cells excluded). All four arrays are porosity %^2, but kriging's physical-unit variance is a Monte Carlo back-transform of its normal-score variance, whereas sgs/rbf_bootstrap/gp_mle variances are native physical-unit arrays."
2,rep0,sgs,sgs_var_map.npy,porosity %^2,False,2452,6.20347093173251,"variance_mean is taken over this (level, replicate) cell's evaluated cells (its conditioning cells excluded). All four arrays are porosity %^2, but kriging's physical-unit variance is a Monte Carlo back-transform of its normal-score variance, whereas sgs/rbf_bootstrap/gp_mle variances are native physical-unit arrays."
2,rep0,rbf_bootstrap,bootstrap_var_map.npy,porosity %^2,False,2452,1.424132772889557,"variance_mean is taken over this (level, replicate) cell's evaluated cells (its conditioning cells excluded). All four arrays are porosity %^2, but kriging's physical-unit variance is a Monte Carlo back-transform of its normal-score variance, whereas sgs/rbf_bootstrap/gp_mle variances are native physical-unit arrays."
2,rep0,gp_mle,posterior_var_map.npy,porosity %^2,False,2452,4.860608968345764,"variance_mean is taken over this (level, replicate) cell's evaluated cells (its conditioning cells excluded). All four arrays are porosity %^2, but kriging's physical-unit variance is a Monte Carlo back-transform of its normal-score variance, whereas sgs/rbf_bootstrap/gp_mle variances are native physical-unit arrays."
2,rep1,kriging,kriging_var_map_physical_mc.npy,porosity %^2,True,2450,7.0938306885251015,"variance_mean is taken over this (level, replicate) cell's evaluated cells (its conditioning cells excluded). All four arrays are porosity %^2, but kriging's physical-unit variance is a Monte Carlo back-transform of its normal-score variance, whereas sgs/rbf_bootstrap/gp_mle variances are native physical-unit arrays."
2,rep1,sgs,sgs_var_map.npy,porosity %^2,False,2450,6.693776344569753,"variance_mean is taken over this (level, replicate) cell's evaluated cells (its conditioning cells excluded). All four arrays are porosity %^2, but kriging's physical-unit variance is a Monte Carlo back-transform of its normal-score variance, whereas sgs/rbf_bootstrap/gp_mle variances are native physical-unit arrays."
2,rep1,rbf_bootstrap,bootstrap_var_map.npy,porosity %^2,False,2450,1.6390280622475735,"variance_mean is taken over this (level, replicate) cell's evaluated cells (its conditioning cells excluded). All four arrays are porosity %^2, but kriging's physical-unit variance is a Monte Carlo back-transform of its normal-score variance, whereas sgs/rbf_bootstrap/gp_mle variances are native physical-unit arrays."
2,rep1,gp_mle,posterior_var_map.npy,porosity %^2,False,2450,5.022843504575722,"variance_mean is taken over this (level, replicate) cell's evaluated cells (its conditioning cells excluded). All four arrays are porosity %^2, but kriging's physical-unit variance is a Monte Carlo back-transform of its normal-score variance, whereas sgs/rbf_bootstrap/gp_mle variances are native physical-unit arrays."
2,rep2,kriging,kriging_var_map_physical_mc.npy,porosity %^2,True,2451,5.657548878975181,"variance_mean is taken over this (level, replicate) cell's evaluated cells (its conditioning cells excluded). All four arrays are porosity %^2, but kriging's physical-unit variance is a Monte Carlo back-transform of its normal-score variance, whereas sgs/rbf_bootstrap/gp_mle variances are native physical-unit arrays."
2,rep2,sgs,sgs_var_map.npy,porosity %^2,False,2451,5.63997773988905,"variance_mean is taken over this (level, replicate) cell's evaluated cells (its conditioning cells excluded). All four arrays are porosity %^2, but kriging's physical-unit variance is a Monte Carlo back-transform of its normal-score variance, whereas sgs/rbf_bootstrap/gp_mle variances are native physical-unit arrays."
2,rep2,rbf_bootstrap,bootstrap_var_map.npy,porosity %^2,False,2451,0.5527849914753055,"variance_mean is taken over this (level, replicate) cell's evaluated cells (its conditioning cells excluded). All four arrays are porosity %^2, but kriging's physical-unit variance is a Monte Carlo back-transform of its normal-score variance, whereas sgs/rbf_bootstrap/gp_mle variances are native physical-unit arrays."
2,rep2,gp_mle,posterior_var_map.npy,porosity %^2,False,2451,4.054623279289547,"variance_mean is taken over this (level, replicate) cell's evaluated cells (its conditioning cells excluded). All four arrays are porosity %^2, but kriging's physical-unit variance is a Monte Carlo back-transform of its normal-score variance, whereas sgs/rbf_bootstrap/gp_mle variances are native physical-unit arrays."
2,rep3,kriging,kriging_var_map_physical_mc.npy,porosity %^2,True,2450,5.141030538978716,"variance_mean is taken over this (level, replicate) cell's evaluated cells (its conditioning cells excluded). All four arrays are porosity %^2, but kriging's physical-unit variance is a Monte Carlo back-transform of its normal-score variance, whereas sgs/rbf_bootstrap/gp_mle variances are native physical-unit arrays."
2,rep3,sgs,sgs_var_map.npy,porosity %^2,False,2450,4.7435029899348,"variance_mean is taken over this (level, replicate) cell's evaluated cells (its conditioning cells excluded). All four arrays are porosity %^2, but kriging's physical-unit variance is a Monte Carlo back-transform of its normal-score variance, whereas sgs/rbf_bootstrap/gp_mle variances are native physical-unit arrays."
2,rep3,rbf_bootstrap,bootstrap_var_map.npy,porosity %^2,False,2450,1.160369834976247,"variance_mean is taken over this (level, replicate) cell's evaluated cells (its conditioning cells excluded). All four arrays are porosity %^2, but kriging's physical-unit variance is a Monte Carlo back-transform of its normal-score variance, whereas sgs/rbf_bootstrap/gp_mle variances are native physical-unit arrays."
2,rep3,gp_mle,posterior_var_map.npy,porosity %^2,False,2450,3.8557888107096545,"variance_mean is taken over this (level, replicate) cell's evaluated cells (its conditioning cells excluded). All four arrays are porosity %^2, but kriging's physical-unit variance is a Monte Carlo back-transform of its normal-score variance, whereas sgs/rbf_bootstrap/gp_mle variances are native physical-unit arrays."
2,rep4,kriging,kriging_var_map_physical_mc.npy,porosity %^2,True,2453,6.115889341248794,"variance_mean is taken over this (level, replicate) cell's evaluated cells (its conditioning cells excluded). All four arrays are porosity %^2, but kriging's physical-unit variance is a Monte Carlo back-transform of its normal-score variance, whereas sgs/rbf_bootstrap/gp_mle variances are native physical-unit arrays."
2,rep4,sgs,sgs_var_map.npy,porosity %^2,False,2453,6.086682098926774,"variance_mean is taken over this (level, replicate) cell's evaluated cells (its conditioning cells excluded). All four arrays are porosity %^2, but kriging's physical-unit variance is a Monte Carlo back-transform of its normal-score variance, whereas sgs/rbf_bootstrap/gp_mle variances are native physical-unit arrays."
2,rep4,rbf_bootstrap,bootstrap_var_map.npy,porosity %^2,False,2453,1.156765696289299,"variance_mean is taken over this (level, replicate) cell's evaluated cells (its conditioning cells excluded). All four arrays are porosity %^2, but kriging's physical-unit variance is a Monte Carlo back-transform of its normal-score variance, whereas sgs/rbf_bootstrap/gp_mle variances are native physical-unit arrays."
2,rep4,gp_mle,posterior_var_map.npy,porosity %^2,False,2453,3.9663580333851853,"variance_mean is taken over this (level, replicate) cell's evaluated cells (its conditioning cells excluded). All four arrays are porosity %^2, but kriging's physical-unit variance is a Monte Carlo back-transform of its normal-score variance, whereas sgs/rbf_bootstrap/gp_mle variances are native physical-unit arrays."
2,rep5,kriging,kriging_var_map_physical_mc.npy,porosity %^2,True,2450,4.945421386634185,"variance_mean is taken over this (level, replicate) cell's evaluated cells (its conditioning cells excluded). All four arrays are porosity %^2, but kriging's physical-unit variance is a Monte Carlo back-transform of its normal-score variance, whereas sgs/rbf_bootstrap/gp_mle variances are native physical-unit arrays."
2,rep5,sgs,sgs_var_map.npy,porosity %^2,False,2450,4.6650109896537915,"variance_mean is taken over this (level, replicate) cell's evaluated cells (its conditioning cells excluded). All four arrays are porosity %^2, but kriging's physical-unit variance is a Monte Carlo back-transform of its normal-score variance, whereas sgs/rbf_bootstrap/gp_mle variances are native physical-unit arrays."
2,rep5,rbf_bootstrap,bootstrap_var_map.npy,porosity %^2,False,2450,1.6895047335749027,"variance_mean is taken over this (level, replicate) cell's evaluated cells (its conditioning cells excluded). All four arrays are porosity %^2, but kriging's physical-unit variance is a Monte Carlo back-transform of its normal-score variance, whereas sgs/rbf_bootstrap/gp_mle variances are native physical-unit arrays."
2,rep5,gp_mle,posterior_var_map.npy,porosity %^2,False,2450,5.043058994194065,"variance_mean is taken over this (level, replicate) cell's evaluated cells (its conditioning cells excluded). All four arrays are porosity %^2, but kriging's physical-unit variance is a Monte Carlo back-transform of its normal-score variance, whereas sgs/rbf_bootstrap/gp_mle variances are native physical-unit arrays."
2,rep6,kriging,kriging_var_map_physical_mc.npy,porosity %^2,True,2450,4.331777600569515,"variance_mean is taken over this (level, replicate) cell's evaluated cells (its conditioning cells excluded). All four arrays are porosity %^2, but kriging's physical-unit variance is a Monte Carlo back-transform of its normal-score variance, whereas sgs/rbf_bootstrap/gp_mle variances are native physical-unit arrays."
2,rep6,sgs,sgs_var_map.npy,porosity %^2,False,2450,4.165553007966405,"variance_mean is taken over this (level, replicate) cell's evaluated cells (its conditioning cells excluded). All four arrays are porosity %^2, but kriging's physical-unit variance is a Monte Carlo back-transform of its normal-score variance, whereas sgs/rbf_bootstrap/gp_mle variances are native physical-unit arrays."
2,rep6,rbf_bootstrap,bootstrap_var_map.npy,porosity %^2,False,2450,3.8012354173402203,"variance_mean is taken over this (level, replicate) cell's evaluated cells (its conditioning cells excluded). All four arrays are porosity %^2, but kriging's physical-unit variance is a Monte Carlo back-transform of its normal-score variance, whereas sgs/rbf_bootstrap/gp_mle variances are native physical-unit arrays."
2,rep6,gp_mle,posterior_var_map.npy,porosity %^2,False,2450,3.143049777338081,"variance_mean is taken over this (level, replicate) cell's evaluated cells (its conditioning cells excluded). All four arrays are porosity %^2, but kriging's physical-unit variance is a Monte Carlo back-transform of its normal-score variance, whereas sgs/rbf_bootstrap/gp_mle variances are native physical-unit arrays."
2,rep7,kriging,kriging_var_map_physical_mc.npy,porosity %^2,True,2450,4.048741545010433,"variance_mean is taken over this (level, replicate) cell's evaluated cells (its conditioning cells excluded). All four arrays are porosity %^2, but kriging's physical-unit variance is a Monte Carlo back-transform of its normal-score variance, whereas sgs/rbf_bootstrap/gp_mle variances are native physical-unit arrays."
2,rep7,sgs,sgs_var_map.npy,porosity %^2,False,2450,3.7281264203498767,"variance_mean is taken over this (level, replicate) cell's evaluated cells (its conditioning cells excluded). All four arrays are porosity %^2, but kriging's physical-unit variance is a Monte Carlo back-transform of its normal-score variance, whereas sgs/rbf_bootstrap/gp_mle variances are native physical-unit arrays."
2,rep7,rbf_bootstrap,bootstrap_var_map.npy,porosity %^2,False,2450,0.6102624782635365,"variance_mean is taken over this (level, replicate) cell's evaluated cells (its conditioning cells excluded). All four arrays are porosity %^2, but kriging's physical-unit variance is a Monte Carlo back-transform of its normal-score variance, whereas sgs/rbf_bootstrap/gp_mle variances are native physical-unit arrays."
2,rep7,gp_mle,posterior_var_map.npy,porosity %^2,False,2450,2.9079941522824826,"variance_mean is taken over this (level, replicate) cell's evaluated cells (its conditioning cells excluded). All four arrays are porosity %^2, but kriging's physical-unit variance is a Monte Carlo back-transform of its normal-score variance, whereas sgs/rbf_bootstrap/gp_mle variances are native physical-unit arrays."
2,rep8,kriging,kriging_var_map_physical_mc.npy,porosity %^2,True,2451,5.5744081176044356,"variance_mean is taken over this (level, replicate) cell's evaluated cells (its conditioning cells excluded). All four arrays are porosity %^2, but kriging's physical-unit variance is a Monte Carlo back-transform of its normal-score variance, whereas sgs/rbf_bootstrap/gp_mle variances are native physical-unit arrays."
2,rep8,sgs,sgs_var_map.npy,porosity %^2,False,2451,5.30642506458392,"variance_mean is taken over this (level, replicate) cell's evaluated cells (its conditioning cells excluded). All four arrays are porosity %^2, but kriging's physical-unit variance is a Monte Carlo back-transform of its normal-score variance, whereas sgs/rbf_bootstrap/gp_mle variances are native physical-unit arrays."
2,rep8,rbf_bootstrap,bootstrap_var_map.npy,porosity %^2,False,2451,0.43876463830713786,"variance_mean is taken over this (level, replicate) cell's evaluated cells (its conditioning cells excluded). All four arrays are porosity %^2, but kriging's physical-unit variance is a Monte Carlo back-transform of its normal-score variance, whereas sgs/rbf_bootstrap/gp_mle variances are native physical-unit arrays."
2,rep8,gp_mle,posterior_var_map.npy,porosity %^2,False,2451,5.22897310057931,"variance_mean is taken over this (level, replicate) cell's evaluated cells (its conditioning cells excluded). All four arrays are porosity %^2, but kriging's physical-unit variance is a Monte Carlo back-transform of its normal-score variance, whereas sgs/rbf_bootstrap/gp_mle variances are native physical-unit arrays."
2,rep9,kriging,kriging_var_map_physical_mc.npy,porosity %^2,True,2451,6.9573583387720745,"variance_mean is taken over this (level, replicate) cell's evaluated cells (its conditioning cells excluded). All four arrays are porosity %^2, but kriging's physical-unit variance is a Monte Carlo back-transform of its normal-score variance, whereas sgs/rbf_bootstrap/gp_mle variances are native physical-unit arrays."
2,rep9,sgs,sgs_var_map.npy,porosity %^2,False,2451,7.160478561274722,"variance_mean is taken over this (level, replicate) cell's evaluated cells (its conditioning cells excluded). All four arrays are porosity %^2, but kriging's physical-unit variance is a Monte Carlo back-transform of its normal-score variance, whereas sgs/rbf_bootstrap/gp_mle variances are native physical-unit arrays."
2,rep9,rbf_bootstrap,bootstrap_var_map.npy,porosity %^2,False,2451,0.537500649356064,"variance_mean is taken over this (level, replicate) cell's evaluated cells (its conditioning cells excluded). All four arrays are porosity %^2, but kriging's physical-unit variance is a Monte Carlo back-transform of its normal-score variance, whereas sgs/rbf_bootstrap/gp_mle variances are native physical-unit arrays."
2,rep9,gp_mle,posterior_var_map.npy,porosity %^2,False,2451,4.840463894047533,"variance_mean is taken over this (level, replicate) cell's evaluated cells (its conditioning cells excluded). All four arrays are porosity %^2, but kriging's physical-unit variance is a Monte Carlo back-transform of its normal-score variance, whereas sgs/rbf_bootstrap/gp_mle variances are native physical-unit arrays."
1,rep0,kriging,kriging_var_map_physical_mc.npy,porosity %^2,True,2475,6.048388319153123,"variance_mean is taken over this (level, replicate) cell's evaluated cells (its conditioning cells excluded). All four arrays are porosity %^2, but kriging's physical-unit variance is a Monte Carlo back-transform of its normal-score variance, whereas sgs/rbf_bootstrap/gp_mle variances are native physical-unit arrays."
1,rep0,sgs,sgs_var_map.npy,porosity %^2,False,2475,6.321181878986967,"variance_mean is taken over this (level, replicate) cell's evaluated cells (its conditioning cells excluded). All four arrays are porosity %^2, but kriging's physical-unit variance is a Monte Carlo back-transform of its normal-score variance, whereas sgs/rbf_bootstrap/gp_mle variances are native physical-unit arrays."
1,rep0,rbf_bootstrap,bootstrap_var_map.npy,porosity %^2,False,2475,0.5320022747880275,"variance_mean is taken over this (level, replicate) cell's evaluated cells (its conditioning cells excluded). All four arrays are porosity %^2, but kriging's physical-unit variance is a Monte Carlo back-transform of its normal-score variance, whereas sgs/rbf_bootstrap/gp_mle variances are native physical-unit arrays."
1,rep0,gp_mle,posterior_var_map.npy,porosity %^2,False,2475,5.393127436835179,"variance_mean is taken over this (level, replicate) cell's evaluated cells (its conditioning cells excluded). All four arrays are porosity %^2, but kriging's physical-unit variance is a Monte Carlo back-transform of its normal-score variance, whereas sgs/rbf_bootstrap/gp_mle variances are native physical-unit arrays."
1,rep1,kriging,kriging_var_map_physical_mc.npy,porosity %^2,True,2475,5.896847624214917,"variance_mean is taken over this (level, replicate) cell's evaluated cells (its conditioning cells excluded). All four arrays are porosity %^2, but kriging's physical-unit variance is a Monte Carlo back-transform of its normal-score variance, whereas sgs/rbf_bootstrap/gp_mle variances are native physical-unit arrays."
1,rep1,sgs,sgs_var_map.npy,porosity %^2,False,2475,4.238250770587534,"variance_mean is taken over this (level, replicate) cell's evaluated cells (its conditioning cells excluded). All four arrays are porosity %^2, but kriging's physical-unit variance is a Monte Carlo back-transform of its normal-score variance, whereas sgs/rbf_bootstrap/gp_mle variances are native physical-unit arrays."
1,rep1,rbf_bootstrap,bootstrap_var_map.npy,porosity %^2,False,2475,6.580643244013884,"variance_mean is taken over this (level, replicate) cell's evaluated cells (its conditioning cells excluded). All four arrays are porosity %^2, but kriging's physical-unit variance is a Monte Carlo back-transform of its normal-score variance, whereas sgs/rbf_bootstrap/gp_mle variances are native physical-unit arrays."
1,rep1,gp_mle,posterior_var_map.npy,porosity %^2,False,2475,4.134496013560994,"variance_mean is taken over this (level, replicate) cell's evaluated cells (its conditioning cells excluded). All four arrays are porosity %^2, but kriging's physical-unit variance is a Monte Carlo back-transform of its normal-score variance, whereas sgs/rbf_bootstrap/gp_mle variances are native physical-unit arrays."
1,rep2,kriging,kriging_var_map_physical_mc.npy,porosity %^2,True,2476,9.001778344227704,"variance_mean is taken over this (level, replicate) cell's evaluated cells (its conditioning cells excluded). All four arrays are porosity %^2, but kriging's physical-unit variance is a Monte Carlo back-transform of its normal-score variance, whereas sgs/rbf_bootstrap/gp_mle variances are native physical-unit arrays."
1,rep2,sgs,sgs_var_map.npy,porosity %^2,False,2476,8.717272951551019,"variance_mean is taken over this (level, replicate) cell's evaluated cells (its conditioning cells excluded). All four arrays are porosity %^2, but kriging's physical-unit variance is a Monte Carlo back-transform of its normal-score variance, whereas sgs/rbf_bootstrap/gp_mle variances are native physical-unit arrays."
1,rep2,rbf_bootstrap,bootstrap_var_map.npy,porosity %^2,False,2476,0.9833349223033023,"variance_mean is taken over this (level, replicate) cell's evaluated cells (its conditioning cells excluded). All four arrays are porosity %^2, but kriging's physical-unit variance is a Monte Carlo back-transform of its normal-score variance, whereas sgs/rbf_bootstrap/gp_mle variances are native physical-unit arrays."
1,rep2,gp_mle,posterior_var_map.npy,porosity %^2,False,2476,6.384242898453357,"variance_mean is taken over this (level, replicate) cell's evaluated cells (its conditioning cells excluded). All four arrays are porosity %^2, but kriging's physical-unit variance is a Monte Carlo back-transform of its normal-score variance, whereas sgs/rbf_bootstrap/gp_mle variances are native physical-unit arrays."
1,rep3,kriging,kriging_var_map_physical_mc.npy,porosity %^2,True,2475,6.119251870187891,"variance_mean is taken over this (level, replicate) cell's evaluated cells (its conditioning cells excluded). All four arrays are porosity %^2, but kriging's physical-unit variance is a Monte Carlo back-transform of its normal-score variance, whereas sgs/rbf_bootstrap/gp_mle variances are native physical-unit arrays."
1,rep3,sgs,sgs_var_map.npy,porosity %^2,False,2475,5.352778687649123,"variance_mean is taken over this (level, replicate) cell's evaluated cells (its conditioning cells excluded). All four arrays are porosity %^2, but kriging's physical-unit variance is a Monte Carlo back-transform of its normal-score variance, whereas sgs/rbf_bootstrap/gp_mle variances are native physical-unit arrays."
1,rep3,rbf_bootstrap,bootstrap_var_map.npy,porosity %^2,False,2475,1.808825925199359,"variance_mean is taken over this (level, replicate) cell's evaluated cells (its conditioning cells excluded). All four arrays are porosity %^2, but kriging's physical-unit variance is a Monte Carlo back-transform of its normal-score variance, whereas sgs/rbf_bootstrap/gp_mle variances are native physical-unit arrays."
1,rep3,gp_mle,posterior_var_map.npy,porosity %^2,False,2475,4.577188013597372,"variance_mean is taken over this (level, replicate) cell's evaluated cells (its conditioning cells excluded). All four arrays are porosity %^2, but kriging's physical-unit variance is a Monte Carlo back-transform of its normal-score variance, whereas sgs/rbf_bootstrap/gp_mle variances are native physical-unit arrays."
1,rep4,kriging,kriging_var_map_physical_mc.npy,porosity %^2,True,2475,6.6349980196219605,"variance_mean is taken over this (level, replicate) cell's evaluated cells (its conditioning cells excluded). All four arrays are porosity %^2, but kriging's physical-unit variance is a Monte Carlo back-transform of its normal-score variance, whereas sgs/rbf_bootstrap/gp_mle variances are native physical-unit arrays."
1,rep4,sgs,sgs_var_map.npy,porosity %^2,False,2475,5.829563773661067,"variance_mean is taken over this (level, replicate) cell's evaluated cells (its conditioning cells excluded). All four arrays are porosity %^2, but kriging's physical-unit variance is a Monte Carlo back-transform of its normal-score variance, whereas sgs/rbf_bootstrap/gp_mle variances are native physical-unit arrays."
1,rep4,rbf_bootstrap,bootstrap_var_map.npy,porosity %^2,False,2475,0.906684176280022,"variance_mean is taken over this (level, replicate) cell's evaluated cells (its conditioning cells excluded). All four arrays are porosity %^2, but kriging's physical-unit variance is a Monte Carlo back-transform of its normal-score variance, whereas sgs/rbf_bootstrap/gp_mle variances are native physical-unit arrays."
1,rep4,gp_mle,posterior_var_map.npy,porosity %^2,False,2475,5.432758872403347,"variance_mean is taken over this (level, replicate) cell's evaluated cells (its conditioning cells excluded). All four arrays are porosity %^2, but kriging's physical-unit variance is a Monte Carlo back-transform of its normal-score variance, whereas sgs/rbf_bootstrap/gp_mle variances are native physical-unit arrays."
1,rep5,kriging,kriging_var_map_physical_mc.npy,porosity %^2,True,2475,5.042860995993854,"variance_mean is taken over this (level, replicate) cell's evaluated cells (its conditioning cells excluded). All four arrays are porosity %^2, but kriging's physical-unit variance is a Monte Carlo back-transform of its normal-score variance, whereas sgs/rbf_bootstrap/gp_mle variances are native physical-unit arrays."
1,rep5,sgs,sgs_var_map.npy,porosity %^2,False,2475,4.640186430462308,"variance_mean is taken over this (level, replicate) cell's evaluated cells (its conditioning cells excluded). All four arrays are porosity %^2, but kriging's physical-unit variance is a Monte Carlo back-transform of its normal-score variance, whereas sgs/rbf_bootstrap/gp_mle variances are native physical-unit arrays."
1,rep5,rbf_bootstrap,bootstrap_var_map.npy,porosity %^2,False,2475,0.5667554022089896,"variance_mean is taken over this (level, replicate) cell's evaluated cells (its conditioning cells excluded). All four arrays are porosity %^2, but kriging's physical-unit variance is a Monte Carlo back-transform of its normal-score variance, whereas sgs/rbf_bootstrap/gp_mle variances are native physical-unit arrays."
1,rep5,gp_mle,posterior_var_map.npy,porosity %^2,False,2475,3.9034928686345833,"variance_mean is taken over this (level, replicate) cell's evaluated cells (its conditioning cells excluded). All four arrays are porosity %^2, but kriging's physical-unit variance is a Monte Carlo back-transform of its normal-score variance, whereas sgs/rbf_bootstrap/gp_mle variances are native physical-unit arrays."
1,rep6,kriging,kriging_var_map_physical_mc.npy,porosity %^2,True,2475,7.354298906465569,"variance_mean is taken over this (level, replicate) cell's evaluated cells (its conditioning cells excluded). All four arrays are porosity %^2, but kriging's physical-unit variance is a Monte Carlo back-transform of its normal-score variance, whereas sgs/rbf_bootstrap/gp_mle variances are native physical-unit arrays."
1,rep6,sgs,sgs_var_map.npy,porosity %^2,False,2475,7.325778732806201,"variance_mean is taken over this (level, replicate) cell's evaluated cells (its conditioning cells excluded). All four arrays are porosity %^2, but kriging's physical-unit variance is a Monte Carlo back-transform of its normal-score variance, whereas sgs/rbf_bootstrap/gp_mle variances are native physical-unit arrays."
1,rep6,rbf_bootstrap,bootstrap_var_map.npy,porosity %^2,False,2475,0.5857694632291056,"variance_mean is taken over this (level, replicate) cell's evaluated cells (its conditioning cells excluded). All four arrays are porosity %^2, but kriging's physical-unit variance is a Monte Carlo back-transform of its normal-score variance, whereas sgs/rbf_bootstrap/gp_mle variances are native physical-unit arrays."
1,rep6,gp_mle,posterior_var_map.npy,porosity %^2,False,2475,6.943631035429661,"variance_mean is taken over this (level, replicate) cell's evaluated cells (its conditioning cells excluded). All four arrays are porosity %^2, but kriging's physical-unit variance is a Monte Carlo back-transform of its normal-score variance, whereas sgs/rbf_bootstrap/gp_mle variances are native physical-unit arrays."
1,rep7,kriging,kriging_var_map_physical_mc.npy,porosity %^2,True,2476,6.471260175056847,"variance_mean is taken over this (level, replicate) cell's evaluated cells (its conditioning cells excluded). All four arrays are porosity %^2, but kriging's physical-unit variance is a Monte Carlo back-transform of its normal-score variance, whereas sgs/rbf_bootstrap/gp_mle variances are native physical-unit arrays."
1,rep7,sgs,sgs_var_map.npy,porosity %^2,False,2476,6.487139544214214,"variance_mean is taken over this (level, replicate) cell's evaluated cells (its conditioning cells excluded). All four arrays are porosity %^2, but kriging's physical-unit variance is a Monte Carlo back-transform of its normal-score variance, whereas sgs/rbf_bootstrap/gp_mle variances are native physical-unit arrays."
1,rep7,rbf_bootstrap,bootstrap_var_map.npy,porosity %^2,False,2476,0.636496415746517,"variance_mean is taken over this (level, replicate) cell's evaluated cells (its conditioning cells excluded). All four arrays are porosity %^2, but kriging's physical-unit variance is a Monte Carlo back-transform of its normal-score variance, whereas sgs/rbf_bootstrap/gp_mle variances are native physical-unit arrays."
1,rep7,gp_mle,posterior_var_map.npy,porosity %^2,False,2476,4.1645598193367865,"variance_mean is taken over this (level, replicate) cell's evaluated cells (its conditioning cells excluded). All four arrays are porosity %^2, but kriging's physical-unit variance is a Monte Carlo back-transform of its normal-score variance, whereas sgs/rbf_bootstrap/gp_mle variances are native physical-unit arrays."
1,rep8,kriging,kriging_var_map_physical_mc.npy,porosity %^2,True,2475,6.438182419778251,"variance_mean is taken over this (level, replicate) cell's evaluated cells (its conditioning cells excluded). All four arrays are porosity %^2, but kriging's physical-unit variance is a Monte Carlo back-transform of its normal-score variance, whereas sgs/rbf_bootstrap/gp_mle variances are native physical-unit arrays."
1,rep8,sgs,sgs_var_map.npy,porosity %^2,False,2475,6.071779550000329,"variance_mean is taken over this (level, replicate) cell's evaluated cells (its conditioning cells excluded). All four arrays are porosity %^2, but kriging's physical-unit variance is a Monte Carlo back-transform of its normal-score variance, whereas sgs/rbf_bootstrap/gp_mle variances are native physical-unit arrays."
1,rep8,rbf_bootstrap,bootstrap_var_map.npy,porosity %^2,False,2475,0.4142370974105104,"variance_mean is taken over this (level, replicate) cell's evaluated cells (its conditioning cells excluded). All four arrays are porosity %^2, but kriging's physical-unit variance is a Monte Carlo back-transform of its normal-score variance, whereas sgs/rbf_bootstrap/gp_mle variances are native physical-unit arrays."
1,rep8,gp_mle,posterior_var_map.npy,porosity %^2,False,2475,3.4407865141482725,"variance_mean is taken over this (level, replicate) cell's evaluated cells (its conditioning cells excluded). All four arrays are porosity %^2, but kriging's physical-unit variance is a Monte Carlo back-transform of its normal-score variance, whereas sgs/rbf_bootstrap/gp_mle variances are native physical-unit arrays."
1,rep9,kriging,kriging_var_map_physical_mc.npy,porosity %^2,True,2475,14.349918245434898,"variance_mean is taken over this (level, replicate) cell's evaluated cells (its conditioning cells excluded). All four arrays are porosity %^2, but kriging's physical-unit variance is a Monte Carlo back-transform of its normal-score variance, whereas sgs/rbf_bootstrap/gp_mle variances are native physical-unit arrays."
1,rep9,sgs,sgs_var_map.npy,porosity %^2,False,2475,14.345945967997109,"variance_mean is taken over this (level, replicate) cell's evaluated cells (its conditioning cells excluded). All four arrays are porosity %^2, but kriging's physical-unit variance is a Monte Carlo back-transform of its normal-score variance, whereas sgs/rbf_bootstrap/gp_mle variances are native physical-unit arrays."
1,rep9,rbf_bootstrap,bootstrap_var_map.npy,porosity %^2,False,2475,1.5071359653010084,"variance_mean is taken over this (level, replicate) cell's evaluated cells (its conditioning cells excluded). All four arrays are porosity %^2, but kriging's physical-unit variance is a Monte Carlo back-transform of its normal-score variance, whereas sgs/rbf_bootstrap/gp_mle variances are native physical-unit arrays."
1,rep9,gp_mle,posterior_var_map.npy,porosity %^2,False,2475,9.177265485802582,"variance_mean is taken over this (level, replicate) cell's evaluated cells (its conditioning cells excluded). All four arrays are porosity %^2, but kriging's physical-unit variance is a Monte Carlo back-transform of its normal-score variance, whereas sgs/rbf_bootstrap/gp_mle variances are native physical-unit arrays."
