axis_level,method,p_interval,fraction_in
100,kriging,0.0,0.0
100,kriging,0.05263157894736842,0.044976881042454814
100,kriging,0.10526315789473684,0.09709962168978563
100,kriging,0.15789473684210525,0.15636822194199243
100,kriging,0.21052631578947367,0.21185372005044137
100,kriging,0.2631578947368421,0.25851197982345525
100,kriging,0.3157894736842105,0.31021437578814626
100,kriging,0.3684210526315789,0.366120218579235
100,kriging,0.42105263157894735,0.4169819251786465
100,kriging,0.47368421052631576,0.47540983606557374
100,kriging,0.5263157894736842,0.5430853299705759
100,kriging,0.5789473684210527,0.598150483396385
100,kriging,0.631578947368421,0.6385035729298024
100,kriging,0.6842105263157894,0.682219419924338
100,kriging,0.7368421052631579,0.7343421605716688
100,kriging,0.7894736842105263,0.7759562841530054
100,kriging,0.8421052631578947,0.8364859184531316
100,kriging,0.894736842105263,0.8940731399747793
100,kriging,0.9473684210526315,0.9562841530054644
100,kriging,1.0,1.0
100,sgs,0.0,0.0
100,sgs,0.05263157894736842,0.044136191677175286
100,sgs,0.10526315789473684,0.08995376208490963
100,sgs,0.15789473684210525,0.13240857503152584
100,sgs,0.21052631578947367,0.1841109709962169
100,sgs,0.2631578947368421,0.2341319882303489
100,sgs,0.3157894736842105,0.29045817570407734
100,sgs,0.3684210526315789,0.3354350567465322
100,sgs,0.42105263157894735,0.38293400588482557
100,sgs,0.47368421052631576,0.424968474148802
100,sgs,0.5263157894736842,0.4817150063051702
100,sgs,0.5789473684210527,0.5275325767129045
100,sgs,0.631578947368421,0.5783942833123161
100,sgs,0.6842105263157894,0.6300966792770072
100,sgs,0.7368421052631579,0.682219419924338
100,sgs,0.7894736842105263,0.7368642286675073
100,sgs,0.8421052631578947,0.783942833123161
100,sgs,0.894736842105263,0.8377469525010509
100,sgs,0.9473684210526315,0.9012189995796553
100,sgs,1.0,1.0
100,rbf_bootstrap,0.0,0.0
100,rbf_bootstrap,0.05263157894736842,0.007566204287515763
100,rbf_bootstrap,0.10526315789473684,0.01639344262295082
100,rbf_bootstrap,0.15789473684210525,0.02564102564102564
100,rbf_bootstrap,0.21052631578947367,0.0332072299285414
100,rbf_bootstrap,0.2631578947368421,0.04539722572509458
100,rbf_bootstrap,0.3157894736842105,0.05590584279108869
100,rbf_bootstrap,0.3684210526315789,0.06683480453972257
100,rbf_bootstrap,0.42105263157894735,0.07692307692307693
100,rbf_bootstrap,0.47368421052631576,0.08575031525851198
100,rbf_bootstrap,0.5263157894736842,0.10004203446826397
100,rbf_bootstrap,0.5789473684210527,0.11181168558217738
100,rbf_bootstrap,0.631578947368421,0.12484237074401008
100,rbf_bootstrap,0.6842105263157894,0.13913408995376209
100,rbf_bootstrap,0.7368421052631579,0.15762925598991173
100,rbf_bootstrap,0.7894736842105263,0.1744430432955023
100,rbf_bootstrap,0.8421052631578947,0.19924337957124844
100,rbf_bootstrap,0.894736842105263,0.23118957545187052
100,rbf_bootstrap,0.9473684210526315,0.2765868011769651
100,rbf_bootstrap,1.0,0.8621269440941572
100,gp_mle,0.0,0.0
100,gp_mle,0.05263157894736842,0.05296343001261034
100,gp_mle,0.10526315789473684,0.1021437578814628
100,gp_mle,0.15789473684210525,0.1534258091635141
100,gp_mle,0.21052631578947367,0.20470786044556535
100,gp_mle,0.2631578947368421,0.2639764606977722
100,gp_mle,0.3157894736842105,0.31273644388398486
100,gp_mle,0.3684210526315789,0.36065573770491804
100,gp_mle,0.42105263157894735,0.41866330390920553
100,gp_mle,0.47368421052631576,0.4787725935266919
100,gp_mle,0.5263157894736842,0.5313156788566624
100,gp_mle,0.5789473684210527,0.5771332492643968
100,gp_mle,0.631578947368421,0.6326187473728457
100,gp_mle,0.6842105263157894,0.6851618327028163
100,gp_mle,0.7368421052631579,0.7385456073980664
100,gp_mle,0.7894736842105263,0.7906683480453972
100,gp_mle,0.8421052631578947,0.8465741908364859
100,gp_mle,0.894736842105263,0.89281210592686
100,gp_mle,0.9473684210526315,0.9474569146700295
100,gp_mle,1.0,1.0
200,kriging,0.0,0.0
200,kriging,0.05263157894736842,0.044976881042454814
200,kriging,0.10526315789473684,0.09163514081546868
200,kriging,0.15789473684210525,0.13787305590584278
200,kriging,0.21052631578947367,0.18957545187053385
200,kriging,0.2631578947368421,0.23791509037410677
200,kriging,0.3157894736842105,0.28247162673392184
200,kriging,0.3684210526315789,0.32618747372845736
200,kriging,0.42105263157894735,0.3812526271542665
200,kriging,0.47368421052631576,0.4224464060529634
200,kriging,0.5263157894736842,0.47330811265237493
200,kriging,0.5789473684210527,0.5191256830601093
200,kriging,0.631578947368421,0.5641025641025641
200,kriging,0.6842105263157894,0.6145439260193358
200,kriging,0.7368421052631579,0.6591004623791509
200,kriging,0.7894736842105263,0.7065994115174443
200,kriging,0.8421052631578947,0.7721731820092476
200,kriging,0.894736842105263,0.8390079865489701
200,kriging,0.9473684210526315,0.9167717528373266
200,kriging,1.0,1.0
200,sgs,0.0,0.0
200,sgs,0.05263157894736842,0.04918032786885246
200,sgs,0.10526315789473684,0.09415720891130727
200,sgs,0.15789473684210525,0.1403951240016814
200,sgs,0.21052631578947367,0.17906683480453972
200,sgs,0.2631578947368421,0.22152164775115596
200,sgs,0.3157894736842105,0.26439680538041194
200,sgs,0.3684210526315789,0.3064312736443884
200,sgs,0.42105263157894735,0.3514081546868432
200,sgs,0.47368421052631576,0.3955443463640185
200,sgs,0.5263157894736842,0.4396805380411938
200,sgs,0.5789473684210527,0.4930643127364439
200,sgs,0.631578947368421,0.5350987810004203
200,sgs,0.6842105263157894,0.5817570407734343
200,sgs,0.7368421052631579,0.6279949558638083
200,sgs,0.7894736842105263,0.6746532156368222
200,sgs,0.8421052631578947,0.7276166456494325
200,sgs,0.894736842105263,0.7898276586801177
200,sgs,0.9473684210526315,0.8650693568726355
200,sgs,1.0,0.9995796553173603
200,rbf_bootstrap,0.0,0.0
200,rbf_bootstrap,0.05263157894736842,0.014712063892391762
200,rbf_bootstrap,0.10526315789473684,0.032366540563261874
200,rbf_bootstrap,0.15789473684210525,0.04665825977301387
200,rbf_bootstrap,0.21052631578947367,0.060109289617486336
200,rbf_bootstrap,0.2631578947368421,0.07608238755779739
200,rbf_bootstrap,0.3157894736842105,0.08953341740226986
200,rbf_bootstrap,0.3684210526315789,0.10508617065994115
200,rbf_bootstrap,0.42105263157894735,0.12147961328289197
200,rbf_bootstrap,0.47368421052631576,0.13619167717528374
200,rbf_bootstrap,0.5263157894736842,0.1534258091635141
200,rbf_bootstrap,0.5789473684210527,0.16897856242118536
200,rbf_bootstrap,0.631578947368421,0.18915510718789408
200,rbf_bootstrap,0.6842105263157894,0.21521647751155948
200,rbf_bootstrap,0.7368421052631579,0.24169819251786465
200,rbf_bootstrap,0.7894736842105263,0.2686002522068096
200,rbf_bootstrap,0.8421052631578947,0.29970575872215216
200,rbf_bootstrap,0.894736842105263,0.3417402269861286
200,rbf_bootstrap,0.9473684210526315,0.4014291719209752
200,rbf_bootstrap,1.0,0.9243379571248423
200,gp_mle,0.0,0.0
200,gp_mle,0.05263157894736842,0.04455653635981505
200,gp_mle,0.10526315789473684,0.0949978982765868
200,gp_mle,0.15789473684210525,0.1483816729718369
200,gp_mle,0.21052631578947367,0.20470786044556535
200,gp_mle,0.2631578947368421,0.2492643968053804
200,gp_mle,0.3157894736842105,0.2921395544346364
200,gp_mle,0.3684210526315789,0.3442622950819672
200,gp_mle,0.42105263157894735,0.39722572509457754
200,gp_mle,0.47368421052631576,0.4468263976460698
200,gp_mle,0.5263157894736842,0.49978982765868013
200,gp_mle,0.5789473684210527,0.5540142917192098
200,gp_mle,0.631578947368421,0.6094997898276587
200,gp_mle,0.6842105263157894,0.6519546027742749
200,gp_mle,0.7368421052631579,0.7015552753257671
200,gp_mle,0.7894736842105263,0.7528373266078184
200,gp_mle,0.8421052631578947,0.8108448928121059
200,gp_mle,0.894736842105263,0.8747372845733501
200,gp_mle,0.9473684210526315,0.9327448507776377
200,gp_mle,1.0,1.0
400,kriging,0.0,0.0
400,kriging,0.05263157894736842,0.04455653635981505
400,kriging,0.10526315789473684,0.08701134930643127
400,kriging,0.15789473684210525,0.14081546868432115
400,kriging,0.21052631578947367,0.18705338377469524
400,kriging,0.2631578947368421,0.24632198402690206
400,kriging,0.3157894736842105,0.29970575872215216
400,kriging,0.3684210526315789,0.3514081546868432
400,kriging,0.42105263157894735,0.41151744430432957
400,kriging,0.47368421052631576,0.4640605296343001
400,kriging,0.5263157894736842,0.5094577553593947
400,kriging,0.5789473684210527,0.5598991172761665
400,kriging,0.631578947368421,0.6153846153846154
400,kriging,0.6842105263157894,0.6704497688104245
400,kriging,0.7368421052631579,0.7242538881883144
400,kriging,0.7894736842105263,0.7847835224884405
400,kriging,0.8421052631578947,0.8352248844052123
400,kriging,0.894736842105263,0.8860865910046238
400,kriging,0.9473684210526315,0.9394703656998739
400,kriging,1.0,1.0
400,sgs,0.0,0.0
400,sgs,0.05263157894736842,0.04623791509037411
400,sgs,0.10526315789473684,0.0975199663724254
400,sgs,0.15789473684210525,0.1534258091635141
400,sgs,0.21052631578947367,0.2114333753678016
400,sgs,0.2631578947368421,0.2526271542664985
400,sgs,0.3157894736842105,0.30096679277007143
400,sgs,0.3684210526315789,0.3467843631778058
400,sgs,0.42105263157894735,0.39596469104665827
400,sgs,0.47368421052631576,0.44346364018495166
400,sgs,0.5263157894736842,0.4901218999579655
400,sgs,0.5789473684210527,0.5418242959226566
400,sgs,0.631578947368421,0.582177385456074
400,sgs,0.6842105263157894,0.6313577133249264
400,sgs,0.7368421052631579,0.6742328709541824
400,sgs,0.7894736842105263,0.7213114754098361
400,sgs,0.8421052631578947,0.7814207650273224
400,sgs,0.894736842105263,0.833963850357293
400,sgs,0.9473684210526315,0.8907103825136612
400,sgs,1.0,0.9995796553173603
400,rbf_bootstrap,0.0,0.0
400,rbf_bootstrap,0.05263157894736842,0.017654476670870115
400,rbf_bootstrap,0.10526315789473684,0.034468263976460696
400,rbf_bootstrap,0.15789473684210525,0.044976881042454814
400,rbf_bootstrap,0.21052631578947367,0.05884825556956705
400,rbf_bootstrap,0.2631578947368421,0.07187894073139975
400,rbf_bootstrap,0.3157894736842105,0.08953341740226986
400,rbf_bootstrap,0.3684210526315789,0.10382513661202186
400,rbf_bootstrap,0.42105263157894735,0.1210592686002522
400,rbf_bootstrap,0.47368421052631576,0.14333753678015973
400,rbf_bootstrap,0.5263157894736842,0.15762925598991173
400,rbf_bootstrap,0.5789473684210527,0.17612442202606138
400,rbf_bootstrap,0.631578947368421,0.19630096679277007
400,rbf_bootstrap,0.6842105263157894,0.21941992433795712
400,rbf_bootstrap,0.7368421052631579,0.24674232870954182
400,rbf_bootstrap,0.7894736842105263,0.2694409415720891
400,rbf_bootstrap,0.8421052631578947,0.3005464480874317
400,rbf_bootstrap,0.894736842105263,0.34131988230348886
400,rbf_bootstrap,0.9473684210526315,0.4026902059688945
400,rbf_bootstrap,1.0,0.96427070197562
400,gp_mle,0.0,0.0
400,gp_mle,0.05263157894736842,0.04581757040773434
400,gp_mle,0.10526315789473684,0.09709962168978563
400,gp_mle,0.15789473684210525,0.1471206389239176
400,gp_mle,0.21052631578947367,0.19546027742749053
400,gp_mle,0.2631578947368421,0.24548129466162252
400,gp_mle,0.3157894736842105,0.30012610340479196
400,gp_mle,0.3684210526315789,0.35224884405212276
400,gp_mle,0.42105263157894735,0.40395124001681376
400,gp_mle,0.47368421052631576,0.45649432534678436
400,gp_mle,0.5263157894736842,0.5128205128205128
400,gp_mle,0.5789473684210527,0.5615804960067255
400,gp_mle,0.631578947368421,0.6221101303068516
400,gp_mle,0.6842105263157894,0.6729718369062632
400,gp_mle,0.7368421052631579,0.7213114754098361
400,gp_mle,0.7894736842105263,0.7688104245481294
400,gp_mle,0.8421052631578947,0.8163093736864229
400,gp_mle,0.894736842105263,0.8797814207650273
400,gp_mle,0.9473684210526315,0.937368642286675
400,gp_mle,1.0,1.0
500,kriging,0.0,0.0
500,kriging,0.05263157894736842,0.047078604455653636
500,kriging,0.10526315789473684,0.0949978982765868
500,kriging,0.15789473684210525,0.14123581336696092
500,kriging,0.21052631578947367,0.1925178646490122
500,kriging,0.2631578947368421,0.24043715846994534
500,kriging,0.3157894736842105,0.296343001261034
500,kriging,0.3684210526315789,0.34972677595628415
500,kriging,0.42105263157894735,0.39974779319041615
500,kriging,0.47368421052631576,0.45397225725094575
500,kriging,0.5263157894736842,0.5081967213114754
500,kriging,0.5789473684210527,0.5611601513240857
500,kriging,0.631578947368421,0.6116015132408575
500,kriging,0.6842105263157894,0.6637242538881883
500,kriging,0.7368421052631579,0.7204707860445565
500,kriging,0.7894736842105263,0.7671290458175704
500,kriging,0.8421052631578947,0.8167297183690626
500,kriging,0.894736842105263,0.8764186633039092
500,kriging,0.9473684210526315,0.9289617486338798
500,kriging,1.0,1.0
500,sgs,0.0,0.0
500,sgs,0.05263157894736842,0.05170239596469105
500,sgs,0.10526315789473684,0.09667927700714586
500,sgs,0.15789473684210525,0.15048339638503572
500,sgs,0.21052631578947367,0.20134510298444724
500,sgs,0.2631578947368421,0.2492643968053804
500,sgs,0.3157894736842105,0.2984447246742329
500,sgs,0.3684210526315789,0.3539302227826818
500,sgs,0.42105263157894735,0.396385035729298
500,sgs,0.47368421052631576,0.44136191677175285
500,sgs,0.5263157894736842,0.49138293400588484
500,sgs,0.5789473684210527,0.5317360235393023
500,sgs,0.631578947368421,0.5809163514081547
500,sgs,0.6842105263157894,0.6216897856242118
500,sgs,0.7368421052631579,0.667927700714586
500,sgs,0.7894736842105263,0.7171080285834385
500,sgs,0.8421052631578947,0.7700714585960488
500,sgs,0.894736842105263,0.825136612021858
500,sgs,0.9473684210526315,0.8865069356872636
500,sgs,1.0,0.9995796553173603
500,rbf_bootstrap,0.0,0.0
500,rbf_bootstrap,0.05263157894736842,0.016813787305590584
500,rbf_bootstrap,0.10526315789473684,0.03278688524590164
500,rbf_bootstrap,0.15789473684210525,0.049600672551492225
500,rbf_bootstrap,0.21052631578947367,0.06389239176124423
500,rbf_bootstrap,0.2631578947368421,0.08112652374947457
500,rbf_bootstrap,0.3157894736842105,0.09541824295922656
500,rbf_bootstrap,0.3684210526315789,0.11307271963009669
500,rbf_bootstrap,0.42105263157894735,0.1307271963009668
500,rbf_bootstrap,0.47368421052631576,0.14459857082807903
500,rbf_bootstrap,0.5263157894736842,0.1614123581336696
500,rbf_bootstrap,0.5789473684210527,0.17990752416981926
500,rbf_bootstrap,0.631578947368421,0.19882303488860867
500,rbf_bootstrap,0.6842105263157894,0.21941992433795712
500,rbf_bootstrap,0.7368421052631579,0.2459016393442623
500,rbf_bootstrap,0.7894736842105263,0.273224043715847
500,rbf_bootstrap,0.8421052631578947,0.2988650693568726
500,rbf_bootstrap,0.894736842105263,0.3400588482555696
500,rbf_bootstrap,0.9473684210526315,0.4001681378730559
500,rbf_bootstrap,1.0,0.9621689785624212
500,gp_mle,0.0,0.0
500,gp_mle,0.05263157894736842,0.0533837746952501
500,gp_mle,0.10526315789473684,0.09920134510298445
500,gp_mle,0.15789473684210525,0.15006305170239598
500,gp_mle,0.21052631578947367,0.19882303488860867
500,gp_mle,0.2631578947368421,0.24632198402690206
500,gp_mle,0.3157894736842105,0.30222782681799076
500,gp_mle,0.3684210526315789,0.3564522908785204
500,gp_mle,0.42105263157894735,0.4077343421605717
500,gp_mle,0.47368421052631576,0.4594367381252627
500,gp_mle,0.5263157894736842,0.5140815468684321
500,gp_mle,0.5789473684210527,0.567885666246322
500,gp_mle,0.631578947368421,0.6191677175283733
500,gp_mle,0.6842105263157894,0.6809583858764187
500,gp_mle,0.7368421052631579,0.7301387137452712
500,gp_mle,0.7894736842105263,0.7734342160571669
500,gp_mle,0.8421052631578947,0.8242959226565784
500,gp_mle,0.894736842105263,0.8835645229087852
500,gp_mle,0.9473684210526315,0.9407313997477932
500,gp_mle,1.0,1.0
600,kriging,0.0,0.0
600,kriging,0.05263157894736842,0.04623791509037411
600,kriging,0.10526315789473684,0.08617065994115175
600,kriging,0.15789473684210525,0.13030685161832703
600,kriging,0.21052631578947367,0.1862126944094157
600,kriging,0.2631578947368421,0.2362337116435477
600,kriging,0.3157894736842105,0.28667507356031946
600,kriging,0.3684210526315789,0.3333333333333333
600,kriging,0.42105263157894735,0.3753678015973098
600,kriging,0.47368421052631576,0.43169398907103823
600,kriging,0.5263157894736842,0.4859184531315679
600,kriging,0.5789473684210527,0.5304749894913829
600,kriging,0.631578947368421,0.5783942833123161
600,kriging,0.6842105263157894,0.6359815048339639
600,kriging,0.7368421052631579,0.6830601092896175
600,kriging,0.7894736842105263,0.7377049180327869
600,kriging,0.8421052631578947,0.7957124842370744
600,kriging,0.894736842105263,0.8453131567885667
600,kriging,0.9473684210526315,0.9083648591845314
600,kriging,1.0,1.0
600,sgs,0.0,0.0
600,sgs,0.05263157894736842,0.0403530895334174
600,sgs,0.10526315789473684,0.08995376208490963
600,sgs,0.15789473684210525,0.13493064312736444
600,sgs,0.21052631578947367,0.18200924758301806
600,sgs,0.2631578947368421,0.22866750735603195
600,sgs,0.3157894736842105,0.2723833543505675
600,sgs,0.3684210526315789,0.31904161412358134
600,sgs,0.42105263157894735,0.37116435477091214
600,sgs,0.47368421052631576,0.4182429592265658
600,sgs,0.5263157894736842,0.46490121899957965
600,sgs,0.5789473684210527,0.5102984447246742
600,sgs,0.631578947368421,0.5540142917192098
600,sgs,0.6842105263157894,0.6002522068095839
600,sgs,0.7368421052631579,0.6414459857082808
600,sgs,0.7894736842105263,0.6876839007986549
600,sgs,0.8421052631578947,0.7419083648591845
600,sgs,0.894736842105263,0.798234552332913
600,sgs,0.9473684210526315,0.8688524590163934
600,sgs,1.0,0.9995796553173603
600,rbf_bootstrap,0.0,0.0
600,rbf_bootstrap,0.05263157894736842,0.015132408575031526
600,rbf_bootstrap,0.10526315789473684,0.03614964270701976
600,rbf_bootstrap,0.15789473684210525,0.050021017234131986
600,rbf_bootstrap,0.21052631578947367,0.06935687263556116
600,rbf_bootstrap,0.2631578947368421,0.08617065994115175
600,rbf_bootstrap,0.3157894736842105,0.10130306851618327
600,rbf_bootstrap,0.3684210526315789,0.11559478772593526
600,rbf_bootstrap,0.42105263157894735,0.1307271963009668
600,rbf_bootstrap,0.47368421052631576,0.14417822614543926
600,rbf_bootstrap,0.5263157894736842,0.15762925598991173
600,rbf_bootstrap,0.5789473684210527,0.17360235393022277
600,rbf_bootstrap,0.631578947368421,0.1984026902059689
600,rbf_bootstrap,0.6842105263157894,0.21941992433795712
600,rbf_bootstrap,0.7368421052631579,0.24548129466162252
600,rbf_bootstrap,0.7894736842105263,0.2677595628415301
600,rbf_bootstrap,0.8421052631578947,0.29760403530895335
600,rbf_bootstrap,0.894736842105263,0.33879781420765026
600,rbf_bootstrap,0.9473684210526315,0.4010088272383354
600,rbf_bootstrap,1.0,0.9604875998318622
600,gp_mle,0.0,0.0
600,gp_mle,0.05263157894736842,0.049600672551492225
600,gp_mle,0.10526315789473684,0.10004203446826397
600,gp_mle,0.15789473684210525,0.15006305170239598
600,gp_mle,0.21052631578947367,0.19882303488860867
600,gp_mle,0.2631578947368421,0.2492643968053804
600,gp_mle,0.3157894736842105,0.3068516183270282
600,gp_mle,0.3684210526315789,0.3619167717528373
600,gp_mle,0.42105263157894735,0.41025641025641024
600,gp_mle,0.47368421052631576,0.4598570828079025
600,gp_mle,0.5263157894736842,0.5128205128205128
600,gp_mle,0.5789473684210527,0.5666246321984026
600,gp_mle,0.631578947368421,0.619588062211013
600,gp_mle,0.6842105263157894,0.6801176965111392
600,gp_mle,0.7368421052631579,0.7318200924758301
600,gp_mle,0.7894736842105263,0.7738545607398066
600,gp_mle,0.8421052631578947,0.8255569567044977
600,gp_mle,0.894736842105263,0.8814627994955864
600,gp_mle,0.9473684210526315,0.9390500210172341
600,gp_mle,1.0,1.0
700,kriging,0.0,0.0
700,kriging,0.05263157894736842,0.04581757040773434
700,kriging,0.10526315789473684,0.09331651954602774
700,kriging,0.15789473684210525,0.13955443463640185
700,kriging,0.21052631578947367,0.18327028163093737
700,kriging,0.2631578947368421,0.2244640605296343
700,kriging,0.3157894736842105,0.26691887347625054
700,kriging,0.3684210526315789,0.31778058007566207
700,kriging,0.42105263157894735,0.3614964270701976
700,kriging,0.47368421052631576,0.4098360655737705
700,kriging,0.5263157894736842,0.4556536359815048
700,kriging,0.5789473684210527,0.5031525851197982
700,kriging,0.631578947368421,0.5565363598150483
700,kriging,0.6842105263157894,0.6065573770491803
700,kriging,0.7368421052631579,0.6586801176965111
700,kriging,0.7894736842105263,0.7099621689785625
700,kriging,0.8421052631578947,0.7713324926439681
700,kriging,0.894736842105263,0.825136612021858
700,kriging,0.9473684210526315,0.8911307271963009
700,kriging,1.0,1.0
700,sgs,0.0,0.0
700,sgs,0.05263157894736842,0.04329550231189575
700,sgs,0.10526315789473684,0.08827238335435057
700,sgs,0.15789473684210525,0.12021857923497267
700,sgs,0.21052631578947367,0.1685582177385456
700,sgs,0.2631578947368421,0.2244640605296343
700,sgs,0.3157894736842105,0.26902059688944935
700,sgs,0.3684210526315789,0.30601092896174864
700,sgs,0.42105263157894735,0.3509878100042034
700,sgs,0.47368421052631576,0.39848675914249687
700,sgs,0.5263157894736842,0.44094157208911305
700,sgs,0.5789473684210527,0.48675914249684743
700,sgs,0.631578947368421,0.5266918873476251
700,sgs,0.6842105263157894,0.5725094577553594
700,sgs,0.7368421052631579,0.6191677175283733
700,sgs,0.7894736842105263,0.6733921815889029
700,sgs,0.8421052631578947,0.7246742328709542
700,sgs,0.894736842105263,0.7772173182009248
700,sgs,0.9473684210526315,0.8495166036149643
700,sgs,1.0,0.9995796553173603
700,rbf_bootstrap,0.0,0.0
700,rbf_bootstrap,0.05263157894736842,0.01807482135350988
700,rbf_bootstrap,0.10526315789473684,0.03026481715006305
700,rbf_bootstrap,0.15789473684210525,0.04665825977301387
700,rbf_bootstrap,0.21052631578947367,0.06557377049180328
700,rbf_bootstrap,0.2631578947368421,0.0807061790668348
700,rbf_bootstrap,0.3157894736842105,0.09457755359394704
700,rbf_bootstrap,0.3684210526315789,0.1080285834384195
700,rbf_bootstrap,0.42105263157894735,0.12652374947456915
700,rbf_bootstrap,0.47368421052631576,0.1450189155107188
700,rbf_bootstrap,0.5263157894736842,0.15973097940311054
700,rbf_bootstrap,0.5789473684210527,0.17276166456494324
700,rbf_bootstrap,0.631578947368421,0.19293820933165196
700,rbf_bootstrap,0.6842105263157894,0.21437578814627994
700,rbf_bootstrap,0.7368421052631579,0.2421185372005044
700,rbf_bootstrap,0.7894736842105263,0.27154266498528795
700,rbf_bootstrap,0.8421052631578947,0.2959226565783943
700,rbf_bootstrap,0.894736842105263,0.3358554014291719
700,rbf_bootstrap,0.9473684210526315,0.403530895334174
700,rbf_bootstrap,1.0,0.957124842370744
700,gp_mle,0.0,0.0
700,gp_mle,0.05263157894736842,0.05128205128205128
700,gp_mle,0.10526315789473684,0.10004203446826397
700,gp_mle,0.15789473684210525,0.15510718789407313
700,gp_mle,0.21052631578947367,0.19966372425388818
700,gp_mle,0.2631578947368421,0.25220680958385877
700,gp_mle,0.3157894736842105,0.3051702395964691
700,gp_mle,0.3684210526315789,0.3640184951660361
700,gp_mle,0.42105263157894735,0.41067675493905004
700,gp_mle,0.47368421052631576,0.4560739806641446
700,gp_mle,0.5263157894736842,0.5081967213114754
700,gp_mle,0.5789473684210527,0.5666246321984026
700,gp_mle,0.631578947368421,0.6187473728457336
700,gp_mle,0.6842105263157894,0.676754939050021
700,gp_mle,0.7368421052631579,0.7301387137452712
700,gp_mle,0.7894736842105263,0.7717528373266078
700,gp_mle,0.8421052631578947,0.8255569567044977
700,gp_mle,0.894736842105263,0.8827238335435057
700,gp_mle,0.9473684210526315,0.9398907103825137
700,gp_mle,1.0,1.0
800,kriging,0.0,0.0
800,kriging,0.05263157894736842,0.04077343421605717
800,kriging,0.10526315789473684,0.0878520386717108
800,kriging,0.15789473684210525,0.13451029844472467
800,kriging,0.21052631578947367,0.1723413198823035
800,kriging,0.2631578947368421,0.20975199663724253
800,kriging,0.3157894736842105,0.2555695670449769
800,kriging,0.3684210526315789,0.2980243799915931
800,kriging,0.42105263157894735,0.3459436738125263
800,kriging,0.47368421052631576,0.39596469104665827
800,kriging,0.5263157894736842,0.4371584699453552
800,kriging,0.5789473684210527,0.4791929382093317
800,kriging,0.631578947368421,0.5275325767129045
800,kriging,0.6842105263157894,0.5783942833123161
800,kriging,0.7368421052631579,0.6284153005464481
800,kriging,0.7894736842105263,0.6801176965111392
800,kriging,0.8421052631578947,0.739386296763346
800,kriging,0.894736842105263,0.8036990332072299
800,kriging,0.9473684210526315,0.8764186633039092
800,kriging,1.0,1.0
800,sgs,0.0,0.0
800,sgs,0.05263157894736842,0.04329550231189575
800,sgs,0.10526315789473684,0.07986548970155527
800,sgs,0.15789473684210525,0.1164354770912148
800,sgs,0.21052631578947367,0.16351408154686844
800,sgs,0.2631578947368421,0.2068095838587642
800,sgs,0.3157894736842105,0.251786464901219
800,sgs,0.3684210526315789,0.2934005884825557
800,sgs,0.42105263157894735,0.3371164354770912
800,sgs,0.47368421052631576,0.3774695250105086
800,sgs,0.5263157894736842,0.4203446826397646
800,sgs,0.5789473684210527,0.4636401849516604
800,sgs,0.631578947368421,0.5010508617065994
800,sgs,0.6842105263157894,0.5510718789407314
800,sgs,0.7368421052631579,0.5939470365699874
800,sgs,0.7894736842105263,0.6452290878520387
800,sgs,0.8421052631578947,0.7032366540563262
800,sgs,0.894736842105263,0.7557797393862967
800,sgs,0.9473684210526315,0.826817990752417
800,sgs,1.0,0.9995796553173603
800,rbf_bootstrap,0.0,0.0
800,rbf_bootstrap,0.05263157894736842,0.014712063892391762
800,rbf_bootstrap,0.10526315789473684,0.031525851197982346
800,rbf_bootstrap,0.15789473684210525,0.04455653635981505
800,rbf_bootstrap,0.21052631578947367,0.06094997898276587
800,rbf_bootstrap,0.2631578947368421,0.07860445565363598
800,rbf_bootstrap,0.3157894736842105,0.09079445145018916
800,rbf_bootstrap,0.3684210526315789,0.10718789407313997
800,rbf_bootstrap,0.42105263157894735,0.11979823455233292
800,rbf_bootstrap,0.47368421052631576,0.13955443463640185
800,rbf_bootstrap,0.5263157894736842,0.15510718789407313
800,rbf_bootstrap,0.5789473684210527,0.16939890710382513
800,rbf_bootstrap,0.631578947368421,0.1912568306010929
800,rbf_bootstrap,0.6842105263157894,0.22068095838587642
800,rbf_bootstrap,0.7368421052631579,0.2471626733921816
800,rbf_bootstrap,0.7894736842105263,0.27154266498528795
800,rbf_bootstrap,0.8421052631578947,0.2988650693568726
800,rbf_bootstrap,0.894736842105263,0.33669609079445145
800,rbf_bootstrap,0.9473684210526315,0.40226986128625475
800,rbf_bootstrap,1.0,0.955443463640185
800,gp_mle,0.0,0.0
800,gp_mle,0.05263157894736842,0.05086170659941152
800,gp_mle,0.10526315789473684,0.09836065573770492
800,gp_mle,0.15789473684210525,0.15384615384615385
800,gp_mle,0.21052631578947367,0.1984026902059689
800,gp_mle,0.2631578947368421,0.25346784363177804
800,gp_mle,0.3157894736842105,0.3076923076923077
800,gp_mle,0.3684210526315789,0.36275746111811685
800,gp_mle,0.42105263157894735,0.4119377889869693
800,gp_mle,0.47368421052631576,0.45187053383774695
800,gp_mle,0.5263157894736842,0.5039932744850778
800,gp_mle,0.5789473684210527,0.562421185372005
800,gp_mle,0.631578947368421,0.6233711643547709
800,gp_mle,0.6842105263157894,0.6780159730979403
800,gp_mle,0.7368421052631579,0.7301387137452712
800,gp_mle,0.7894736842105263,0.7776376628835645
800,gp_mle,0.8421052631578947,0.8276586801176965
800,gp_mle,0.894736842105263,0.8835645229087852
800,gp_mle,0.9473684210526315,0.9419924337957125
800,gp_mle,1.0,1.0
300,kriging,0.0,0.0
300,kriging,0.0526315789473684,0.0508617065994115
300,kriging,0.1052631578947368,0.0954182429592265
300,kriging,0.1578947368421052,0.1408154686843211
300,kriging,0.2105263157894736,0.1929382093316519
300,kriging,0.2631578947368421,0.2404371584699453
300,kriging,0.3157894736842105,0.2971836906263135
300,kriging,0.3684210526315789,0.346364018495166
300,kriging,0.4210526315789473,0.3921815889029004
300,kriging,0.4736842105263157,0.4396805380411938
300,kriging,0.5263157894736842,0.4939050021017234
300,kriging,0.5789473684210527,0.5435056746532156
300,kriging,0.631578947368421,0.5901639344262295
300,kriging,0.6842105263157894,0.6443883984867591
300,kriging,0.7368421052631579,0.6918873476250526
300,kriging,0.7894736842105263,0.7431693989071039
300,kriging,0.8421052631578947,0.7961328289197142
300,kriging,0.894736842105263,0.8650693568726355
300,kriging,0.9473684210526316,0.926860025220681
300,kriging,1.0,1.0
300,sgs,0.0,0.0
300,sgs,0.0526315789473684,0.0479192938209331
300,sgs,0.1052631578947368,0.087431693989071
300,sgs,0.1578947368421052,0.1403951240016814
300,sgs,0.2105263157894736,0.1895754518705338
300,sgs,0.2631578947368421,0.2353930222782682
300,sgs,0.3157894736842105,0.2782681799075241
300,sgs,0.3684210526315789,0.3257671290458175
300,sgs,0.4210526315789473,0.3736864228667507
300,sgs,0.4736842105263157,0.416141235813367
300,sgs,0.5263157894736842,0.4649012189995796
300,sgs,0.5789473684210527,0.5098781000420345
300,sgs,0.631578947368421,0.560739806641446
300,sgs,0.6842105263157894,0.6116015132408575
300,sgs,0.7368421052631579,0.648171500630517
300,sgs,0.7894736842105263,0.7061790668348046
300,sgs,0.8421052631578947,0.7595628415300546
300,sgs,0.894736842105263,0.8116855821773854
300,sgs,0.9473684210526316,0.8764186633039092
300,sgs,1.0,0.9995796553173604
300,rbf_bootstrap,0.0,0.0
300,rbf_bootstrap,0.0526315789473684,0.0163934426229508
300,rbf_bootstrap,0.1052631578947368,0.0323665405632618
300,rbf_bootstrap,0.1578947368421052,0.0483396385035729
300,rbf_bootstrap,0.2105263157894736,0.0630517023959646
300,rbf_bootstrap,0.2631578947368421,0.0744010088272383
300,rbf_bootstrap,0.3157894736842105,0.0836485918453131
300,rbf_bootstrap,0.3684210526315789,0.1029844472467423
300,rbf_bootstrap,0.4210526315789473,0.1193778898696931
300,rbf_bootstrap,0.4736842105263157,0.1382934005884825
300,rbf_bootstrap,0.5263157894736842,0.1597309794031105
300,rbf_bootstrap,0.5789473684210527,0.1790668348045397
300,rbf_bootstrap,0.631578947368421,0.1984026902059689
300,rbf_bootstrap,0.6842105263157894,0.2236233711643547
300,rbf_bootstrap,0.7368421052631579,0.2459016393442623
300,rbf_bootstrap,0.7894736842105263,0.2770071458596049
300,rbf_bootstrap,0.8421052631578947,0.3097940311055065
300,rbf_bootstrap,0.894736842105263,0.3547709121479613
300,rbf_bootstrap,0.9473684210526316,0.4127784783522488
300,rbf_bootstrap,1.0,0.949978982765868
300,gp_mle,0.0,0.0
300,gp_mle,0.0526315789473684,0.0420344682639764
300,gp_mle,0.1052631578947368,0.1055065153425809
300,gp_mle,0.1578947368421052,0.1475409836065573
300,gp_mle,0.2105263157894736,0.1920975199663724
300,gp_mle,0.2631578947368421,0.2404371584699453
300,gp_mle,0.3157894736842105,0.2904581757040773
300,gp_mle,0.3684210526315789,0.3455233291298865
300,gp_mle,0.4210526315789473,0.4001681378730559
300,gp_mle,0.4736842105263157,0.4510298444724674
300,gp_mle,0.5263157894736842,0.5006305170239597
300,gp_mle,0.5789473684210527,0.5510718789407314
300,gp_mle,0.631578947368421,0.6094997898276587
300,gp_mle,0.6842105263157894,0.6591004623791509
300,gp_mle,0.7368421052631579,0.7095418242959226
300,gp_mle,0.7894736842105263,0.7578814627994955
300,gp_mle,0.8421052631578947,0.8036990332072299
300,gp_mle,0.894736842105263,0.8713745271122321
300,gp_mle,0.9473684210526316,0.9344262295081968
300,gp_mle,1.0,1.0
