axis_level,quantity,pinned_source,pinned_value,recomputed_value,relative_difference
100,gp_length_scale_m,qc_summary.gp_length_scale_m,42.14360788584492,42.14360788584492,0.0
100,gp_signal_variance_real_units,qc_summary.gp_signal_variance_real,7.126054837545095,7.1260548375450945,1.2463816795523006e-16
100,gp_noise_variance_real_units,qc_summary.gp_noise_variance_real,2.1737418347325894,2.1737418347325894,0.0
100,gp_log_marginal_likelihood,qc_summary.gp_log_marginal_likelihood,-160.59952650136051,-160.59952650136051,0.0
100,n_samples_actual,qc_summary.n_samples,121.0,121.0,0.0
100,gp_length_scale_m,scale_conversion.gp_length_scale_m,42.14360788584492,42.14360788584492,0.0
100,gp_practical_range_m,scale_conversion.practical_range_m,103.15688263603198,103.15688263603198,0.0
100,gp_practical_range_over_truth_range,scale_conversion.practical_range_over_truth_range,1.0315688263603198,1.0315688263603198,0.0
100,gp_noise_variance_real_units,scale_conversion.gp_noise_variance_real_units,2.1737418347325894,2.1737418347325894,0.0
100,gp_signal_variance_real_units,scale_conversion.gp_signal_variance_real_units,7.126054837545095,7.1260548375450945,1.2463816795523006e-16
100,truth_nugget_real_units,scale_conversion.truth_nugget_real_units,0.45,0.45,0.0
100,gp_noise_over_truth_nugget,scale_conversion.gp_noise_over_truth_nugget,4.8305374105168655,4.8305374105168655,0.0
100,truth_range_m,scale_conversion.truth_spherical_range_m,100.0,100.0,0.0
100,gp_signal_variance_normalized,manifest.fitted_hyperparameters.signal_variance_normalized,0.7953100346852426,0.7953100346852426,0.0
100,gp_noise_variance_normalized,manifest.fitted_hyperparameters.noise_variance_normalized,0.24260249652716748,0.24260249652716748,0.0
100,gp_y_train_std,manifest.fitted_hyperparameters.y_train_std,2.993342066237291,2.993342066237291,0.0
100,gp_length_scale_m,manifest.fitted_hyperparameters.length_scale_m,42.14360788584492,42.14360788584492,0.0
200,gp_length_scale_m,qc_summary.gp_length_scale_m,74.54832495036302,74.54832495036302,0.0
200,gp_signal_variance_real_units,qc_summary.gp_signal_variance_real,5.803602583387192,5.803602583387192,0.0
200,gp_noise_variance_real_units,qc_summary.gp_noise_variance_real,1.968951748116432,1.9689517481164318,1.1277300479173597e-16
200,gp_log_marginal_likelihood,qc_summary.gp_log_marginal_likelihood,-146.10545323075917,-146.10545323075917,0.0
200,n_samples_actual,qc_summary.n_samples,121.0,121.0,0.0
200,gp_length_scale_m,scale_conversion.gp_length_scale_m,74.54832495036302,74.54832495036302,0.0
200,gp_practical_range_m,scale_conversion.practical_range_m,182.47542612981476,182.47542612981474,1.5575636694326462e-16
200,gp_practical_range_over_truth_range,scale_conversion.practical_range_over_truth_range,0.9123771306490736,0.9123771306490737,1.2168466167442552e-16
200,gp_noise_variance_real_units,scale_conversion.gp_noise_variance_real_units,1.968951748116432,1.9689517481164318,1.1277300479173597e-16
200,gp_signal_variance_real_units,scale_conversion.gp_signal_variance_real_units,5.803602583387192,5.803602583387192,0.0
200,truth_nugget_real_units,scale_conversion.truth_nugget_real_units,0.45,0.45,0.0
200,gp_noise_over_truth_nugget,scale_conversion.gp_noise_over_truth_nugget,4.375448329147626,4.375448329147626,0.0
200,truth_range_m,scale_conversion.truth_spherical_range_m,200.0,200.0,0.0
200,gp_signal_variance_normalized,manifest.fitted_hyperparameters.signal_variance_normalized,0.7930179566345307,0.7930179566345307,0.0
200,gp_noise_variance_normalized,manifest.fitted_hyperparameters.noise_variance_normalized,0.26904221465350275,0.26904221465350275,0.0
200,gp_y_train_std,manifest.fitted_hyperparameters.y_train_std,2.7052494786056873,2.7052494786056873,0.0
200,gp_length_scale_m,manifest.fitted_hyperparameters.length_scale_m,74.54832495036302,74.54832495036302,0.0
300,gp_length_scale_m,qc_summary.gp_length_scale_m,116.13134573083444,116.13134573083444,0.0
300,gp_signal_variance_real_units,qc_summary.gp_signal_variance_real,5.947686649070972,5.947686649070972,0.0
300,gp_noise_variance_real_units,qc_summary.gp_noise_variance_real,1.6013470182877991,1.6013470182877991,0.0
300,gp_log_marginal_likelihood,qc_summary.gp_log_marginal_likelihood,-127.45853203842655,-127.45853203842657,1.1149394621081683e-16
300,n_samples_actual,qc_summary.n_samples,121.0,121.0,0.0
300,gp_length_scale_m,scale_conversion.gp_length_scale_m,116.13134573083444,116.13134573083444,0.0
300,gp_practical_range_m,scale_conversion.practical_range_m,284.2601334553482,284.2601334553482,0.0
300,gp_practical_range_over_truth_range,scale_conversion.practical_range_over_truth_range,0.947533778184494,0.9475337781844939,1.171697569191022e-16
300,gp_noise_variance_real_units,scale_conversion.gp_noise_variance_real_units,1.6013470182877991,1.6013470182877991,0.0
300,gp_signal_variance_real_units,scale_conversion.gp_signal_variance_real_units,5.947686649070972,5.947686649070972,0.0
300,truth_nugget_real_units,scale_conversion.truth_nugget_real_units,0.45,0.45,0.0
300,gp_noise_over_truth_nugget,scale_conversion.gp_noise_over_truth_nugget,3.5585489295284423,3.5585489295284423,0.0
300,truth_range_m,scale_conversion.truth_spherical_range_m,300.0,300.0,0.0
300,gp_signal_variance_normalized,manifest.fitted_hyperparameters.signal_variance_normalized,0.8786347523842618,0.8786347523842618,0.0
300,gp_noise_variance_normalized,manifest.fitted_hyperparameters.noise_variance_normalized,0.23656241895567068,0.23656241895567068,0.0
300,gp_y_train_std,manifest.fitted_hyperparameters.y_train_std,2.601775690272552,2.601775690272552,0.0
300,gp_length_scale_m,manifest.fitted_hyperparameters.length_scale_m,116.13134573083444,116.13134573083444,0.0
400,gp_length_scale_m,qc_summary.gp_length_scale_m,136.91180009067867,136.91180009067867,0.0
400,gp_signal_variance_real_units,qc_summary.gp_signal_variance_real,6.205693808151465,6.205693808151465,0.0
400,gp_noise_variance_real_units,qc_summary.gp_noise_variance_real,1.331992119264903,1.3319921192649027,1.6670114012954735e-16
400,gp_log_marginal_likelihood,qc_summary.gp_log_marginal_likelihood,-111.92969943756908,-111.92969943756907,1.2696232355317257e-16
400,n_samples_actual,qc_summary.n_samples,121.0,121.0,0.0
400,gp_length_scale_m,scale_conversion.gp_length_scale_m,136.91180009067867,136.91180009067867,0.0
400,gp_practical_range_m,scale_conversion.practical_range_m,335.12542475476425,335.12542475476425,0.0
400,gp_practical_range_over_truth_range,scale_conversion.practical_range_over_truth_range,0.8378135618869106,0.8378135618869106,0.0
400,gp_noise_variance_real_units,scale_conversion.gp_noise_variance_real_units,1.331992119264903,1.3319921192649027,1.6670114012954735e-16
400,gp_signal_variance_real_units,scale_conversion.gp_signal_variance_real_units,6.205693808151465,6.205693808151465,0.0
400,truth_nugget_real_units,scale_conversion.truth_nugget_real_units,0.45,0.45,0.0
400,gp_noise_over_truth_nugget,scale_conversion.gp_noise_over_truth_nugget,2.9599824872553397,2.9599824872553393,1.500310261165926e-16
400,truth_range_m,scale_conversion.truth_spherical_range_m,400.0,400.0,0.0
400,gp_signal_variance_normalized,manifest.fitted_hyperparameters.signal_variance_normalized,0.8838631989182734,0.8838631989182734,0.0
400,gp_noise_variance_normalized,manifest.fitted_hyperparameters.noise_variance_normalized,0.1897126819117261,0.1897126819117261,0.0
400,gp_y_train_std,manifest.fitted_hyperparameters.y_train_std,2.649736242000861,2.649736242000861,0.0
400,gp_length_scale_m,manifest.fitted_hyperparameters.length_scale_m,136.91180009067867,136.91180009067867,0.0
500,gp_length_scale_m,qc_summary.gp_length_scale_m,147.37600981194373,147.37600981194373,0.0
500,gp_signal_variance_real_units,qc_summary.gp_signal_variance_real,6.258233722347685,6.258233722347685,0.0
500,gp_noise_variance_real_units,qc_summary.gp_noise_variance_real,1.2445726815844034,1.2445726815844034,0.0
500,gp_log_marginal_likelihood,qc_summary.gp_log_marginal_likelihood,-103.61113790367288,-103.61113790367288,0.0
500,n_samples_actual,qc_summary.n_samples,121.0,121.0,0.0
500,gp_length_scale_m,scale_conversion.gp_length_scale_m,147.37600981194373,147.37600981194373,0.0
500,gp_practical_range_m,scale_conversion.practical_range_m,360.73916093557017,360.73916093557017,0.0
500,gp_practical_range_over_truth_range,scale_conversion.practical_range_over_truth_range,0.7214783218711404,0.7214783218711404,0.0
500,gp_noise_variance_real_units,scale_conversion.gp_noise_variance_real_units,1.2445726815844034,1.2445726815844034,0.0
500,gp_signal_variance_real_units,scale_conversion.gp_signal_variance_real_units,6.258233722347685,6.258233722347685,0.0
500,truth_nugget_real_units,scale_conversion.truth_nugget_real_units,0.45,0.45,0.0
500,gp_noise_over_truth_nugget,scale_conversion.gp_noise_over_truth_nugget,2.765717070187563,2.765717070187563,0.0
500,truth_range_m,scale_conversion.truth_spherical_range_m,500.0,500.0,0.0
500,gp_signal_variance_normalized,manifest.fitted_hyperparameters.signal_variance_normalized,0.8527270442893066,0.8527270442893066,0.0
500,gp_noise_variance_normalized,manifest.fitted_hyperparameters.noise_variance_normalized,0.16958151952378034,0.16958151952378034,0.0
500,gp_y_train_std,manifest.fitted_hyperparameters.y_train_std,2.7090740160180764,2.7090740160180764,0.0
500,gp_length_scale_m,manifest.fitted_hyperparameters.length_scale_m,147.37600981194373,147.37600981194373,0.0
600,gp_length_scale_m,qc_summary.gp_length_scale_m,152.91901879346182,152.91901879346182,0.0
600,gp_signal_variance_real_units,qc_summary.gp_signal_variance_real,6.23505928692793,6.23505928692793,0.0
600,gp_noise_variance_real_units,qc_summary.gp_noise_variance_real,1.2672772905820944,1.2672772905820944,0.0
600,gp_log_marginal_likelihood,qc_summary.gp_log_marginal_likelihood,-101.3345560178246,-101.33455601782461,1.4023700575253259e-16
600,n_samples_actual,qc_summary.n_samples,121.0,121.0,0.0
600,gp_length_scale_m,scale_conversion.gp_length_scale_m,152.91901879346182,152.91901879346182,0.0
600,gp_practical_range_m,scale_conversion.practical_range_m,374.3070436025164,374.3070436025164,0.0
600,gp_practical_range_over_truth_range,scale_conversion.practical_range_over_truth_range,0.6238450726708606,0.6238450726708606,0.0
600,gp_noise_variance_real_units,scale_conversion.gp_noise_variance_real_units,1.2672772905820944,1.2672772905820944,0.0
600,gp_signal_variance_real_units,scale_conversion.gp_signal_variance_real_units,6.23505928692793,6.23505928692793,0.0
600,truth_nugget_real_units,scale_conversion.truth_nugget_real_units,0.45,0.45,0.0
600,gp_noise_over_truth_nugget,scale_conversion.gp_noise_over_truth_nugget,2.8161717568490987,2.8161717568490987,0.0
600,truth_range_m,scale_conversion.truth_spherical_range_m,600.0,600.0,0.0
600,gp_signal_variance_normalized,manifest.fitted_hyperparameters.signal_variance_normalized,0.8259007330351328,0.8259007330351328,0.0
600,gp_noise_variance_normalized,manifest.fitted_hyperparameters.noise_variance_normalized,0.16786452142401684,0.16786452142401684,0.0
600,gp_y_train_std,manifest.fitted_hyperparameters.y_train_std,2.7476180953516316,2.7476180953516316,0.0
600,gp_length_scale_m,manifest.fitted_hyperparameters.length_scale_m,152.91901879346182,152.91901879346182,0.0
700,gp_length_scale_m,qc_summary.gp_length_scale_m,157.16160367831313,157.16160367831313,0.0
700,gp_signal_variance_real_units,qc_summary.gp_signal_variance_real,6.196880380248707,6.196880380248707,0.0
700,gp_noise_variance_real_units,qc_summary.gp_noise_variance_real,1.3361751464876372,1.3361751464876372,0.0
700,gp_log_marginal_likelihood,qc_summary.gp_log_marginal_likelihood,-100.746181962884,-100.74618196288401,1.4105601262822485e-16
700,n_samples_actual,qc_summary.n_samples,121.0,121.0,0.0
700,gp_length_scale_m,scale_conversion.gp_length_scale_m,157.16160367831313,157.16160367831313,0.0
700,gp_practical_range_m,scale_conversion.practical_range_m,384.69181730830553,384.69181730830553,0.0
700,gp_practical_range_over_truth_range,scale_conversion.practical_range_over_truth_range,0.5495597390118651,0.5495597390118651,0.0
700,gp_noise_variance_real_units,scale_conversion.gp_noise_variance_real_units,1.3361751464876372,1.3361751464876372,0.0
700,gp_signal_variance_real_units,scale_conversion.gp_signal_variance_real_units,6.196880380248707,6.196880380248707,0.0
700,truth_nugget_real_units,scale_conversion.truth_nugget_real_units,0.45,0.45,0.0
700,gp_noise_over_truth_nugget,scale_conversion.gp_noise_over_truth_nugget,2.9692781033058604,2.9692781033058604,0.0
700,truth_range_m,scale_conversion.truth_spherical_range_m,700.0,700.0,0.0
700,gp_signal_variance_normalized,manifest.fitted_hyperparameters.signal_variance_normalized,0.7941462999759887,0.7941462999759887,0.0
700,gp_noise_variance_normalized,manifest.fitted_hyperparameters.noise_variance_normalized,0.1712343120395112,0.1712343120395112,0.0
700,gp_y_train_std,manifest.fitted_hyperparameters.y_train_std,2.7934203848797976,2.7934203848797976,0.0
700,gp_length_scale_m,manifest.fitted_hyperparameters.length_scale_m,157.16160367831313,157.16160367831313,0.0
800,gp_length_scale_m,qc_summary.gp_length_scale_m,160.04131997320707,160.04131997320707,0.0
800,gp_signal_variance_real_units,qc_summary.gp_signal_variance_real,6.236248628677907,6.236248628677907,0.0
800,gp_noise_variance_real_units,qc_summary.gp_noise_variance_real,1.3940787162879549,1.3940787162879547,1.5927694923589e-16
800,gp_log_marginal_likelihood,qc_summary.gp_log_marginal_likelihood,-101.08349655136848,-101.08349655136847,1.405853101646553e-16
800,n_samples_actual,qc_summary.n_samples,121.0,121.0,0.0
800,gp_length_scale_m,scale_conversion.gp_length_scale_m,160.04131997320707,160.04131997320707,0.0
800,gp_practical_range_m,scale_conversion.practical_range_m,391.7406337423921,391.74063374239205,1.451047299274758e-16
800,gp_practical_range_over_truth_range,scale_conversion.practical_range_over_truth_range,0.48967579217799,0.48967579217799007,1.1336307025584048e-16
800,gp_noise_variance_real_units,scale_conversion.gp_noise_variance_real_units,1.3940787162879549,1.3940787162879547,1.5927694923589e-16
800,gp_signal_variance_real_units,scale_conversion.gp_signal_variance_real_units,6.236248628677907,6.236248628677907,0.0
800,truth_nugget_real_units,scale_conversion.truth_nugget_real_units,0.45,0.45,0.0
800,gp_noise_over_truth_nugget,scale_conversion.gp_noise_over_truth_nugget,3.097952702862121,3.097952702862121,0.0
800,truth_range_m,scale_conversion.truth_spherical_range_m,800.0,800.0,0.0
800,gp_signal_variance_normalized,manifest.fitted_hyperparameters.signal_variance_normalized,0.7844183938794145,0.7844183938794145,0.0
800,gp_noise_variance_normalized,manifest.fitted_hyperparameters.noise_variance_normalized,0.1753523717036127,0.1753523717036127,0.0
800,gp_y_train_std,manifest.fitted_hyperparameters.y_train_std,2.819602105932821,2.819602105932821,0.0
800,gp_length_scale_m,manifest.fitted_hyperparameters.length_scale_m,160.04131997320707,160.04131997320707,0.0
