axis_level,range_m,truth_seed,is_pinned_realization,gp_length_scale_m,gp_practical_range_m,gp_noise_variance_real_units,gp_noise_variance_normalized,gp_signal_variance_normalized,gp_signal_variance_real_units,gp_noise_fraction_of_fitted_sill,gp_y_train_std,gp_log_marginal_likelihood,gp_noise_at_optimizer_floor,gp_length_scale_at_bound,gp_signal_var_at_bound,gp_noise_var_at_bound,gp_noise_level_lower_bound,truth_range_m,truth_nugget_normalized,truth_nugget_real_units,truth_field_variance,n_samples_actual,sample_mean,sample_variance,gp_practical_range_over_truth_range,gp_practical_range_minus_truth_range,gp_noise_over_truth_nugget,fitted_range_below_truth_range
100,100.0,101,True,42.14360788584492,103.15688263603198,2.1737418347325894,0.24260249652716748,0.7953100346852426,7.1260548375450945,0.23374079147476695,2.993342066237291,-160.59952650136051,False,False,False,False,1e-05,100.0,0.05,0.45,8.999999999999998,121,14.775497950553218,8.960096725505734,1.0315688263603198,3.1568826360319804,4.8305374105168655,False
100,100.0,7101,False,43.12278844038923,105.55366873508208,2.554056589478054,0.3194099832038025,0.7243272775861513,5.791844192538019,0.3060252759033022,2.827750024424056,-163.35193783100596,False,False,False,False,1e-05,100.0,0.05,0.45,9.0,121,15.020431928031442,7.99617020063025,1.0555366873508207,5.553668735082084,5.675681309951231,False
100,100.0,7102,False,41.99667960902423,102.79723941210672,4.84332686679558,0.4899669892694594,0.5378100100785694,5.316255437797714,0.4767249992753977,3.1440430159079806,-167.74945296941937,False,False,False,False,1e-05,100.0,0.05,0.45,9.000000000000002,121,14.92100837313326,9.88500648587975,1.0279723941210672,2.7972394121067197,10.762948592879068,False
100,100.0,7103,False,37.8055791708612,92.53848659752819,1.2966439142922268,0.15608339513521857,0.8350006286647976,6.936666662398183,0.15748755038625617,2.8822524125881164,-157.2012979679012,False,False,False,False,1e-05,100.0,0.05,0.45,9.000000000000004,121,15.060580758160027,8.307378969870017,0.9253848659752819,-7.461513402471809,2.8814309206493927,True
100,100.0,7104,False,61.69329204786781,151.00956008443444,2.7917925168372135,0.31407204518476634,0.6822359226033666,6.064408382226801,0.31523590630518217,2.981445864876228,-152.81897856046828,False,False,False,False,1e-05,100.0,0.05,0.45,8.999999999999996,121,14.991717831669764,8.889019445187557,1.5100956008443445,51.00956008443444,6.203983370749363,False
100,100.0,7105,False,52.880844739134474,129.43892011394075,2.780459808776133,0.41106323456406874,0.5980813983394234,4.0454634485201275,0.40733827556647184,2.600782254521623,-161.47356047983814,False,False,False,False,1e-05,100.0,0.05,0.45,9.000000000000004,121,14.372473416654984,6.764068335434577,1.2943892011394076,29.438920113940753,6.178799575058074,False
100,100.0,7106,False,60.41808677027522,147.88818040773972,3.900691989410886,0.4153264185724399,0.6248797622599689,5.868789881872889,0.3992731693250288,3.0646159013282492,-160.55947753065035,False,False,False,False,1e-05,100.0,0.05,0.45,9.000000000000002,121,14.431345632762067,9.391870622673958,1.4788818040773972,47.888180407739725,8.66820442091308,False
100,100.0,7107,False,112.68298813015143,275.81942706722225,4.9248410592937875,0.7611250886175456,0.2319944776251646,1.5011145290362808,0.7663982409460786,2.5437128896098873,-166.24667757485332,False,False,False,False,1e-05,100.0,0.05,0.45,9.0,121,14.793784542620694,6.470475264767482,2.7581942706722224,175.81942706722225,10.944091242875084,False
100,100.0,7108,False,42.98232614097609,105.20985258686343,4.730342695607154,0.54903166248037,0.45886876861261866,3.9535179411015435,0.5447280758526797,2.93526696646188,-167.7879890175006,False,False,False,False,1e-05,100.0,0.05,0.45,9.0,121,14.918870992917386,8.615792164402327,1.0520985258686344,5.209852586863434,10.511872656904787,False
100,100.0,7109,False,36.13961871363494,88.46063716831304,2.1443273436008488,0.26066944380033175,0.7535915837615097,6.199219269463214,0.2570042984170938,2.8681408770301817,-163.32925455267326,False,False,False,False,1e-05,100.0,0.05,0.45,9.0,121,15.508199806538437,8.226232090491461,0.8846063716831304,-11.539362831686958,4.765171874668552,True
200,200.0,101,True,74.54832495036302,182.47542612981474,1.9689517481164318,0.26904221465350275,0.7930179566345307,5.803602583387192,0.2533210659121289,2.7052494786056873,-146.10545323075917,False,False,False,False,1e-05,200.0,0.05,0.45,9.0,121,14.278902483260962,7.318374741496343,0.9123771306490737,-17.524573870185264,4.375448329147626,True
200,200.0,7101,False,89.71837875659779,219.60787725528334,2.5072307746757887,0.28866996584078997,0.8938773177297304,7.763733623167061,0.244108603394864,2.9471100573225644,-145.13248405532408,False,False,False,False,1e-05,200.0,0.05,0.45,9.0,121,15.102173251332076,8.685457689971809,1.0980393862764166,19.60787725528334,5.571623943723975,False
200,200.0,7102,False,76.29770572127542,186.7574673674695,3.1820125048086094,0.27977741059069816,0.6716638746049222,7.639082953511765,0.2940564120393144,3.3724429979900052,-142.5130800963538,False,False,False,False,1e-05,200.0,0.05,0.45,9.0,121,14.810987308517477,11.373371774691815,0.9337873368373475,-13.242532632530498,7.071138899574687,True
200,200.0,7103,False,71.38151519531671,174.72387758853102,1.5396424705867,0.1719636649183481,0.8235335630184027,7.373343957159606,0.17274148043059528,2.99220672778828,-134.6868528054062,False,False,False,False,1e-05,200.0,0.05,0.45,8.999999999999996,121,15.199763212464285,8.953301101821445,0.8736193879426551,-25.276122411468975,3.421427712414889,True
200,200.0,7104,False,85.87070947755439,210.1897569719969,1.2289166566219043,0.13460101045380438,0.8047075084811844,7.347035936410305,0.14329797690583956,3.0216005804318673,-117.56613971107058,False,False,False,False,1e-05,200.0,0.05,0.45,9.0,121,15.229964606886266,9.130070067666198,1.0509487848599846,10.1897569719969,2.730925903604232,False
200,200.0,7105,False,77.3309007395766,189.28646719899146,1.399302820763997,0.17997058234253374,0.7568730683547287,5.884820761947215,0.19210311369307725,2.7884001269214154,-130.11287302405876,False,False,False,False,1e-05,200.0,0.05,0.45,9.000000000000002,121,14.60361507783626,7.775175267815365,0.9464323359949574,-10.71353280100854,3.1095618239199934,True
200,200.0,7106,False,94.83648310681967,232.13570095763265,1.7702918274460602,0.20154440829687995,0.9998898508263869,8.782664060105384,0.16775317231585746,2.963719212385702,-132.30779548481163,False,False,False,False,1e-05,200.0,0.05,0.45,9.000000000000002,121,14.422240732061592,8.783631569864125,1.1606785047881631,32.13570095763265,3.9339818387690224,False
200,200.0,7107,False,121.40617665632558,297.1715841355963,2.108168641763032,0.29085504450538224,0.8142531552921097,5.901850426430081,0.2631914635677128,2.692243730601588,-133.52753275713948,False,False,False,False,1e-05,200.0,0.05,0.45,9.0,121,14.727443189179079,7.248176304963557,1.4858579206779814,97.17158413559628,4.684819203917849,False
200,200.0,7108,False,77.0738516362042,188.6572760708823,3.1206935322514315,0.3636057960716359,0.6062543683678715,5.203256127116449,0.37490538265561985,2.9296123764672064,-149.72202594149712,False,False,False,False,1e-05,200.0,0.05,0.45,9.0,121,15.216881879842983,8.582628676349833,0.9432863803544115,-11.34272392911771,6.934874516114292,True
200,200.0,7109,False,85.51917334132416,209.32928550866959,3.5428085466267363,0.48433635046367,0.47437633459301753,3.469953330789014,0.5051944738115484,2.7045829717278678,-155.0601404562644,False,False,False,False,1e-05,200.0,0.05,0.45,9.0,121,15.564191572058572,7.314769050960345,1.046646427543348,9.329285508669585,7.872907881392747,False
300,300.0,101,True,116.13134573083444,284.2601334553482,1.6013470182877991,0.23656241895567068,0.8786347523842618,5.947686649070972,0.21212609306696506,2.601775690272552,-127.45853203842657,False,False,False,False,1e-05,300.0,0.05,0.45,8.999999999999998,121,14.103589033507593,6.769236742493214,0.9475337781844939,-15.739866544651818,3.5585489295284423,True
300,300.0,7101,False,91.61151825495402,224.24180346242147,2.42823303000055,0.2927970862827068,0.8826469373966361,7.319992403018411,0.2490948785176527,2.8797965417723375,-144.65290929649996,False,False,False,False,1e-05,300.0,0.05,0.45,9.0,121,15.249354300799176,8.293228122003914,0.7474726782080716,-75.75819653757853,5.396073400001223,True
300,300.0,7102,False,92.04493133368406,225.30268895225853,2.809966907962936,0.24599859535746663,0.669537973664116,7.647928017177687,0.26869335827880786,3.3797477612898,-131.7211855222391,False,False,False,False,1e-05,300.0,0.05,0.45,9.0,121,14.887455755413168,11.422694929943416,0.7510089631741951,-74.69731104774147,6.244370906584303,True
300,300.0,7103,False,89.50431132984222,219.08389438989042,1.5808215813108195,0.1705125742647729,0.8245431041996234,7.644336726837326,0.1713598323743187,3.0448312102249715,-124.18900173655166,False,False,False,False,1e-05,300.0,0.05,0.45,9.000000000000002,121,15.146699561081139,9.270997098760065,0.7302796479663014,-80.91610561010958,3.5129368473573765,True
300,300.0,7104,False,99.56415317894437,243.70784039318042,0.9146984609514266,0.09352416853271062,0.7148023303571891,6.991012074419392,0.11570098055816593,3.127354017176484,-94.22109148911753,False,False,False,False,1e-05,300.0,0.05,0.45,9.000000000000004,121,15.537030891210884,9.780343148749893,0.8123594679772681,-56.29215960681958,2.0326632465587258,True
300,300.0,7105,False,106.02027079927342,259.5107818368434,1.2724446782110699,0.16739645041875048,0.8204730453375265,6.236730573101948,0.16945198848416493,2.7570607303093024,-115.79015024060654,False,False,False,False,1e-05,300.0,0.05,0.45,9.000000000000004,121,14.764304614478226,7.601383870613665,0.8650359394561448,-40.48921816315658,2.827654840469044,True
300,300.0,7106,False,110.4283358553278,270.3006091072354,1.3137200280261898,0.16585837761742095,1.0737944173701317,8.505239544400839,0.13379421906525554,2.8143797934264945,-119.45755203127662,False,False,False,False,1e-05,300.0,0.05,0.45,9.0,121,14.380106720803417,7.920733621647359,0.9010020303574513,-29.699390892764598,2.9193778400581993,True
300,300.0,7107,False,151.17232028046163,370.0315678531653,1.5160824813906884,0.22622890330327078,1.1616375837378572,7.784762975529626,0.16300480299483355,2.588733653846323,-120.43122585913721,False,False,False,False,1e-05,300.0,0.05,0.45,9.0,121,14.661693416687244,6.701541930556534,1.233438559510551,70.03156785316531,3.369072180868196,False
300,300.0,7108,False,96.14219521914957,235.3317536423697,2.5811102413471176,0.29420223879111573,0.629546403011137,5.523168942874662,0.31848733029487447,2.9619675098029474,-136.3261310419258,False,False,False,False,1e-05,300.0,0.05,0.45,9.000000000000004,121,15.269973625168275,8.773251529128274,0.784439178807899,-64.6682463576303,5.735800536326928,True
300,300.0,7109,False,114.33809222203415,279.870702862575,2.954801838506007,0.4109548550482951,0.5315423114638543,3.8218363400830326,0.43602768225722577,2.681434065743819,-144.20928066214765,False,False,False,False,1e-05,300.0,0.05,0.45,9.0,121,15.546437638416291,7.190088648931428,0.93290234287525,-20.129297137425,6.566226307791126,True
400,400.0,101,True,136.91180009067867,335.12542475476425,1.3319921192649027,0.1897126819117261,0.8838631989182734,6.205693808151465,0.17671101344513818,2.649736242000861,-111.92969943756907,False,False,False,False,1e-05,400.0,0.05,0.45,9.000000000000004,121,14.096751762325383,7.021102152172845,0.8378135618869106,-64.87457524523575,2.9599824872553393,True
400,400.0,7101,False,91.03622461642192,222.8336302819937,2.490558477354076,0.30321056615903835,0.8224370922645582,6.755462707574491,0.2693654305501483,2.8660001312935854,-144.65832027796344,False,False,False,False,1e-05,400.0,0.05,0.45,9.0,121,15.405596155884982,8.213956752574848,0.5570840757049842,-177.1663697180063,5.534574394120169,True
400,400.0,7102,False,105.74767430328863,258.843534627742,2.7896354740944376,0.24974677008904045,0.6957729451224871,7.771683649549735,0.26413703074733685,3.342133459783258,-128.58375503853574,False,False,False,False,1e-05,400.0,0.05,0.45,9.0,121,14.793339672326589,11.169856063002811,0.6471088365693549,-141.15646537225803,6.199189942432083,True
400,400.0,7103,False,97.45143455367374,238.5364400740539,1.6524554655784711,0.17852991147442318,0.8160691489944478,7.553456529546537,0.17949937675414768,3.042351486134631,-121.80329950775118,False,False,False,False,1e-05,400.0,0.05,0.45,9.000000000000002,121,15.03617553405966,9.255902565185597,0.5963411001851348,-161.4635599259461,3.6721232568410467,True
400,400.0,7104,False,109.73648285967434,268.60712812982763,0.7825293327153297,0.07762063919958394,0.6623192332899609,6.6771445457730785,0.10490127925993162,3.1751314191894244,-80.20223439953068,False,False,False,False,1e-05,400.0,0.05,0.45,9.0,121,15.659037634044301,10.08145952912385,0.6715178203245691,-131.39287187017237,1.7389540727007324,True
400,400.0,7105,False,122.40217116001804,299.60952652538504,1.089622713337674,0.1455748791514091,0.8689769127059764,6.504260810449836,0.14348688782550828,2.7358662041920727,-104.97757819866983,False,False,False,False,1e-05,400.0,0.05,0.45,9.0,121,14.933552393998205,7.4849638872403395,0.7490238163134626,-100.39047347461496,2.4213838074170533,True
400,400.0,7106,False,120.76148556299943,295.59354355513904,1.062026440756564,0.14752148182593883,1.0906533882355662,7.851756379274928,0.11914430295182042,2.6831195988204217,-110.74495229629582,False,False,False,False,1e-05,400.0,0.05,0.45,9.000000000000002,121,14.451026885896031,7.199130781574262,0.7389838588878476,-104.40645644486096,2.360058757236809,True
400,400.0,7107,False,167.2400837952264,409.36138507255964,1.3510071736344802,0.22530233713771106,1.3638927049310017,8.178471878448613,0.14177135667653912,2.448758627489287,-118.86671278679634,False,False,False,False,1e-05,400.0,0.05,0.45,9.0,121,14.612213448766424,5.996418815703217,1.023403462681399,9.361385072559642,3.002238163632178,False
400,400.0,7108,False,111.12920906139144,272.01616927608677,2.3352676854894394,0.2741541688849441,0.6385720387310307,5.439408975507948,0.3003684638365212,2.9185753338155225,-129.48966489905496,False,False,False,False,1e-05,400.0,0.05,0.45,9.0,121,15.191494990908664,8.518081979156388,0.680040423190217,-127.98383072391323,5.189483745532088,True
400,400.0,7109,False,126.98048448712478,310.8160784616743,2.621227780647805,0.3627592970307844,0.5349954062194576,3.8657722428610675,0.40407395886364755,2.688085667242133,-136.34853224610416,False,False,False,False,1e-05,400.0,0.05,0.45,9.000000000000004,121,15.558868036313152,7.225804554432584,0.7770401961541857,-89.1839215383257,5.824950623661788,True
500,500.0,101,True,147.37600981194373,360.73916093557017,1.2445726815844034,0.16958151952378034,0.8527270442893066,6.258233722347685,0.16588095368316377,2.7090740160180764,-103.61113790367288,False,False,False,False,1e-05,500.0,0.05,0.45,8.999999999999996,121,14.131465465429665,7.339082024264308,0.7214783218711404,-139.26083906442983,2.765717070187563,True
500,500.0,7101,False,91.02571851020105,222.80791399378876,2.5333803256388197,0.3062718320343235,0.787210899890012,6.511550842476064,0.28008840294655535,2.876051566736129,-144.10924663387644,False,False,False,False,1e-05,500.0,0.05,0.45,8.999999999999998,121,15.442322633766187,8.271672614525343,0.44561582798757754,-277.19208600621124,5.629734056975154,True
500,500.0,7102,False,118.51145339869603,290.0860344560355,2.7889756308006186,0.25453528292884703,0.7349670504015237,8.05312791776794,0.2572356571127598,3.310155256800309,-126.72666303084893,False,False,False,False,1e-05,500.0,0.05,0.45,9.000000000000004,121,14.608238236520993,10.957127824122718,0.5801720689120711,-209.91396554396448,6.197723624001375,True
500,500.0,7103,False,97.5035732328337,238.6640623607236,1.817635146340132,0.1982683535025938,0.792913049857456,7.269070438887782,0.2000323581843597,3.027796313393553,-125.05744038848074,False,False,False,False,1e-05,500.0,0.05,0.45,9.0,121,14.978736775061547,9.16755051539959,0.4773281247214472,-261.3359376392764,4.039189214089182,True
500,500.0,7104,False,116.16842340977254,284.3508902264579,0.7351395750695188,0.07147824667541257,0.6323588711547303,6.50368543513866,0.10155509686072342,3.206992586561857,-72.8525369119553,False,False,False,False,1e-05,500.0,0.05,0.45,8.999999999999998,121,15.738684143665399,10.284801450262709,0.5687017804529159,-215.64910977354208,1.633643500154486,True
500,500.0,7105,False,131.22404525650435,321.2032408857246,1.0044184541828516,0.13617575427680945,0.8754589800715457,6.457296015240108,0.1346096072556535,2.7158604266922457,-99.20468285386636,False,False,False,False,1e-05,500.0,0.05,0.45,9.0,121,14.952813532224127,7.375897857272988,0.6424064817714492,-178.7967591142754,2.2320410092952256,True
500,500.0,7106,False,124.5007752519176,304.74637804018596,0.9913479344351346,0.14653589428304026,1.0837128193958692,7.331558389058211,0.11911078845580945,2.6010041400722246,-108.8210914633089,False,False,False,False,1e-05,500.0,0.05,0.45,8.999999999999998,121,14.481905607240236,6.7652225366728524,0.6094927560803719,-195.25362195981404,2.2029954098558546,True
500,500.0,7107,False,180.1734702821102,441.0190408557995,1.2406993126613233,0.22641817099738173,1.5169066180892394,8.31216412598128,0.12987721646292244,2.340871811217178,-117.84694726784556,False,False,False,False,1e-05,500.0,0.05,0.45,9.0,121,14.565089643823642,5.47968083655119,0.882038081711599,-58.98095914420048,2.7571095836918293,True
500,500.0,7108,False,122.67261025816327,300.27149297076215,2.169728134572906,0.2657468482043381,0.6590360987352349,5.380794446997563,0.28736131984676666,2.8573839372165173,-125.8106954441744,False,False,False,False,1e-05,500.0,0.05,0.45,9.000000000000002,121,15.156242520798772,8.164642964662965,0.6005429859415243,-199.72850702923785,4.821618076828679,True
500,500.0,7109,False,137.71056707182512,337.080604101318,2.4835778650028018,0.345746518781029,0.533001496763254,3.8286740356537003,0.3934535414761408,2.68015543921209,-132.35648601167898,False,False,False,False,1e-05,500.0,0.05,0.45,9.0,121,15.550171209709307,7.18323317833815,0.674161208202636,-162.919395898682,5.519061922228448,True
600,600.0,101,True,152.91901879346182,374.3070436025164,1.2672772905820944,0.16786452142401684,0.8259007330351328,6.23505928692793,0.16891768017727288,2.7476180953516316,-101.33455601782461,False,False,False,False,1e-05,600.0,0.05,0.45,9.0,121,14.132862743793925,7.549405197903727,0.6238450726708606,-225.6929563974836,2.8161717568490987,True
600,600.0,7101,False,90.0992664863056,220.54019398852083,2.5858049475079286,0.31724518428303783,0.7760785778171618,6.325668365021203,0.2901658184704883,2.854962195804497,-145.50224359570717,False,False,False,False,1e-05,600.0,0.05,0.45,9.000000000000002,121,15.398983930731015,8.150809139472836,0.36756698998086806,-379.45980601147915,5.746233216684286,True
600,600.0,7102,False,125.26818037732788,306.6247915037572,2.8049907061483097,0.2567858613163013,0.7529155606789206,8.224444832721584,0.2543186091675292,3.305066174871812,-125.77508776114237,False,False,False,False,1e-05,600.0,0.05,0.45,9.0,121,14.449392861738366,10.923462420281792,0.5110413191729286,-293.3752084962428,6.233312680329577,True
600,600.0,7103,False,90.77547261419488,222.19537539494877,1.9028391108197942,0.21296213056433283,0.7624654069463572,6.812708875235346,0.21832696163962761,2.9891646879299927,-129.66084508189977,False,False,False,False,1e-05,600.0,0.05,0.45,9.0,121,14.871985106015286,8.93510553156761,0.37032562565824795,-377.80462460505123,4.22853135737732,True
600,600.0,7104,False,120.41400653331696,294.7430028615057,0.7033451016379436,0.06868114007420731,0.6263483861687754,6.414265529876964,0.09881758613258732,3.200114265314655,-69.11341479737774,False,False,False,False,1e-05,600.0,0.05,0.45,9.000000000000002,121,15.810239054634543,10.240731311070354,0.49123833810250955,-305.2569971384943,1.5629891147509858,True
600,600.0,7105,False,137.71632953889178,337.09470916181726,0.918385634850863,0.12643335938016717,0.8745624782768889,6.352640005506771,0.12630757753808322,2.6951423121365385,-93.86590181429159,False,False,False,False,1e-05,600.0,0.05,0.45,9.0,121,14.953616877529225,7.263792082668687,0.5618245152696955,-262.90529083818274,2.040856966335251,True
600,600.0,7106,False,125.35617535113606,306.840180922012,0.9868327706678258,0.1486574281865058,1.075826254781236,7.14165862220485,0.12140417243144436,2.576490075831526,-108.92043458580542,False,False,False,False,1e-05,600.0,0.05,0.45,9.0,121,14.475961189394985,6.638301110858342,0.5114003015366867,-293.159819077988,2.1929617125951686,True
600,600.0,7107,False,191.1585950689185,467.90784523734277,1.1545728751500568,0.2142433787293332,1.5516221075451402,8.361802397254225,0.12132485763756116,2.32143736672163,-113.4073139957649,False,False,False,False,1e-05,600.0,0.05,0.45,8.999999999999996,121,14.552051830552081,5.389071447611455,0.7798464087289046,-132.09215476265723,2.5657175003334594,True
600,600.0,7108,False,132.3477807049632,323.9538607682134,2.0112001340337393,0.25762507298357273,0.6913600856828516,5.39723669318316,0.2714742908578299,2.7940461856287806,-122.96581571804808,False,False,False,False,1e-05,600.0,0.05,0.45,9.0,121,15.09667998293652,7.806694087426738,0.5399231012803557,-276.0461392317866,4.469333631186087,True
600,600.0,7109,False,150.663294972451,368.78560276874595,2.3881293104454793,0.32377118296164015,0.5374993840158764,3.964583943428917,0.3759227301797395,2.7158752880620765,-127.43757480667726,False,False,False,False,1e-05,600.0,0.05,0.45,9.000000000000002,121,15.535317061302132,7.375978580306268,0.6146426712812433,-231.21439723125405,5.306954023212176,True
700,700.0,101,True,157.16160367831313,384.69181730830553,1.3361751464876372,0.1712343120395112,0.7941462999759887,6.196880380248707,0.17737492332895732,2.7934203848797976,-100.74618196288401,False,False,False,False,1e-05,700.0,0.05,0.45,9.000000000000002,121,14.156147141152065,7.803197446661995,0.5495597390118651,-315.30818269169447,2.9692781033058604,True
700,700.0,7101,False,89.259574491719,218.48484057002344,2.6853105786453058,0.3341365908593437,0.7616648728745641,6.121169594902522,0.30492438814672157,2.8348836732597773,-147.42731339713254,False,False,False,False,1e-05,700.0,0.05,0.45,8.999999999999998,121,15.297003322888044,8.036565440914847,0.3121212008143192,-481.51515942997656,5.967356841434013,True
700,700.0,7102,False,131.54828003023894,321.99688552552993,2.8604885220272074,0.2613338562102931,0.7645907833609706,8.369000448575267,0.2547300709333827,3.3084324075390046,-125.30600677601919,False,False,False,False,1e-05,700.0,0.05,0.45,9.0,121,14.314276350043333,10.945724995254334,0.45999555075075704,-378.00311447447007,6.356641160060461,True
700,700.0,7103,False,85.2341993359995,208.63174129030975,1.9963864240548395,0.23082998352543335,0.7369458120951711,6.373646057851774,0.23851597092011304,2.940872482079143,-134.15713248062644,False,False,False,False,1e-05,700.0,0.05,0.45,9.0,121,14.812166349682292,8.648730955850338,0.29804534470044247,-491.3682587096903,4.4364142756774205,True
700,700.0,7104,False,121.6883719528732,297.86232677835375,0.7022108186734884,0.06945665396921198,0.6281236883777436,6.350367088507627,0.09956796336251449,3.1796317817005324,-69.0303318868323,False,False,False,False,1e-05,700.0,0.05,0.45,9.0,121,15.84973813229362,10.110058267200102,0.4255176096833625,-402.13767322164625,1.5604684859410853,True
700,700.0,7105,False,142.8734351822417,349.71799815581323,0.9024018484726859,0.12805554102998412,0.8817564790216968,6.213699697583832,0.12681126634185874,2.6546104546518534,-92.93162490661956,False,False,False,False,1e-05,700.0,0.05,0.45,9.0,121,14.914085837417396,7.04695666594692,0.49959714022259033,-350.28200184418677,2.005337441050413,True
700,700.0,7106,False,125.22741337116067,306.525004193615,1.0367082828716392,0.15901405986197142,1.05520275656835,6.879501339648596,0.13096018578416432,2.5533510084157243,-111.33616223106208,False,False,False,False,1e-05,700.0,0.05,0.45,9.000000000000002,121,14.475529849014057,6.519601372177597,0.43789286313373577,-393.474995806385,2.3037961841591983,True
700,700.0,7107,False,196.35454296864197,480.6262102412736,1.155364198626677,0.2174221497515532,1.5677643981878435,8.330976671960684,0.12179239755224405,2.305194422919378,-113.32854090975971,False,False,False,False,1e-05,700.0,0.05,0.45,9.000000000000004,121,14.55369512994858,5.313921327458604,0.686608871773248,-219.3737897587264,2.567475996948171,True
700,700.0,7108,False,138.59792478686617,339.2526311359899,1.9157965074425392,0.2543489224590669,0.7171641122947051,5.401794072150777,0.2618070096440148,2.744477897385882,-121.58679655196886,False,False,False,False,1e-05,700.0,0.05,0.45,9.0,121,15.07484844946745,7.532158929239632,0.48464661590855695,-360.7473688640101,4.2573255720945316,True
700,700.0,7109,False,162.03372825995834,396.6175448117097,2.41117761885471,0.32487286499798407,0.5386487516558608,3.9978033081485576,0.3762185667764401,2.724318519486156,-126.1989560430924,False,False,False,False,1e-05,700.0,0.05,0.45,9.0,121,15.517522547573472,7.4219113956152425,0.5665964925881567,-303.3824551882903,5.3581724863438,True
800,800.0,101,True,160.04131997320707,391.74063374239205,1.3940787162879547,0.1753523717036127,0.7844183938794145,6.236248628677907,0.1827023472600692,2.819602105932821,-101.08349655136847,False,False,False,False,1e-05,800.0,0.05,0.45,9.0,121,14.144265969198242,7.950156035780798,0.48967579217799007,-408.25936625760795,3.097952702862121,True
800,800.0,7101,False,89.53613250896981,219.16178458024848,2.710895332545704,0.3398577509989256,0.7613559395120635,6.0730004149169075,0.30862107320989046,2.8242802258827595,-148.00040270456202,False,False,False,False,1e-05,800.0,0.05,0.45,9.0,121,15.2012254436001,7.976558794312372,0.2739522307253106,-580.8382154197516,6.0242118501015645,True
800,800.0,7102,False,138.1016539261243,338.0378857094497,2.852663879184819,0.26298407530103485,0.7793339849180208,8.453659812108235,0.2523069352225995,3.293522054672333,-124.42608106241038,False,False,False,False,1e-05,800.0,0.05,0.45,9.0,121,14.212822137314141,10.847287524613067,0.42254735713681213,-461.9621142905503,6.339253064855153,True
800,800.0,7103,False,82.55318983813612,202.0693087888895,2.049721967272015,0.24213982873941947,0.7161845724273332,6.0625270050281435,0.2526700023964913,2.909473207969544,-136.32830816282694,False,False,False,False,1e-05,800.0,0.05,0.45,9.000000000000004,121,14.768551002573156,8.465034347892589,0.25258663598611186,-597.9306912111106,4.554937705048922,True
800,800.0,7104,False,122.97332821879601,301.00757440582976,0.7162414080640078,0.07223415731417547,0.6380371719314522,6.326489564123146,0.10169938492504643,3.1488966530547904,-70.32858572656932,False,False,False,False,1e-05,800.0,0.05,0.45,9.0,121,15.873421297241045,9.91555013161966,0.3762594680072872,-498.99242559417024,1.5916475734755728,True
800,800.0,7105,False,145.76793562859297,356.8030024497737,0.9020294284018503,0.13004119896589367,0.881044939391727,6.111359087701879,0.1286153513855198,2.6337216315175733,-92.7270478734934,False,False,False,False,1e-05,800.0,0.05,0.45,9.0,121,14.861111745015913,6.936489632323589,0.4460037530622171,-443.1969975502263,2.0045098408930007,True
800,800.0,7106,False,125.61055864931608,307.46284683391025,1.095326404023489,0.16919240629880833,1.040703216719419,6.737357408415721,0.1398404978743025,2.5443763192759836,-113.4815397821152,False,False,False,False,1e-05,800.0,0.05,0.45,8.999999999999998,121,14.460400608431605,6.473850854092403,0.3843285585423878,-492.53715316608975,2.434058675607753,True
800,800.0,7107,False,199.26995489570805,487.7624005458787,1.1648007385001335,0.21895223913448858,1.5582121263797786,8.28950935930911,0.12320314506819927,2.3064875951422996,-113.10645421382158,False,False,False,False,1e-05,800.0,0.05,0.45,9.000000000000002,121,14.570883573988775,5.319885026545309,0.6097030006823484,-312.2375994541213,2.5884460855558524,True
800,800.0,7108,False,145.01896041259278,354.9697007385508,1.8982071211119453,0.2554979626707957,0.721766907049009,5.362324882835456,0.2614418778238191,2.7257001523045177,-120.60537405838149,False,False,False,False,1e-05,800.0,0.05,0.45,9.000000000000002,121,15.05384845804617,7.429441320272871,0.4437121259231885,-445.0302992614492,4.218238046915434,True
800,800.0,7109,False,167.98404698716698,411.18241861777534,2.4376826604723787,0.33265870060574826,0.5466224251842887,4.005582915073996,0.3783303096684275,2.707005515718365,-126.85726288991413,False,False,False,False,1e-05,800.0,0.05,0.45,8.999999999999998,121,15.49505550577625,7.327878862129652,0.5139780232722192,-388.81758138222466,5.417072578827508,True
