axis_level,gt_range_m,method,length_scale_m,length_definition,source
100,100.0,kriging,100.0,"input spherical variogram range (build_vario hmaj1/hmin1); EQUALS the ground-truth range at every level on this axis, NOT fitted from the conditioning data",results/raw/kriging/20260914T203308Z/manifest.json:params.variogram.hmaj1
100,100.0,sgs,100.0,"input spherical variogram range (build_vario hmaj1/hmin1); EQUALS the ground-truth range at every level on this axis, NOT fitted from the conditioning data",results/raw/sgs/20260914T203343Z/manifest.json:params.variogram.hmaj1
100,100.0,gp_mle,103.15688263603198,MLE-fitted sklearn RBF kernel length_scale converted to a practical range at the 0.05 correlation cutoff (factor=sqrt(2*ln(20))~=2.4477),results/raw/gp_mle/20260914T203412Z/manifest.json:params.fitted_hyperparameters.length_scale_m
100,100.0,rbf_bootstrap,95.04685435733488,CV-tuned gaussian RBF interpolation kernel shape parameter epsilon converted to an equivalent 0.05-cutoff distance (r=sqrt(-ln(0.05))/epsilon); NOT a fitted spatial correlation length -- see RBF_CAVEAT,results/raw/rbf_bootstrap/20260922T142647933482Z/manifest.json:params.best_epsilon
200,200.0,kriging,200.0,"input spherical variogram range (build_vario hmaj1/hmin1); EQUALS the ground-truth range at every level on this axis, NOT fitted from the conditioning data",results/raw/kriging/20260914T203427Z/manifest.json:params.variogram.hmaj1
200,200.0,sgs,200.0,"input spherical variogram range (build_vario hmaj1/hmin1); EQUALS the ground-truth range at every level on this axis, NOT fitted from the conditioning data",results/raw/sgs/20260914T203533Z/manifest.json:params.variogram.hmaj1
200,200.0,gp_mle,182.47542612981474,MLE-fitted sklearn RBF kernel length_scale converted to a practical range at the 0.05 correlation cutoff (factor=sqrt(2*ln(20))~=2.4477),results/raw/gp_mle/20260914T203601Z/manifest.json:params.fitted_hyperparameters.length_scale_m
200,200.0,rbf_bootstrap,184.31746876702965,CV-tuned gaussian RBF interpolation kernel shape parameter epsilon converted to an equivalent 0.05-cutoff distance (r=sqrt(-ln(0.05))/epsilon); NOT a fitted spatial correlation length -- see RBF_CAVEAT,results/raw/rbf_bootstrap/20260922T142648107084Z/manifest.json:params.best_epsilon
300,300.0,kriging,300.0,"input spherical variogram range (build_vario hmaj1/hmin1); EQUALS the ground-truth range at every level on this axis, NOT fitted from the conditioning data",results/raw/kriging/20260914T184654Z/manifest.json:params.variogram.hmaj1
300,300.0,sgs,300.0,"input spherical variogram range (build_vario hmaj1/hmin1); EQUALS the ground-truth range at every level on this axis, NOT fitted from the conditioning data",results/raw/sgs/20260914T141516Z/manifest.json:params.variogram.hmaj1
300,300.0,gp_mle,284.2601334553482,MLE-fitted sklearn RBF kernel length_scale converted to a practical range at the 0.05 correlation cutoff (factor=sqrt(2*ln(20))~=2.4477),results/raw/gp_mle/20260914T180412Z/manifest.json:params.fitted_hyperparameters.length_scale_m
300,300.0,rbf_bootstrap,262.402819580662,CV-tuned gaussian RBF interpolation kernel shape parameter epsilon converted to an equivalent 0.05-cutoff distance (r=sqrt(-ln(0.05))/epsilon); NOT a fitted spatial correlation length -- see RBF_CAVEAT,results/raw/rbf_bootstrap/20260922T142648066028Z-1/manifest.json:params.best_epsilon
400,400.0,kriging,400.0,"input spherical variogram range (build_vario hmaj1/hmin1); EQUALS the ground-truth range at every level on this axis, NOT fitted from the conditioning data",results/raw/kriging/20260914T203617Z/manifest.json:params.variogram.hmaj1
400,400.0,sgs,400.0,"input spherical variogram range (build_vario hmaj1/hmin1); EQUALS the ground-truth range at every level on this axis, NOT fitted from the conditioning data",results/raw/sgs/20260914T203738Z/manifest.json:params.variogram.hmaj1
400,400.0,gp_mle,335.12542475476425,MLE-fitted sklearn RBF kernel length_scale converted to a practical range at the 0.05 correlation cutoff (factor=sqrt(2*ln(20))~=2.4477),results/raw/gp_mle/20260914T203806Z/manifest.json:params.fitted_hyperparameters.length_scale_m
400,400.0,rbf_bootstrap,299.567191068407,CV-tuned gaussian RBF interpolation kernel shape parameter epsilon converted to an equivalent 0.05-cutoff distance (r=sqrt(-ln(0.05))/epsilon); NOT a fitted spatial correlation length -- see RBF_CAVEAT,results/raw/rbf_bootstrap/20260922T142648328929Z/manifest.json:params.best_epsilon
500,500.0,kriging,500.0,"input spherical variogram range (build_vario hmaj1/hmin1); EQUALS the ground-truth range at every level on this axis, NOT fitted from the conditioning data",results/raw/kriging/20260914T203822Z/manifest.json:params.variogram.hmaj1
500,500.0,sgs,500.0,"input spherical variogram range (build_vario hmaj1/hmin1); EQUALS the ground-truth range at every level on this axis, NOT fitted from the conditioning data",results/raw/sgs/20260914T203943Z/manifest.json:params.variogram.hmaj1
500,500.0,gp_mle,360.73916093557017,MLE-fitted sklearn RBF kernel length_scale converted to a practical range at the 0.05 correlation cutoff (factor=sqrt(2*ln(20))~=2.4477),results/raw/gp_mle/20260914T204012Z/manifest.json:params.fitted_hyperparameters.length_scale_m
500,500.0,rbf_bootstrap,313.09021669144823,CV-tuned gaussian RBF interpolation kernel shape parameter epsilon converted to an equivalent 0.05-cutoff distance (r=sqrt(-ln(0.05))/epsilon); NOT a fitted spatial correlation length -- see RBF_CAVEAT,results/raw/rbf_bootstrap/20260922T142648066028Z/manifest.json:params.best_epsilon
600,600.0,kriging,600.0,"input spherical variogram range (build_vario hmaj1/hmin1); EQUALS the ground-truth range at every level on this axis, NOT fitted from the conditioning data",results/raw/kriging/20260914T204028Z/manifest.json:params.variogram.hmaj1
600,600.0,sgs,600.0,"input spherical variogram range (build_vario hmaj1/hmin1); EQUALS the ground-truth range at every level on this axis, NOT fitted from the conditioning data",results/raw/sgs/20260914T204200Z/manifest.json:params.variogram.hmaj1
600,600.0,gp_mle,374.3070436025164,MLE-fitted sklearn RBF kernel length_scale converted to a practical range at the 0.05 correlation cutoff (factor=sqrt(2*ln(20))~=2.4477),results/raw/gp_mle/20260914T204228Z/manifest.json:params.fitted_hyperparameters.length_scale_m
600,600.0,rbf_bootstrap,327.22369708875664,CV-tuned gaussian RBF interpolation kernel shape parameter epsilon converted to an equivalent 0.05-cutoff distance (r=sqrt(-ln(0.05))/epsilon); NOT a fitted spatial correlation length -- see RBF_CAVEAT,results/raw/rbf_bootstrap/20260922T142647850052Z/manifest.json:params.best_epsilon
700,700.0,kriging,700.0,"input spherical variogram range (build_vario hmaj1/hmin1); EQUALS the ground-truth range at every level on this axis, NOT fitted from the conditioning data",results/raw/kriging/20260914T204244Z/manifest.json:params.variogram.hmaj1
700,700.0,sgs,700.0,"input spherical variogram range (build_vario hmaj1/hmin1); EQUALS the ground-truth range at every level on this axis, NOT fitted from the conditioning data",results/raw/sgs/20260914T204407Z/manifest.json:params.variogram.hmaj1
700,700.0,gp_mle,384.69181730830553,MLE-fitted sklearn RBF kernel length_scale converted to a practical range at the 0.05 correlation cutoff (factor=sqrt(2*ln(20))~=2.4477),results/raw/gp_mle/20260914T204435Z/manifest.json:params.fitted_hyperparameters.length_scale_m
700,700.0,rbf_bootstrap,327.22369708875664,CV-tuned gaussian RBF interpolation kernel shape parameter epsilon converted to an equivalent 0.05-cutoff distance (r=sqrt(-ln(0.05))/epsilon); NOT a fitted spatial correlation length -- see RBF_CAVEAT,results/raw/rbf_bootstrap/20260922T142648200207Z/manifest.json:params.best_epsilon
800,800.0,kriging,800.0,"input spherical variogram range (build_vario hmaj1/hmin1); EQUALS the ground-truth range at every level on this axis, NOT fitted from the conditioning data",results/raw/kriging/20260914T193821Z/manifest.json:params.variogram.hmaj1
800,800.0,sgs,800.0,"input spherical variogram range (build_vario hmaj1/hmin1); EQUALS the ground-truth range at every level on this axis, NOT fitted from the conditioning data",results/raw/sgs/20260914T193946Z/manifest.json:params.variogram.hmaj1
800,800.0,gp_mle,391.74063374239205,MLE-fitted sklearn RBF kernel length_scale converted to a practical range at the 0.05 correlation cutoff (factor=sqrt(2*ln(20))~=2.4477),results/raw/gp_mle/20260914T194013Z/manifest.json:params.fitted_hyperparameters.length_scale_m
800,800.0,rbf_bootstrap,341.99518933533966,CV-tuned gaussian RBF interpolation kernel shape parameter epsilon converted to an equivalent 0.05-cutoff distance (r=sqrt(-ln(0.05))/epsilon); NOT a fitted spatial correlation length -- see RBF_CAVEAT,results/raw/rbf_bootstrap/20260922T142648058604Z/manifest.json:params.best_epsilon
