axis_level,method,mse,umg
100,gp_mle,6.863784440807778,0.9959303997699166
100,kriging,6.857374603580129,0.9914338178358886
100,rbf_bootstrap,6.825997124868639,0.2873476250525431
100,sgs,7.608454978629207,0.9278268179907525
200,gp_mle,5.10919389934944,0.9610340479192939
200,kriging,4.991586711994216,0.917906683480454
200,rbf_bootstrap,4.97122991122084,0.43648591845313156
200,sgs,5.5726992333043475,0.8736443883984868
300,gp_mle,3.3998837020315715,0.9611656821751732
300,kriging,3.3122649297599,0.9490962589323244
300,rbf_bootstrap,3.446077745046509,0.4646910466582598
300,sgs,3.612560450616712,0.9043295502311895
400,gp_mle,2.5285791707465832,0.9736864228667508
400,kriging,2.423967096051512,0.9757461118116857
400,rbf_bootstrap,2.5992637826368337,0.4551492223623371
400,sgs,2.580978389222938,0.9393763412313887
500,gp_mle,2.235273921278139,0.9806774186411805
500,kriging,2.125385907161182,0.9670449768810425
500,rbf_bootstrap,2.288365102910746,0.45018915510718804
500,sgs,2.2832972602422115,0.9331651954602775
600,gp_mle,2.211135354950207,0.9817570407734343
600,kriging,2.1123680407909466,0.9313156788566626
600,rbf_bootstrap,2.254348937813996,0.44829760403530905
600,sgs,2.273851753018347,0.8923917612442203
700,gp_mle,2.2607692849688226,0.9814627994955865
700,kriging,2.1624125236282206,0.9020596889449349
700,rbf_bootstrap,2.2845050772385873,0.4488020176544767
700,sgs,2.308731872807096,0.8639764606977722
800,gp_mle,2.300713550997992,0.9817990752416983
800,kriging,2.2175319191960736,0.8691046658259773
800,rbf_bootstrap,2.311793729234121,0.4419503993274485
800,sgs,2.333127510933946,0.8330390920554855
