axis_level,truth_range_m,method,realization_index,n_realizations,lag_m,model_semivariance_at_lag,truth_semivariance_at_lag,value_semivariance,value_pct_of_model,value_pct_of_truth
100,100.0,truth,,,87.5,8.807958984374999,8.489447724683124,8.489447724683124,96.38382444494914,100.0
100,100.0,sgs,0,10,87.5,8.807958984374999,8.489447724683124,8.962751534293414,101.75741678853196,105.57520141427051
100,100.0,sgs,1,10,87.5,8.807958984374999,8.489447724683124,8.559089922018813,97.17449794217174,100.8203383729333
100,100.0,sgs,2,10,87.5,8.807958984374999,8.489447724683124,7.895293629904838,89.63817433653817,93.00126328535154
100,100.0,sgs,3,10,87.5,8.807958984374999,8.489447724683124,8.180157249600084,92.87233585114767,96.35676565645399
100,100.0,sgs,4,10,87.5,8.807958984374999,8.489447724683124,7.673267828416504,87.11743369864239,90.38594826500231
100,100.0,sgs,5,10,87.5,8.807958984374999,8.489447724683124,9.493455793562978,107.78269756255706,111.8265416248538
100,100.0,sgs,6,10,87.5,8.807958984374999,8.489447724683124,9.122710126726448,103.57348555902459,107.45940634279553
100,100.0,sgs,7,10,87.5,8.807958984374999,8.489447724683124,7.684689138393832,87.24710403427392,90.52048363582648
100,100.0,sgs,8,10,87.5,8.807958984374999,8.489447724683124,9.364961183487418,106.32385096366276,110.31296130440538
100,100.0,sgs,9,10,87.5,8.807958984374999,8.489447724683124,7.165644344100056,81.35419745722761,84.4064841022096
100,100.0,gp_mle,0,10,87.5,8.807958984374999,8.489447724683124,8.453255275648836,95.97291825092063,99.5736772260337
100,100.0,gp_mle,1,10,87.5,8.807958984374999,8.489447724683124,9.07078806792051,102.98399531618803,106.84779931616913
100,100.0,gp_mle,2,10,87.5,8.807958984374999,8.489447724683124,8.583953152693114,97.45677935059345,101.11321055355833
100,100.0,gp_mle,3,10,87.5,8.807958984374999,8.489447724683124,7.99824615151859,90.80703220470474,94.21397493577395
100,100.0,gp_mle,4,10,87.5,8.807958984374999,8.489447724683124,7.712102288024205,87.55833561106718,90.84339215142603
100,100.0,gp_mle,5,10,87.5,8.807958984374999,8.489447724683124,8.374551266053398,95.07936266403544,98.64659678278407
100,100.0,gp_mle,6,10,87.5,8.807958984374999,8.489447724683124,9.238652271720063,104.88981940207827,108.8251270439963
100,100.0,gp_mle,7,10,87.5,8.807958984374999,8.489447724683124,7.4346995813439705,84.40888058780541,87.57577433132114
100,100.0,gp_mle,8,10,87.5,8.807958984374999,8.489447724683124,7.8097957390739206,88.66748531559033,91.99415547806353
100,100.0,gp_mle,9,10,87.5,8.807958984374999,8.489447724683124,8.421053246199708,95.60731675906248,99.19435891825378
200,200.0,truth,,,187.5,8.950946044921873,8.255671714155946,8.255671714155946,92.2323927853372,100.0
200,200.0,sgs,0,10,187.5,8.950946044921873,8.255671714155946,7.512069672532398,83.92486821875336,90.99283417061632
200,200.0,sgs,1,10,187.5,8.950946044921873,8.255671714155946,7.6834804922995446,85.83987048674706,93.06911367520502
200,200.0,sgs,2,10,187.5,8.950946044921873,8.255671714155946,7.1301859411099215,79.65846185783992,86.36712054433848
200,200.0,sgs,3,10,187.5,8.950946044921873,8.255671714155946,5.861181538049384,65.48114030219855,70.99581646396203
200,200.0,sgs,4,10,187.5,8.950946044921873,8.255671714155946,6.451599794335825,72.07729509213165,78.147484756126
200,200.0,sgs,5,10,187.5,8.950946044921873,8.255671714155946,7.614920347490864,85.07391631313682,92.23865254275567
200,200.0,sgs,6,10,187.5,8.950946044921873,8.255671714155946,7.639758972857408,85.3514135211625,92.53951994914675
200,200.0,sgs,7,10,187.5,8.950946044921873,8.255671714155946,6.998182589052333,78.18371995463654,84.76817915436965
200,200.0,sgs,8,10,187.5,8.950946044921873,8.255671714155946,7.621290040778949,85.14507854845941,92.31580790344138
200,200.0,sgs,9,10,187.5,8.950946044921873,8.255671714155946,7.080663808592542,79.10520042302797,85.76726466062567
200,200.0,gp_mle,0,10,187.5,8.950946044921873,8.255671714155946,7.55630089758793,84.41901961720387,91.52860190202561
200,200.0,gp_mle,1,10,187.5,8.950946044921873,8.255671714155946,6.354279118681522,70.99002816899434,76.96865062822062
200,200.0,gp_mle,2,10,187.5,8.950946044921873,8.255671714155946,7.8980177537544085,88.23668150960623,95.66777879759594
200,200.0,gp_mle,3,10,187.5,8.950946044921873,8.255671714155946,7.561325780241601,84.47515762349342,91.5894677264873
200,200.0,gp_mle,4,10,187.5,8.950946044921873,8.255671714155946,7.782392208283831,86.94491251792321,94.26721989125868
200,200.0,gp_mle,5,10,187.5,8.950946044921873,8.255671714155946,6.544308922624063,73.11304179223421,79.27045974227124
200,200.0,gp_mle,6,10,187.5,8.950946044921873,8.255671714155946,7.036451090157012,78.61125578059978,85.23172109777155
200,200.0,gp_mle,7,10,187.5,8.950946044921873,8.255671714155946,5.935009499797133,66.30594654477036,71.89008605587371
200,200.0,gp_mle,8,10,187.5,8.950946044921873,8.255671714155946,6.497387796248062,72.5888388069797,78.70210954618064
200,200.0,gp_mle,9,10,187.5,8.950946044921873,8.255671714155946,7.515617583532782,83.96450549265244,91.03580960766404
300,300.0,truth,,,287.5,8.978043619791665,8.092041237667942,8.092041237667942,90.1314538039159,100.0
300,300.0,sgs,0,10,287.5,8.978043619791665,8.092041237667942,6.276371582850147,69.9080094578087,77.562278768848
300,300.0,sgs,1,10,287.5,8.978043619791665,8.092041237667942,6.212031317620479,69.19136930819043,76.76717326530498
300,300.0,sgs,2,10,287.5,8.978043619791665,8.092041237667942,6.310829826144325,70.29181515928933,77.98810758363182
300,300.0,sgs,3,10,287.5,8.978043619791665,8.092041237667942,5.322689381346827,59.28562620940284,65.77684449468748
300,300.0,sgs,4,10,287.5,8.978043619791665,8.092041237667942,6.490265660879065,72.29042245430382,80.2055435736942
300,300.0,sgs,5,10,287.5,8.978043619791665,8.092041237667942,6.921364310959357,77.09212167004338,85.53298367710785
300,300.0,sgs,6,10,287.5,8.978043619791665,8.092041237667942,8.555699387458011,95.2958099757656,105.72980458418537
300,300.0,sgs,7,10,287.5,8.978043619791665,8.092041237667942,7.030258037343962,78.30501092516522,86.87867289428226
300,300.0,sgs,8,10,287.5,8.978043619791665,8.092041237667942,6.163376878442575,68.64944234460732,76.16591039789125
300,300.0,sgs,9,10,287.5,8.978043619791665,8.092041237667942,7.207754643034328,80.28201853625637,89.07214423825083
300,300.0,gp_mle,0,10,287.5,8.978043619791665,8.092041237667942,6.4535294039456925,71.88124358985289,79.75156347331647
300,300.0,gp_mle,1,10,287.5,8.978043619791665,8.092041237667942,6.109283632209041,68.04693640317608,75.49743572450805
300,300.0,gp_mle,2,10,287.5,8.978043619791665,8.092041237667942,7.231129749635555,80.54237711314832,89.36100962974707
300,300.0,gp_mle,3,10,287.5,8.978043619791665,8.092041237667942,6.053311144298281,67.42349893415586,74.8057377181977
300,300.0,gp_mle,4,10,287.5,8.978043619791665,8.092041237667942,5.853421975550612,65.19707659525093,72.3355430803207
300,300.0,gp_mle,5,10,287.5,8.978043619791665,8.092041237667942,6.338823650028443,70.60361832119874,78.33405025819218
300,300.0,gp_mle,6,10,287.5,8.978043619791665,8.092041237667942,5.623183826108153,62.63261868891029,69.49030116075762
300,300.0,gp_mle,7,10,287.5,8.978043619791665,8.092041237667942,5.797208325183154,64.57095299028718,71.64086483145333
300,300.0,gp_mle,8,10,287.5,8.978043619791665,8.092041237667942,5.743508838091439,63.97283285002259,70.97725616320105
300,300.0,gp_mle,9,10,287.5,8.978043619791665,8.092041237667942,5.204503432222949,57.96923753800741,64.3163236489245
400,400.0,truth,,,387.5,8.987606048583983,9.064746255774038,9.064746255774038,100.85829537668943,100.0
400,400.0,sgs,0,10,387.5,8.987606048583983,9.064746255774038,7.539114184668035,83.88345176584414,83.16961084118367
400,400.0,sgs,1,10,387.5,8.987606048583983,9.064746255774038,7.252350480193644,80.69279451046108,80.00610580328227
400,400.0,sgs,2,10,387.5,8.987606048583983,9.064746255774038,7.8372267959892765,87.20038187726362,86.45831416403014
400,400.0,sgs,3,10,387.5,8.987606048583983,9.064746255774038,6.4255070572902975,71.49297624479937,70.88457719594076
400,400.0,sgs,4,10,387.5,8.987606048583983,9.064746255774038,8.430683702748087,93.80344061783127,93.00518144540376
400,400.0,sgs,5,10,387.5,8.987606048583983,9.064746255774038,9.150918508222011,101.81708520328122,100.95063060803366
400,400.0,sgs,6,10,387.5,8.987606048583983,9.064746255774038,10.378237599867244,115.47276931994986,114.49010603310094
400,400.0,sgs,7,10,387.5,8.987606048583983,9.064746255774038,8.460854973299593,94.13913924979634,93.33802331102451
400,400.0,sgs,8,10,387.5,8.987606048583983,9.064746255774038,8.06263497807145,89.70837099988086,88.94496051597402
400,400.0,sgs,9,10,387.5,8.987606048583983,9.064746255774038,9.452254950349163,105.16988505341071,104.27489842121385
400,400.0,gp_mle,0,10,387.5,8.987606048583983,9.064746255774038,7.098293109431556,78.97868543704035,78.30658364992958
400,400.0,gp_mle,1,10,387.5,8.987606048583983,9.064746255774038,7.8138253971306675,86.94000777172197,86.20015581962306
400,400.0,gp_mle,2,10,387.5,8.987606048583983,9.064746255774038,8.715622691350873,96.97379529362036,96.14855667690884
400,400.0,gp_mle,3,10,387.5,8.987606048583983,9.064746255774038,6.577244194798627,73.18126939748196,72.55850311980957
400,400.0,gp_mle,4,10,387.5,8.987606048583983,9.064746255774038,7.708412477575895,85.76713794426239,85.03726701302655
400,400.0,gp_mle,5,10,387.5,8.987606048583983,9.064746255774038,9.08597441532137,101.09448907980213,100.23418371511293
400,400.0,gp_mle,6,10,387.5,8.987606048583983,9.064746255774038,8.237141402499626,91.6500051067259,90.87007148438109
400,400.0,gp_mle,7,10,387.5,8.987606048583983,9.064746255774038,7.9609852263885506,88.57737180906834,87.82358603052549
400,400.0,gp_mle,8,10,387.5,8.987606048583983,9.064746255774038,8.332035886884498,92.70584226594166,91.91692356062565
400,400.0,gp_mle,9,10,387.5,8.987606048583983,9.064746255774038,7.939709543047655,88.3406493356323,87.58887804487898
500,500.0,truth,,,487.5,8.992051171874998,10.222112431906822,10.222112431906822,113.6794290481705,100.0
500,500.0,sgs,0,10,487.5,8.992051171874998,10.222112431906822,8.990445978813522,99.98214875526402,87.95095963483209
500,500.0,sgs,1,10,487.5,8.992051171874998,10.222112431906822,9.047567477840166,100.61739312759707,88.50976290966545
500,500.0,sgs,2,10,487.5,8.992051171874998,10.222112431906822,9.227346628856143,102.61670504853323,90.26849088505753
500,500.0,sgs,3,10,487.5,8.992051171874998,10.222112431906822,8.370394153797646,93.08659385723084,81.88517011093217
500,500.0,sgs,4,10,487.5,8.992051171874998,10.222112431906822,10.09659597286209,112.28356889740402,98.77210840830755
500,500.0,sgs,5,10,487.5,8.992051171874998,10.222112431906822,11.060970108658609,123.00830919706837,108.20630454164653
500,500.0,sgs,6,10,487.5,8.992051171874998,10.222112431906822,11.828526144677538,131.5442485656038,115.71508554099375
500,500.0,sgs,7,10,487.5,8.992051171874998,10.222112431906822,9.519186541399792,105.86223720760786,93.12347721481765
500,500.0,sgs,8,10,487.5,8.992051171874998,10.222112431906822,9.47255638490639,105.34366635428299,92.6673077410027
500,500.0,sgs,9,10,487.5,8.992051171874998,10.222112431906822,10.312120845379424,114.68040659769919,100.88052654548831
500,500.0,gp_mle,0,10,487.5,8.992051171874998,10.222112431906822,9.21981907332124,102.53299160661636,90.19485096390575
500,500.0,gp_mle,1,10,487.5,8.992051171874998,10.222112431906822,10.330877812837317,114.88900157897066,101.06402058923749
500,500.0,gp_mle,2,10,487.5,8.992051171874998,10.222112431906822,10.722798961100503,119.24753047045454,104.89807300133836
500,500.0,gp_mle,3,10,487.5,8.992051171874998,10.222112431906822,9.70717395549274,107.95283267353366,94.96250427840357
500,500.0,gp_mle,4,10,487.5,8.992051171874998,10.222112431906822,10.743995371086454,119.48325432901362,105.10543141308689
500,500.0,gp_mle,5,10,487.5,8.992051171874998,10.222112431906822,10.264066787906064,114.14600063675826,100.41042745595604
500,500.0,gp_mle,6,10,487.5,8.992051171874998,10.222112431906822,10.164210967555952,113.03551073360428,99.43356654765273
500,500.0,gp_mle,7,10,487.5,8.992051171874998,10.222112431906822,8.670963794853572,96.42920874354328,84.82555687597831
500,500.0,gp_mle,8,10,487.5,8.992051171874998,10.222112431906822,8.939898382383525,99.42001231426936,87.45646696742392
500,500.0,gp_mle,9,10,487.5,8.992051171874998,10.222112431906822,9.768582205996506,108.63574972249171,95.56324361592141
600,600.0,truth,,,587.5,8.994472249348958,11.155230375040455,11.155230375040455,124.02317852331913,100.0
600,600.0,sgs,0,10,587.5,8.994472249348958,11.155230375040455,9.252911027536905,102.87330674911642,82.94683943273874
600,600.0,sgs,1,10,587.5,8.994472249348958,11.155230375040455,9.511155098721412,105.74444875751162,85.26184380738904
600,600.0,sgs,2,10,587.5,8.994472249348958,11.155230375040455,10.095306672089459,112.23901071928019,90.49841493795996
600,600.0,sgs,3,10,587.5,8.994472249348958,11.155230375040455,9.167916075166621,101.92833799481919,82.18491027921397
600,600.0,sgs,4,10,587.5,8.994472249348958,11.155230375040455,10.78633440131044,119.9218153359824,96.69306718617473
600,600.0,sgs,5,10,587.5,8.994472249348958,11.155230375040455,11.169790452833933,124.18505659008989,100.13052243032162
600,600.0,sgs,6,10,587.5,8.994472249348958,11.155230375040455,11.828731894906827,131.51112780144518,106.03754021408034
600,600.0,sgs,7,10,587.5,8.994472249348958,11.155230375040455,9.912209893702032,110.20335177997245,88.85706131072246
600,600.0,sgs,8,10,587.5,8.994472249348958,11.155230375040455,10.370399826192411,115.29747981537267,92.96446131131381
600,600.0,sgs,9,10,587.5,8.994472249348958,11.155230375040455,10.98892521889315,122.17420782735259,98.50917327068916
600,600.0,gp_mle,0,10,587.5,8.994472249348958,11.155230375040455,9.969809818120035,110.84374426572582,89.37341034594168
600,600.0,gp_mle,1,10,587.5,8.994472249348958,11.155230375040455,10.808391978878205,120.16705015305978,96.89080023897766
600,600.0,gp_mle,2,10,587.5,8.994472249348958,11.155230375040455,9.909278668802175,110.1707625983218,88.83078462434926
600,600.0,gp_mle,3,10,587.5,8.994472249348958,11.155230375040455,10.209226539435548,113.50556493377938,91.5196387362688
600,600.0,gp_mle,4,10,587.5,8.994472249348958,11.155230375040455,9.971925030308174,110.86726106726236,89.39237196409769
600,600.0,gp_mle,5,10,587.5,8.994472249348958,11.155230375040455,10.041821761521962,111.64436870933494,90.01895455238902
600,600.0,gp_mle,6,10,587.5,8.994472249348958,11.155230375040455,11.090145451695157,123.29956827092207,99.41655240495146
600,600.0,gp_mle,7,10,587.5,8.994472249348958,11.155230375040455,10.519494860114591,116.95510941040503,94.3010095394506
600,600.0,gp_mle,8,10,587.5,8.994472249348958,11.155230375040455,11.002855670167389,122.32908574445604,98.63405147406009
600,600.0,gp_mle,9,10,587.5,8.994472249348958,11.155230375040455,9.964437272296115,110.78401262528067,89.32524867071585
700,700.0,truth,,,687.5,8.995934738292636,11.690343877997696,11.690343877997696,129.95140825372906,100.0
700,700.0,sgs,0,10,687.5,8.995934738292636,11.690343877997696,9.781838524643304,108.73621040185343,83.67451485369583
700,700.0,sgs,1,10,687.5,8.995934738292636,11.690343877997696,10.208759442748255,113.48191977530735,87.32642554648952
700,700.0,sgs,2,10,687.5,8.995934738292636,11.690343877997696,10.731808428706875,119.29620146114682,91.80062229739133
700,700.0,sgs,3,10,687.5,8.995934738292636,11.690343877997696,10.540577411924534,117.17045219388798,90.16481911847667
700,700.0,sgs,4,10,687.5,8.995934738292636,11.690343877997696,11.202980268429076,124.53380993018766,95.83105839610172
700,700.0,sgs,5,10,687.5,8.995934738292636,11.690343877997696,11.683314257333048,129.8732660609592,99.93986814470121
700,700.0,sgs,6,10,687.5,8.995934738292636,11.690343877997696,13.0811190810501,145.4114493001847,111.89678607889346
700,700.0,sgs,7,10,687.5,8.995934738292636,11.690343877997696,10.479372137859897,116.4900862747789,89.64126502371792
700,700.0,sgs,8,10,687.5,8.995934738292636,11.690343877997696,10.979349079203,122.0478960620695,93.91810192912413
700,700.0,sgs,9,10,687.5,8.995934738292636,11.690343877997696,11.23311498660062,124.86879144181724,96.0888328335865
700,700.0,gp_mle,0,10,687.5,8.995934738292636,11.690343877997696,11.275528125203273,125.34026149842087,96.45163771807307
700,700.0,gp_mle,1,10,687.5,8.995934738292636,11.690343877997696,10.419326360066938,115.82260946953527,89.12762933926238
700,700.0,gp_mle,2,10,687.5,8.995934738292636,11.690343877997696,11.622235544647145,129.19430701487016,99.41739666462047
700,700.0,gp_mle,3,10,687.5,8.995934738292636,11.690343877997696,12.077081706776713,134.25043709319814,103.30818180213582
700,700.0,gp_mle,4,10,687.5,8.995934738292636,11.690343877997696,10.570368007108991,117.5016083888929,90.4196499044258
700,700.0,gp_mle,5,10,687.5,8.995934738292636,11.690343877997696,12.047453529003318,133.92108635160952,103.05474034581425
700,700.0,gp_mle,6,10,687.5,8.995934738292636,11.690343877997696,11.486271750706605,127.68291550419382,98.25435308472684
700,700.0,gp_mle,7,10,687.5,8.995934738292636,11.690343877997696,11.717516837484064,130.2534664642083,100.23243935139931
700,700.0,gp_mle,8,10,687.5,8.995934738292636,11.690343877997696,12.465435197526213,138.5674258447551,106.63018408711919
700,700.0,gp_mle,9,10,687.5,8.995934738292636,11.690343877997696,10.61684215347129,118.01822114470218,90.81719292666115
800,800.0,truth,,,787.5,8.996885204315184,11.590857926857446,11.590857926857446,128.83189752491353,100.0
800,800.0,sgs,0,10,787.5,8.996885204315184,11.590857926857446,9.705352669596163,107.87458602829761,83.73282401389517
800,800.0,sgs,1,10,787.5,8.996885204315184,11.590857926857446,10.425515305610151,115.87916338656575,89.94601928001333
800,800.0,sgs,2,10,787.5,8.996885204315184,11.590857926857446,10.498182571301921,116.68685698319977,90.5729553200401
800,800.0,sgs,3,10,787.5,8.996885204315184,11.590857926857446,11.257403882155662,125.1255698667386,97.12312887617121
800,800.0,sgs,4,10,787.5,8.996885204315184,11.590857926857446,11.120014943651075,123.59849760356586,95.93780731178344
800,800.0,sgs,5,10,787.5,8.996885204315184,11.590857926857446,11.402105994782078,126.73392775216556,98.37154477031415
800,800.0,sgs,6,10,787.5,8.996885204315184,11.590857926857446,12.278953236707288,136.48004790388927,105.93653476034282
800,800.0,sgs,7,10,787.5,8.996885204315184,11.590857926857446,10.137896159046706,112.68228869013754,87.46458823859753
800,800.0,sgs,8,10,787.5,8.996885204315184,11.590857926857446,11.058844590972793,122.9185917107026,95.41006076304402
800,800.0,sgs,9,10,787.5,8.996885204315184,11.590857926857446,10.887764753749934,121.01704652770078,93.93407133842649
800,800.0,gp_mle,0,10,787.5,8.996885204315184,11.590857926857446,11.161672515986119,124.06151976500308,96.29720756151406
800,800.0,gp_mle,1,10,787.5,8.996885204315184,11.590857926857446,12.506928544657084,139.01398384696935,107.90338923641701
800,800.0,gp_mle,2,10,787.5,8.996885204315184,11.590857926857446,14.53089900190728,161.5103302078125,125.36517222109502
800,800.0,gp_mle,3,10,787.5,8.996885204315184,11.590857926857446,12.001722094584364,133.39863543916252,103.5447261136287
800,800.0,gp_mle,4,10,787.5,8.996885204315184,11.590857926857446,13.625641313107879,151.448429136037,117.55507141137144
800,800.0,gp_mle,5,10,787.5,8.996885204315184,11.590857926857446,11.353673003068401,126.19559708978869,97.9536896639941
800,800.0,gp_mle,6,10,787.5,8.996885204315184,11.590857926857446,14.360452404280908,159.61582345624674,123.89464606417073
800,800.0,gp_mle,7,10,787.5,8.996885204315184,11.590857926857446,9.664773245533608,107.42354743948587,83.38272547659425
800,800.0,gp_mle,8,10,787.5,8.996885204315184,11.590857926857446,11.428039890682191,127.02218191247955,98.5952891735651
800,800.0,gp_mle,9,10,787.5,8.996885204315184,11.590857926857446,12.66381698939543,140.7577923004005,109.25694257757922
