axis_level,nug_normalized,truth_seed,is_pinned_realization,gp_length_scale_m,gp_practical_range_m,gp_noise_variance_real_units,gp_noise_variance_normalized,gp_signal_variance_normalized,gp_signal_variance_real_units,gp_noise_fraction_of_fitted_sill,gp_y_train_std,gp_log_marginal_likelihood,gp_noise_at_optimizer_floor,gp_length_scale_at_bound,gp_signal_var_at_bound,gp_noise_var_at_bound,gp_noise_level_lower_bound,truth_nugget_real_units,affine_scale_factor_a,affine_scale_factor_a_squared,truth_nugget_real_units_affine,truth_field_variance,n_samples_actual,sample_mean,sample_variance,gp_noise_over_truth_nugget,gp_noise_minus_truth_nugget,gp_noise_over_truth_nugget_affine,noise_above_truth_nugget
0.0,0.0,101,True,100.47677091016048,245.94169755238778,1.1401482816487807,0.17135837989112526,0.9190552352745752,6.115016072773293,0.1571498901956442,2.5794552317584696,-121.6859053056879,False,False,False,False,1e-05,0.0,2.7446336842112142,7.533014060506823,0.0,9.0,121,14.072278544018106,6.6535892926461395,,1.1401482816487807,,True
0.0,0.0,7101,False,94.73922614881977,231.89764054692674,1.9846468737488128,0.23810378635123583,0.941250892173999,7.845531014827191,0.20189328171316623,2.8870776943363348,-137.03392225777344,False,False,False,False,1e-05,0.0,4.071949895688626,16.580775952998614,0.0,9.0,121,15.285192090330717,8.335217613134407,,1.9846468737488128,,True
0.0,0.0,7102,False,85.18064018121511,208.5006420389323,1.979964276855759,0.1738844260606212,0.697370301442378,7.940724283810583,0.19957931999860815,3.374413766850279,-122.71950292359939,False,False,False,False,1e-05,0.0,3.4471292584387347,11.882700124384382,0.0,8.999999999999998,121,14.976438058503152,11.38666826990869,,1.979964276855759,,True
0.0,0.0,7103,False,86.44009733124153,211.58347428628778,1.1742730856210386,0.12560141895052618,0.829561270405468,7.755736207840483,0.13149740913269056,3.0576465435159115,-115.8459626017079,False,False,False,False,1e-05,0.0,3.168431021554981,10.03895513835194,0.0,9.0,121,15.10740207978795,9.3492023850748,,1.1742730856210386,,True
0.0,0.0,7104,False,97.27028826329605,238.09303981589235,0.7135413790342088,0.07215547858196472,0.7020764470200077,6.94279361788211,0.09319620671268906,3.1446689021010465,-86.32116313512171,False,False,False,False,1e-05,0.0,2.54398165212385,6.471842646342794,0.0,9.0,121,15.545340500944764,9.8889425038414,,0.7135413790342088,,True
0.0,0.0,7105,False,98.64482000893749,241.45754553995633,0.8764876218856699,0.11203039013320525,0.8264951329735606,6.466216468038205,0.11936850663619168,2.797080524902648,-104.75017703275688,False,False,False,False,1e-05,0.0,3.115774460373825,9.7080504879178,0.0,9.0,121,14.862018445282903,7.823659462789671,,0.8764876218856699,,True
0.0,0.0,7106,False,111.58113179035801,273.12236170362735,0.9681790013423687,0.12475274628382728,1.115030227714625,8.653507714204526,0.1006246648810512,2.7858182048323674,-109.05918032302657,False,False,False,False,1e-05,0.0,2.392051743924007,5.721911545609884,0.0,9.000000000000002,121,14.367706613626945,7.7607830703754335,,0.9681790013423687,,True
0.0,0.0,7107,False,147.72912373917165,361.6034944318116,1.234461243229076,0.17770302138732189,1.2555150581356054,8.721768867287704,0.12398882202663364,2.635671762708642,-111.73761842849771,False,False,False,False,1e-05,0.0,2.6698744663705303,7.128229666177324,0.0,9.0,121,14.696140726699815,6.94676564073968,,1.234461243229076,,True
0.0,0.0,7108,False,98.18497871406969,240.33197046782752,2.0477073410147035,0.23458409245504266,0.6945361991789557,6.062673980895613,0.2524797860592315,2.9545045582393867,-128.46603351913993,False,False,False,False,1e-05,0.0,3.579875949693583,12.815511815194531,0.0,9.000000000000002,121,15.327038756089967,8.729097184657313,,2.0477073410147035,,True
0.0,0.0,7109,False,110.30085956338661,269.9885794176494,2.542290446284659,0.3574107495251091,0.5773945544171815,4.1070523519004105,0.3823371005896363,2.667035383987792,-139.76835363748182,False,False,False,False,1e-05,0.0,3.5503241326990422,12.604801447225206,0.0,9.0,121,15.604928038048065,7.113077739442909,,2.542290446284659,,True
0.1,0.1,101,True,122.41084027584134,299.6307463261663,1.960242429107145,0.2848004277171311,0.829587809146984,5.709939536239471,0.2555666134080512,2.6235211759989547,-132.65178857744712,False,False,False,False,1e-05,0.9,2.748687704820185,7.555284098629658,0.7555284098629658,8.999999999999996,121,14.13755003734435,6.882863360914939,2.178047143452383,1.060242429107145,2.594531725766189,True
0.1,0.1,7101,False,88.33487235867032,216.22140385452974,2.8579901071549396,0.3463330056752655,0.8135924852824916,6.713882985709977,0.2985821144333128,2.872654658402075,-150.5429172986706,False,False,False,False,1e-05,0.9,3.8855706913675125,15.097659597614209,1.509765959761421,9.0,121,15.216611966302358,8.252144786439143,3.1755445635054884,1.9579901071549397,1.8930020833206294,True
0.1,0.1,7102,False,94.74428969555265,231.91003482739416,3.5374687944865424,0.3102233854487572,0.6378330290096603,7.2731926155425235,0.3272203855357848,3.376828793081577,-139.16928377723153,False,False,False,False,1e-05,0.9,3.4593209897643273,11.966901710224045,1.1966901710224045,9.0,121,14.821603585523404,11.402972697784781,3.9305208827628246,2.6374687944865425,2.9560439954681583,True
0.1,0.1,7103,False,89.09423501259856,218.08013138401998,1.9404850815110763,0.21021559898240125,0.8012526720952141,7.396305812927874,0.20783212384748181,3.0382442476851073,-131.10478779632206,False,False,False,False,1e-05,0.9,3.0572005928497736,9.346475464921008,0.9346475464921007,9.0,121,15.17643242991738,9.230928108591643,2.156094535012307,1.0404850815110764,2.076167737019226,True
0.1,0.1,7104,False,100.28704922699647,245.47730690371165,1.1504877800094946,0.11937875650194228,0.7223495145722906,6.961492260121585,0.1418257656352547,3.1043986054693162,-102.78652602767873,False,False,False,False,1e-05,0.9,2.552858875832672,6.517088439917653,0.6517088439917653,9.0,121,15.526353212764375,9.637290701639834,1.278319755566105,0.25048778000949457,1.7653401371119517,True
0.1,0.1,7105,False,109.04109245347892,266.90498846697693,1.6421891601413539,0.2204198222077418,0.7945006792695322,5.9192516814195235,0.21717939669846884,2.7295199108226216,-124.93399796202644,False,False,False,False,1e-05,0.9,3.144222544252923,9.886135407788323,0.9886135407788325,9.0,121,14.683033769371168,7.450278943577133,1.824654622379282,0.7421891601413538,1.6611032444969678,True
0.1,0.1,7106,False,108.33080002457211,265.1663724252637,1.6857424013222724,0.2089129242016865,1.0289120946207249,8.30240997182628,0.1687741975036448,2.8406187629973982,-128.35168869644727,False,False,False,False,1e-05,0.9,2.4803132131792376,6.151953635471514,0.6151953635471514,9.000000000000004,121,14.391921719219765,8.069114956692868,1.8730471125803025,0.7857424013222724,2.7401740994965564,True
0.1,0.1,7107,False,151.4772168342121,370.7778774262935,1.8370997453782305,0.2787551913168751,1.035605929123358,6.825025857696138,0.21208417304941934,2.5671715221169755,-128.34216332589085,False,False,False,False,1e-05,0.9,2.725201788100093,7.426724785863944,0.7426724785863944,8.999999999999998,121,14.639660458985594,6.590369623968388,2.041221939309145,0.9370997453782305,2.473633800023091,True
0.1,0.1,7108,False,94.89803918416288,232.28637465085865,3.0704480668160623,0.34995154593873073,0.5762758348705501,5.0562000473085,0.37782466075766885,2.9620809283047276,-142.28736968971003,False,False,False,False,1e-05,0.9,3.5095377682179967,12.316855346548557,1.2316855346548556,8.999999999999996,121,15.223212425991134,8.773923425826597,3.411608963128958,2.1704480668160624,2.492883110522579,True
0.1,0.1,7109,False,116.42338585112122,284.9749737342118,3.3576136702201578,0.4626197820945746,0.4873261335524163,3.5369280588537904,0.48699591679331833,2.694035178114515,-148.33036915560086,False,False,False,False,1e-05,0.9,3.420202864093031,11.697787631550172,1.1697787631550174,9.0,121,15.495340775814457,7.257825540918508,3.7306818558001753,2.457613670220158,2.8702980221356706,True
0.2,0.2,101,True,128.10708863131282,313.5737201850424,2.660673931651735,0.37499166088704483,0.7292712894590164,5.174390023436083,0.33958547714521026,2.6636982311876305,-141.89564383382347,False,False,False,False,1e-05,1.8,2.780492510414241,7.731138600469687,1.5462277200939374,9.0,121,14.212068241275722,7.095288266832111,1.4781521842509637,0.8606739316517349,1.720751670064544,True
0.2,0.2,7101,False,81.85493820549996,200.36016556808661,3.639763937419154,0.44449933823859716,0.6769959727030217,5.5435527463030425,0.39634524897423873,2.861548094007477,-158.6449656770954,False,False,False,False,1e-05,1.8,3.702451683775825,13.70814847069444,2.741629694138888,8.999999999999996,121,15.16123951049772,8.188457494317824,2.0220910763439743,1.8397639374191541,1.3275913757427986,True
0.2,0.2,7102,False,94.65759304073322,231.69782336532924,4.866512764144206,0.4310776550345132,0.5540367775447983,6.254620294599167,0.4375914520974264,3.359937334574627,-150.68657532407056,False,False,False,False,1e-05,1.8,3.4353325890809145,11.80150999760138,2.360301999520276,8.999999999999998,121,14.726759511578516,11.28917889226845,2.7036182023023367,3.066512764144206,2.061817837350182,True
0.2,0.2,7103,False,84.5564866708494,206.97287226207632,2.5945595165735527,0.28197192771500285,0.7368481460634834,6.780094689322754,0.27676322343086235,3.0333944093231313,-141.81869126504805,False,False,False,False,1e-05,1.8,2.989024340533168,8.93426650829974,1.786853301659948,8.999999999999998,121,15.221665105558007,9.20148164251283,1.4414219536519737,0.7945595165735526,1.4520271553144644,True
0.2,0.2,7104,False,99.16622185751152,242.73380526231452,1.6831887751132364,0.1802968664575139,0.7179551965836302,6.702579760078913,0.200719679782417,3.0554298963026296,-118.53014397258481,False,False,False,False,1e-05,1.8,2.5866999984301384,6.691016881878478,1.3382033763756958,9.0,121,15.500473473974552,9.335651851219898,0.9351048750629091,-0.11681122488676365,1.2577974355974777,False
0.2,0.2,7105,False,109.03529909638584,266.89080779551335,2.3601464438113666,0.32583368197271917,0.7095595002264855,5.1396292764856755,0.3146956031530352,2.6913581042745274,-139.3201417830091,False,False,False,False,1e-05,1.8,3.1722391727013446,10.063101368820911,2.0126202737641825,9.0,121,14.54876210532872,7.243408445444179,1.3111924687840926,0.5601464438113666,1.1726734916553383,True
0.2,0.2,7106,False,103.04862323609109,252.23694093216352,2.516099212162615,0.29970223419940895,0.9254156211625658,7.769169694547112,0.2446313494556477,2.8974696169676863,-142.48140425215936,False,False,False,False,1e-05,1.8,2.5701998712377874,6.605927378110739,1.321185475622148,8.999999999999998,121,14.417022230353107,8.395330181250872,1.3978328956458972,0.7160992121626151,1.904425425943909,True
0.2,0.2,7107,False,149.020432485064,364.76429132199996,2.5441276080371944,0.3886156025648603,0.7871138827338642,5.152953578075529,0.33053147635072067,2.558640847028939,-141.0327727924013,False,False,False,False,1e-05,1.8,2.77890146175886,7.722293334165528,1.5444586668331055,8.999999999999998,121,14.617333106863128,6.546642984084966,1.4134042266873301,0.7441276080371944,1.6472616993071743,True
0.2,0.2,7108,False,92.37419925963847,226.1086534744583,3.926343640408376,0.45054880287305304,0.48847007685475946,4.256811620757684,0.47980803432157915,2.952046767847432,-151.0541924069538,False,False,False,False,1e-05,1.8,3.4402942610735923,11.835624602775894,2.367124920555179,9.0,121,15.141304567458562,8.71458011955847,2.1813020224490978,2.1263436404083755,1.658697268704983,True
0.2,0.2,7109,False,117.33208630651828,287.19924239394817,4.1147429480880415,0.5574692326547166,0.40802905761100455,3.0117082505605883,0.5773901810859673,2.7168202349265633,-155.19944270649904,False,False,False,False,1e-05,1.8,3.3236050758332554,11.046350700104579,2.2092701400209163,9.000000000000002,121,15.404902258676636,7.381112188906426,2.2859683044933563,2.3147429480880417,1.8624897306805066,True
0.3,0.3,101,True,129.26309408971426,316.4033288820943,3.386952013311545,0.46435478391281093,0.6276946490546439,4.578334775505814,0.425214069889682,2.7007199946039777,-149.8291168221502,False,False,False,False,1e-05,2.6999999999999997,2.823289664789598,7.970964531307761,2.391289359392328,9.000000000000002,121,14.29626382662808,7.29388848925371,1.2544266715968686,0.6869520133115454,1.4163706286771727,True
0.3,0.3,7101,False,75.3054281940372,184.32862319501638,4.333148888768706,0.5316820233135484,0.5528243928285588,4.505456830269067,0.490252538297459,2.854800851302642,-163.73033463162682,False,False,False,False,1e-05,2.6999999999999997,3.5400076421712936,12.531654106631162,3.7594962319893486,9.000000000000002,121,15.116184122465606,8.14988790059829,1.6048699588032247,1.6331488887687065,1.1525876397742278,True
0.3,0.3,7102,False,91.69050010419132,224.43513103357338,6.090476699918498,0.5471415650348093,0.45505535047188966,5.06542398957748,0.5459421762021498,3.33638214890177,-158.91659728969694,False,False,False,False,1e-05,2.6999999999999997,3.390504612458041,11.495521527099251,3.448656458129775,9.000000000000002,121,14.661737211167368,11.131445843510392,2.2557321110809254,3.3904766999184983,1.766043319728459,True
0.3,0.3,7103,False,77.33804841803503,189.3039629062848,3.1711377602621784,0.3443946656190899,0.6701110233069829,6.170288281779102,0.3394704134026655,3.0344455331493867,-149.76413754950875,False,False,False,False,1e-05,2.6999999999999997,2.9470025903630037,8.684824267606254,2.605447280281876,8.999999999999996,121,15.256140130735998,9.207859693650267,1.17449546676377,0.4711377602621787,1.2171183751294716,True
0.3,0.3,7104,False,96.35889330487902,235.86217569492857,2.285362174462518,0.25207660547232036,0.6903464871236317,6.25877893741577,0.2674771102838351,3.0110034044533416,-131.8310671287237,False,False,False,False,1e-05,2.6999999999999997,2.63083828408318,6.92131007699773,2.076393023099319,9.0,121,15.472727411977415,9.066141501629614,0.8464304349861178,-0.41463782553748185,1.1006404611451073,False
0.3,0.3,7105,False,104.77831217386071,256.4707815476528,3.068633394797117,0.43197400589386403,0.6040834608137619,4.291255158425393,0.4169401985650344,2.6652852543079946,-150.11359290050638,False,False,False,False,1e-05,2.6999999999999997,3.1909940885230292,10.182443272988918,3.0547329818966755,9.0,121,14.441906907669345,7.10374548683163,1.1365308869618953,0.3686333947971172,1.0045504510485268,True
0.3,0.3,7106,False,96.82599518426522,237.00552283980122,3.471780502440317,0.39520534214677544,0.8006538682628848,7.033544824923318,0.33047815219936444,2.9639080525304307,-152.9461717017218,False,False,False,False,1e-05,2.6999999999999997,2.66017556629226,7.076534043498346,2.1229602130495038,8.999999999999996,121,14.446168612933278,8.78475094385473,1.285844630533451,0.7717805024403175,1.635348830891802,True
0.3,0.3,7107,False,146.31958222177153,358.1532936498824,3.3073080503940817,0.4997019098683023,0.5811817155023432,3.8465871922109107,0.46230870571006166,2.5726565951947156,-150.37023299629632,False,False,False,False,1e-05,2.6999999999999997,2.8323164672387104,8.02201657059157,2.4066049711774706,8.999999999999998,121,14.614748418357454,6.6185619567988665,1.2249289075533638,0.607308050394082,1.3742629513375964,True
0.3,0.3,7108,False,89.34632808070221,218.69719139250728,4.6607026290241285,0.5404946832176317,0.4145111401659794,3.5743425804495446,0.5659595679769204,2.9364998565632012,-157.3626974808343,False,False,False,False,1e-05,2.6999999999999997,3.3767246046233192,11.402269055468512,3.4206807166405535,8.999999999999998,121,15.065552985898135,8.6230314075957,1.7261861588978256,1.9607026290241287,1.362507353098245,True
0.3,0.3,7109,False,115.65704391768853,283.0991626954341,4.820705611181013,0.6434931229170224,0.33595791759509647,2.516816669508074,0.6569936589996,2.7370539038203328,-160.55091496370605,False,False,False,False,1e-05,2.6999999999999997,3.2484718852126275,10.552569589016882,3.1657708767050647,9.0,121,15.32175780484981,7.491464072418124,1.7854465226596345,2.120705611181013,1.5227588473485498,True
0.4,0.4,101,True,125.99830307584281,308.4119470250552,4.178439116246521,0.5553258296838901,0.5215441561944125,3.924255611040125,0.5156851216639328,2.7430460727898036,-156.77139854162493,False,False,False,False,1e-05,3.6,2.8705804009083993,8.240231838079426,3.296092735231771,8.999999999999998,121,14.39048958498863,7.524301757447564,1.1606775322907001,0.5784391162465208,1.2676946469325312,True
0.4,0.4,7101,False,68.91859502756567,168.69527255369854,5.0226859553406396,0.6130370135218545,0.43987089012441954,3.6039150871146313,0.582232321933263,2.8623627001005123,-167.00941114751012,False,False,False,False,1e-05,3.6,3.4038998675373517,11.5865343082208,4.634613723288321,9.0,121,15.086412335601544,8.193120226926695,1.3951905431501777,1.4226859553406395,1.0837334576778874,True
0.4,0.4,7102,False,87.29754971965963,213.68230065249787,7.176534875663114,0.6591474844444117,0.34969411647406357,3.8073300466368676,0.6533706419762101,3.299636510045936,-164.75990298162648,False,False,False,False,1e-05,3.6,3.3333384978859883,11.111145541488817,4.444458216595527,9.0,121,14.624340506775452,10.887601098428126,1.9934819099064205,3.5765348756631137,1.6147153434508759,True
0.4,0.4,7103,False,69.02296275828598,168.95073833579454,3.6913803907569296,0.40025262056440136,0.6083674758941676,5.610745952701838,0.39683189138284486,3.036877741063558,-155.90723860453562,False,False,False,False,1e-05,3.6,2.924115905264866,8.550453827422968,3.420181530969187,9.000000000000004,121,15.288769766637268,9.2226264141673,1.0253834418769248,0.0913803907569295,1.0792937033698595,True
0.4,0.4,7104,False,92.5607641712824,226.56531714565097,2.928611554313509,0.3313039887428426,0.6460521966308356,5.710875787889417,0.3389797841369094,2.9731550170259555,-142.74921423220684,False,False,False,False,1e-05,3.6,2.681715515966569,7.191598108575842,2.8766392434303367,9.0,121,15.44037649917577,8.839650755266609,0.8135032095315302,-0.6713884456864911,1.01806702421997,False
0.4,0.4,7105,False,95.79485246061901,234.4815465060166,3.730900266276293,0.5311250645457168,0.491851877408918,3.455024857399615,0.5191955387878823,2.6503816828814446,-158.0355051391649,False,False,False,False,1e-05,3.6,3.1971353435726098,10.22167440512115,4.08866976204846,9.0,121,14.360722153695413,7.024523064953478,1.036361185076748,0.13090026627629303,0.9124973361524504,True
0.4,0.4,7106,False,89.8829247654957,220.01064422706438,4.568385846643748,0.49461396079568926,0.6568193480260025,6.0665578636249355,0.42956370725617427,3.039122483402691,-160.58601387691522,False,False,False,False,1e-05,3.6,2.7467771127088505,7.544784506901169,3.017913802760468,9.0,121,14.489794866602004,9.23626546912374,1.2689960685121522,0.968385846643748,1.5137562386523673,True
0.4,0.4,7107,False,145.5599364968113,356.2938732341708,4.099936216567513,0.6060286296510562,0.4202076055492821,2.8428102174984677,0.5905352090133023,2.6010097460974304,-157.16235280679493,False,False,False,False,1e-05,3.6,2.8833205049286845,8.313537134142205,3.325414853656882,9.000000000000002,121,14.634822843836373,6.76525169929382,1.1388711712687536,0.49993621656751275,1.2329096960816506,True
0.4,0.4,7108,False,85.8656879947556,210.17746565339087,5.256471518693391,0.6188198733816747,0.3511422075542845,2.9827242020098947,0.6379835722903189,2.914506521940232,-161.93129550817304,False,False,False,False,1e-05,3.6,3.3171389997249356,11.003411143496146,4.401364457398459,9.000000000000002,121,14.986104280672675,8.49434826643215,1.4601309774148308,1.6564715186933907,1.1942822662316779,True
0.4,0.4,7109,False,112.6350670650101,275.7021284318997,5.524663219298519,0.7267225561407782,0.2643198253454671,2.0094023570318775,0.7332910980567025,2.757201996776688,-164.86284832590263,False,False,False,False,1e-05,3.6,3.190662068385221,10.180324434632258,4.072129773852904,9.0,121,15.237347278053498,7.602162851029357,1.5346286720273663,1.9246632192985191,1.3567011677212046,True
0.5,0.5,101,True,557.5212093849266,1364.6707733092899,6.003134797936631,0.7764035142010679,0.5106724363139968,3.9485079816237336,0.6032305349893028,2.7806434291781215,-161.96309849406933,False,False,False,False,1e-05,4.5,2.914626777577339,8.495049252570864,4.247524626285432,8.999999999999996,121,14.498165243644612,7.7319778802314625,1.3340299550970292,1.5031347979366307,1.4133254839269818,True
0.5,0.5,7101,False,61.45639774412942,150.42970280325247,5.655956109034848,0.6888541223902384,0.3398828448477535,2.7906669789569314,0.6696115181315112,2.8654272351761914,-169.17625447012745,False,False,False,False,1e-05,4.5,3.2905583597083905,10.827774318646773,5.413887159323386,9.0,121,15.055504966780124,8.210673240089472,1.2568791353410773,1.1559561090348476,1.0447125960677972,True
0.5,0.5,7102,False,83.25421481181839,203.78524044644834,8.274069244785773,0.7717763376043438,0.2362922762996644,2.533245139622005,0.7655990147490447,3.274265152565993,-168.6856955327303,False,False,False,False,1e-05,4.5,3.2697487667133265,10.69125699742332,5.34562849871166,9.0,121,14.595626887177108,10.720812289308004,1.8386820543968385,3.774069244785773,1.5478197272369172,True
0.5,0.5,7103,False,61.07289258377561,149.4909792624467,4.204220521021142,0.4542288345495034,0.5514519634154349,5.104091780628473,0.45166302813841686,3.0423235127311776,-160.71654741291206,False,False,False,False,1e-05,4.5,2.9154524968157958,8.499863261189457,4.249931630594729,9.0,121,15.312786365976807,9.25573235611697,0.9342712268935871,-0.2957794789788579,0.9892442717796875,False
0.5,0.5,7104,False,88.05331447178361,215.5322214292496,3.6745405498654042,0.4225735526346737,0.579180960710176,5.03633962080786,0.42183344023447844,2.9488342752781147,-152.0400941600233,False,False,False,False,1e-05,4.5,2.7373717598723695,7.493204151746753,3.7466020758733767,9.0,121,15.416474117329873,8.695623583055005,0.8165645666367565,-0.8254594501345958,0.980766165034707,False
0.5,0.5,7105,False,81.01848354629762,198.31273632701587,4.309184816403572,0.6184628336576597,0.3898287325904671,2.716160073099138,0.6133769778110635,2.6396160323158666,-163.87264239022937,False,False,False,False,1e-05,4.5,3.1885352783087573,10.166757221019504,5.083378610509752,9.0,121,14.2996774707982,6.967572798058959,0.9575966258674605,-0.19081518359642757,0.8477009380128495,False
0.5,0.5,7106,False,81.52152508123541,199.54405464986067,5.82502179307454,0.597870458411895,0.4973568815820513,4.845723071594069,0.5458870835119946,3.1213698407415733,-165.87715472782457,False,False,False,False,1e-05,4.5,2.825954735027487,7.986020164424275,3.9930100822121375,9.0,121,14.531677012122929,9.742949682691075,1.2944492873498978,1.3250217930745398,1.458804679463134,True
0.5,0.5,7107,False,147.5124431613461,361.07311523416905,4.900884015058558,0.7064849605368607,0.2946750220580518,2.0441597286712305,0.7056663997952837,2.6338179413181044,-162.3096623071167,False,False,False,False,1e-05,4.5,2.929248019685237,8.580493960829882,4.290246980414941,9.000000000000004,121,14.660610060510086,6.936996948009138,1.0890853366796795,0.4008840150585584,1.1423314409243075,True
0.5,0.5,7108,False,81.81348776375887,200.25870538068455,5.8335572777803995,0.6952296548902743,0.28776283300285366,2.4145704328499096,0.7072583600108452,2.8966937942100754,-165.57410370779638,False,False,False,False,1e-05,4.5,3.2633854302958545,10.64968446666726,5.32484223333363,9.0,121,14.909512651766496,8.390834937415164,1.2963460617289777,1.3335572777803995,1.095536172182192,True
0.5,0.5,7109,False,108.1138686142129,264.63537925308185,6.188462684660668,0.8035837177070817,0.1943413188071956,1.4966380888823152,0.8052545915813235,2.775082022901089,-168.0413329615808,False,False,False,False,1e-05,4.5,3.1426156072233473,9.876032854763768,4.938016427381884,8.999999999999996,121,15.154664557681505,7.7010802338288,1.375213929924593,1.688462684660668,1.2532284522880306,True
