axis_level,nug_normalized,block,init_constant_value,init_length_scale_m,init_noise_level,n_restarts_optimizer,fitted_length_scale_m,fitted_signal_variance_normalized,fitted_noise_variance_normalized,fitted_signal_variance_real_units,fitted_noise_variance_real_units,log_marginal_likelihood,lml_minus_pinned,matches_pinned_solution,better_than_pinned
0.5,0.5,restart_sweep,1.0,100.0,1.0,8,557.5212093849266,0.5106724363139968,0.7764035142010679,3.9485079816237336,6.003134797936631,-161.96309849406933,-2.842170943040401e-14,True,False
0.5,0.5,restart_sweep,1.0,100.0,1.0,16,557.5393335266024,0.510698681727646,0.7764075115312841,3.9487109105815263,6.003165705205443,-161.96309849153732,2.5319764063169714e-09,True,False
0.5,0.5,restart_sweep,1.0,100.0,1.0,32,557.539878599455,0.5106999845205238,0.7764075661507783,3.9487209837472403,6.003166127522164,-161.96309849153525,2.534051191105391e-09,True,False
0.5,0.5,restart_sweep,1.0,100.0,1.0,64,557.539878599455,0.5106999845205238,0.7764075661507783,3.9487209837472403,6.003166127522164,-161.96309849153525,2.534051191105391e-09,True,False
0.5,0.5,restart_sweep,1.0,100.0,1.0,128,557.539878599455,0.5106999845205238,0.7764075661507783,3.9487209837472403,6.003166127522164,-161.96309849153525,2.534051191105391e-09,True,False
0.5,0.5,restart_sweep,1.0,100.0,1.0,200,557.539878599455,0.5106999845205238,0.7764075661507783,3.9487209837472403,6.003166127522164,-161.96309849153525,2.534051191105391e-09,True,False
0.5,0.5,initial_value_grid,0.01,1.0,0.0001,0,1.0,0.991831671223557,0.008168327980883716,7.668820542813547,0.06315733126666861,-171.69156251776542,-9.72846402369612,False,False
0.5,0.5,initial_value_grid,0.01,1.0,0.001,0,1.0,0.9938825561571064,0.00611744609482584,7.684677939754651,0.04729995788870174,-171.6915625177654,-9.728464023696091,False,False
0.5,0.5,initial_value_grid,0.01,1.0,0.01,0,1.0,0.5000000022523988,0.5000000022523988,3.865988957531229,3.865988957531229,-171.6915625177654,-9.728464023696091,False,False
0.5,0.5,initial_value_grid,0.01,1.0,0.1,0,1.0,0.16472289558183967,0.8352771015825751,1.2736337850064612,6.458344073300319,-171.69156251776542,-9.72846402369612,False,False
0.5,0.5,initial_value_grid,0.01,1.0,1.0,0,1.0,0.009998994391224533,0.9900010067273591,0.07731200345750655,7.65466588542282,-171.6915625177654,-9.728464023696091,False,False
0.5,0.5,initial_value_grid,0.01,1.0,10.0,0,1.0,0.009814348876452725,0.9901856511634095,0.07588432842160697,7.65609355211807,-171.69156251776536,-9.728464023696063,False,False
0.5,0.5,initial_value_grid,0.01,2.576301385940816,0.0001,0,2.5763013876156937,0.9918316712235484,0.008168327980883832,7.668820542813481,0.06315733126666952,-171.6915625177649,-9.728464023695608,False,False
0.5,0.5,initial_value_grid,0.01,2.576301385940816,0.001,0,2.576301386004937,0.9938825561570982,0.006117446094825774,7.684677939754588,0.04729995788870123,-171.69156251776485,-9.728464023695551,False,False
0.5,0.5,initial_value_grid,0.01,2.576301385940816,0.01,0,2.57630138630839,0.5000000022524176,0.5000000022523762,3.8659889575313744,3.865988957531054,-171.69156251776513,-9.728464023695835,False,False
0.5,0.5,initial_value_grid,0.01,2.576301385940816,0.1,0,2.576301385954461,0.16472289558184244,0.8352771015825708,1.2736337850064827,6.458344073300286,-171.6915625177653,-9.728464023696006,False,False
0.5,0.5,initial_value_grid,0.01,2.576301385940816,1.0,0,2.576301385940856,0.009998994391224533,0.990001006727359,0.07731200345750655,7.654665885422819,-171.6915625177654,-9.728464023696091,False,False
0.5,0.5,initial_value_grid,0.01,2.576301385940816,10.0,0,2.5763013859408916,0.009814348876452716,0.9901856511634091,0.07588432842160692,7.656093552118066,-171.6915625177654,-9.728464023696091,False,False
0.5,0.5,initial_value_grid,0.01,6.637328831200571,0.0001,0,557.5380916148904,0.5106997767127482,0.7764073322428732,3.9487193769821163,6.0031643189514154,-161.96309849156805,2.5012525384227047e-09,True,False
0.5,0.5,initial_value_grid,0.01,6.637328831200571,0.001,0,557.5382742914944,0.5107024273181704,0.7764068729017721,3.9487398714046096,6.003160767336182,-161.9630984916327,2.4365931494685356e-09,True,False
0.5,0.5,initial_value_grid,0.01,6.637328831200571,0.01,0,557.4763312680227,0.5107061972382934,0.776404927800975,3.9487690203436108,6.003145727859844,-161.96309853913039,-4.506108552959631e-08,True,False
0.5,0.5,initial_value_grid,0.01,6.637328831200571,0.1,0,557.5406516013325,0.5107034678793356,0.7764074708616847,3.948747917000522,6.003165390749,-161.9630984915582,2.5110864498856245e-09,True,False
0.5,0.5,initial_value_grid,0.01,6.637328831200571,1.0,0,557.5416424410759,0.5107054142301362,0.7764081181130722,3.9487629661418593,6.003170395282411,-161.9630984915986,2.4706992007850204e-09,True,False
0.5,0.5,initial_value_grid,0.01,6.637328831200571,10.0,0,557.541238156195,0.5107026699441595,0.77640758049972,3.9487417473833903,6.0031662384678635,-161.9630984915482,2.5210908916051267e-09,True,False
0.5,0.5,initial_value_grid,0.01,17.09975946676696,0.0001,0,0.010000000000000004,0.9913955203777159,0.00860447868513073,7.66544823412106,0.06652963886435391,-171.6915625177654,-9.728464023696091,False,False
0.5,0.5,initial_value_grid,0.01,17.09975946676696,0.001,0,0.010000000000000004,0.9937494228562179,0.0062505776854512194,7.683648556017059,0.0483293284025772,-171.6915625177654,-9.728464023696091,False,False
0.5,0.5,initial_value_grid,0.01,17.09975946676696,0.01,0,557.5397396423574,0.5107000368732196,0.7764075730785278,3.9487213885371264,6.00316618108737,-161.9630984915355,2.5337953957205173e-09,True,False
0.5,0.5,initial_value_grid,0.01,17.09975946676696,0.1,0,115.60923836774975,0.41952986150273774,0.6345556934202271,3.2437956092357374,4.906370585300134,-162.10969405190679,-0.146595557837486,False,False
0.5,0.5,initial_value_grid,0.01,17.09975946676696,1.0,0,557.5358631370805,0.5106975998645142,0.776407739607832,3.9487025456397222,6.003167468688266,-161.96309849164885,2.420449618512066e-09,True,False
0.5,0.5,initial_value_grid,0.01,17.09975946676696,10.0,0,557.5396395786157,0.5106994884491048,0.7764075575266421,3.9487171481340018,6.003166060840534,-161.9630984915354,2.533909082558239e-09,True,False
0.5,0.5,initial_value_grid,0.01,44.05413401348633,0.0001,0,0.010000000000000004,0.859131836567054,0.1408682505532673,6.642788356539094,1.0891901973047662,-171.69156251776562,-9.728464023696318,False,False
0.5,0.5,initial_value_grid,0.01,44.05413401348633,0.001,0,0.010000000000000004,0.9334312568386779,0.0665688033979001,7.2172698305933105,0.5147085153860406,-171.6915625177655,-9.728464023696205,False,False
0.5,0.5,initial_value_grid,0.01,44.05413401348633,0.01,0,0.010000000000000004,0.606914384073379,0.3930854581556796,4.692648592849669,3.0393280675003647,-171.6915625177661,-9.728464023696802,False,False
0.5,0.5,initial_value_grid,0.01,44.05413401348633,0.1,0,557.5392915012534,0.5107001873778528,0.7764075846735902,3.9487225522356213,6.003166270740135,-161.9630984915401,2.529191078792792e-09,True,False
0.5,0.5,initial_value_grid,0.01,44.05413401348633,1.0,0,557.5411566342476,0.5106988811818814,0.7764080362009621,3.9487124527572632,6.0031697619397875,-161.9630984915769,2.492413386789849e-09,True,False
0.5,0.5,initial_value_grid,0.01,44.05413401348633,10.0,0,557.5563227877368,0.5106934223677893,0.7764033849196772,3.9486702453274503,6.003133798335778,-161.9630984966505,-2.581202807050431e-09,True,False
0.5,0.5,initial_value_grid,0.01,113.49672651536731,0.0001,0,0.010000000000000004,0.5754362026548826,0.4245636001739033,4.449259990411941,3.2827163652960554,-171.69156251776656,-9.728464023697256,False,False
0.5,0.5,initial_value_grid,0.01,113.49672651536731,0.001,0,0.010000000000000004,0.22243954097388924,0.7775604590275994,1.7198976104989516,6.012080269744021,-171.6915625177654,-9.728464023696091,False,False
0.5,0.5,initial_value_grid,0.01,113.49672651536731,0.01,0,0.010000000000000004,0.45222391035928305,0.5477762103629364,3.496585271809752,4.235393541843241,-171.69156251776582,-9.728464023696517,False,False
0.5,0.5,initial_value_grid,0.01,113.49672651536731,0.1,0,557.5398575033093,0.5106995443913723,0.7764077573838853,3.9487175806783767,6.003167606132317,-161.9630984915372,2.532090093154693e-09,True,False
0.5,0.5,initial_value_grid,0.01,113.49672651536731,1.0,0,557.5389597056125,0.5106990945188546,0.7764074579508333,3.948714102274021,6.003165290922583,-161.96309849153982,2.529475295887096e-09,True,False
0.5,0.5,initial_value_grid,0.01,113.49672651536731,10.0,0,557.5379187472761,0.5106961433953392,0.7764072727260256,3.948691284252278,6.003163858768467,-161.96309849156165,2.5076474230445456e-09,True,False
0.5,0.5,initial_value_grid,0.01,292.4017738212864,0.0001,0,0.010000000000000004,0.47240360394482384,0.5275963960951082,3.6526142162430024,4.0793636642972135,-171.6915625177654,-9.728464023696091,False,False
0.5,0.5,initial_value_grid,0.01,292.4017738212864,0.001,0,0.010000000000000004,0.5527784561369571,0.44722142601333603,4.27407079551945,3.4579061735006857,-171.69156251776582,-9.728464023696517,False,False
0.5,0.5,initial_value_grid,0.01,292.4017738212864,0.01,0,0.010000000000000004,0.2650804606285024,0.734919539357877,2.0495962580611473,5.682381622065001,-171.6915625177654,-9.728464023696091,False,False
0.5,0.5,initial_value_grid,0.01,292.4017738212864,0.1,0,115.60905367892907,0.4195305970586449,0.634555003218555,3.2438012965377414,4.906365248676072,-162.10969405189903,-0.14659555782972689,False,False
0.5,0.5,initial_value_grid,0.01,292.4017738212864,1.0,0,557.5400309576411,0.5107020092625706,0.7764094615099617,3.9487366390079592,6.003180782397445,-161.96309849172306,2.3462405351892812e-09,True,False
0.5,0.5,initial_value_grid,0.01,292.4017738212864,10.0,0,557.5699735558946,0.5107941103767975,0.7764174288145197,3.949448762785906,6.0032423854200525,-161.9630985103263,-1.625699042051565e-08,True,False
0.5,0.5,initial_value_grid,0.01,753.3150951473334,0.0001,0,0.010000000000000004,0.5890210138119846,0.41097898593155296,4.554297449785776,3.177680428462725,-171.6915625177654,-9.728464023696091,False,False
0.5,0.5,initial_value_grid,0.01,753.3150951473334,0.001,0,0.010000000000000004,0.31372061816378494,0.6862795498194105,2.425680880214926,5.306298298858888,-171.69156251776624,-9.728464023696944,False,False
0.5,0.5,initial_value_grid,0.01,753.3150951473334,0.01,0,0.010000000000000004,0.18011674418260232,0.8198832557492313,1.3926586818791902,6.339319197825211,-171.69156251776536,-9.728464023696063,False,False
0.5,0.5,initial_value_grid,0.01,753.3150951473334,0.1,0,115.60911845479828,0.41953006471180204,0.6345552690893042,3.2437971804437273,4.906367304382823,-162.10969405189633,-0.14659555782702682,False,False
0.5,0.5,initial_value_grid,0.01,753.3150951473334,1.0,0,115.60910644686024,0.4195301703179102,0.6345551900925628,3.2437979969878197,4.9063666935817665,-162.10969405189587,-0.14659555782657208,False,False
0.5,0.5,initial_value_grid,0.01,753.3150951473334,10.0,0,115.60743253115157,0.41953175826010636,0.6345501967816726,3.2438102749217554,4.906328085412414,-162.109694052938,-0.1465955588687109,False,False
0.5,0.5,initial_value_grid,0.01,1940.7667236782133,0.0001,0,0.010000000000000004,0.5889317902885706,0.41106828991609234,4.553607575476342,3.1783709248958,-171.69156251776556,-9.728464023696262,False,False
0.5,0.5,initial_value_grid,0.01,1940.7667236782133,0.001,0,0.010000000000000004,0.31892134108673226,0.6810786583910268,2.4658927548163674,5.26608512137714,-171.69156251776536,-9.728464023696063,False,False
0.5,0.5,initial_value_grid,0.01,1940.7667236782133,0.01,0,0.010000000000000004,0.17888816648272388,0.8211118334379283,1.3831593462795844,6.348818533338362,-171.6915625177654,-9.728464023696091,False,False
0.5,0.5,initial_value_grid,0.01,1940.7667236782133,0.1,0,115.60768358014774,0.4195291404442189,0.6345526707413954,3.2437900340272194,4.906347214014268,-162.10969405242176,-0.14659555835245897,False,False
0.5,0.5,initial_value_grid,0.01,1940.7667236782133,1.0,0,557.539860162332,0.5107006986594225,0.7764073319134478,3.948726505453408,6.003164316404305,-161.9630984915395,2.5297879346908303e-09,True,False
0.5,0.5,initial_value_grid,0.01,1940.7667236782133,10.0,0,557.5385865000493,0.5106964454520586,0.7764075985887109,3.948693619748151,6.003166378331541,-161.9630984915521,2.5171971174131613e-09,True,False
0.5,0.5,initial_value_grid,0.01,4999.999999999999,0.0001,0,0.010000000000000004,0.5591050221337612,0.4408949777215951,4.322987663864564,3.4089902152485165,-171.69156251776542,-9.72846402369612,False,False
0.5,0.5,initial_value_grid,0.01,4999.999999999999,0.001,0,0.010000000000000004,0.2847064248961971,0.7152935750634336,2.2013437796571758,5.5306341002621515,-171.6915625177654,-9.728464023696091,False,False
0.5,0.5,initial_value_grid,0.01,4999.999999999999,0.01,0,0.010000000000000004,0.15243567946098027,0.8475643204641428,1.1786293017503529,6.553348577902162,-171.6915625177654,-9.728464023696091,False,False
0.5,0.5,initial_value_grid,0.01,4999.999999999999,0.1,0,557.5415842897036,0.5106991545506452,0.7764083969040654,3.9487145664384977,6.003172550888204,-161.96309849160912,2.460183168295771e-09,True,False
0.5,0.5,initial_value_grid,0.01,4999.999999999999,1.0,0,557.5415584199156,0.510701564281394,0.7764082685893402,3.9487331984233447,6.003171558761586,-161.96309849157416,2.495141870895168e-09,True,False
0.5,0.5,initial_value_grid,0.01,4999.999999999999,10.0,0,557.5418827709814,0.5107044829060096,0.7764080881173608,3.948755765164313,6.003170163356234,-161.9630984915814,2.4878943349904148e-09,True,False
0.5,0.5,initial_value_grid,0.06309573444801933,1.0,0.0001,0,1.0,0.9998484513485273,0.00015154857225847023,7.730806109410497,0.0011717702084831512,-171.69156251776536,-9.728464023696063,False,False
0.5,0.5,initial_value_grid,0.06309573444801933,1.0,0.001,0,1.0,0.9916776478179162,0.008322352434258752,7.667629637248095,0.06434824493317914,-171.6915625177654,-9.728464023696091,False,False
0.5,0.5,initial_value_grid,0.06309573444801933,1.0,0.01,0,1.0,0.9919129471222261,0.008087062110953542,7.669448966264253,0.06252898535795075,-171.6915625177654,-9.728464023696091,False,False
0.5,0.5,initial_value_grid,0.06309573444801933,1.0,0.1,0,1.0,0.43625472067964105,0.5637452739103642,3.3731118504415396,4.358865987959963,-171.69156251776536,-9.728464023696063,False,False
0.5,0.5,initial_value_grid,0.06309573444801933,1.0,1.0,0,1.0,0.06283046553851923,0.9371695370478171,0.4858037697484759,7.246174130480482,-171.6915625177654,-9.728464023696091,False,False
0.5,0.5,initial_value_grid,0.06309573444801933,1.0,10.0,0,1.0,0.056171418101385304,0.9438285818257163,0.43431616226114433,7.297661717406669,-171.6915625177654,-9.728464023696091,False,False
0.5,0.5,initial_value_grid,0.06309573444801933,2.576301385940816,0.0001,0,2.576301386317192,0.9998484513485173,0.00015154857225974303,7.73080610941042,0.0011717702084929925,-171.69156251776488,-9.72846402369558,False,False
0.5,0.5,initial_value_grid,0.06309573444801933,2.576301385940816,0.001,0,2.57630138611894,0.9916776478179842,0.008322352434182794,7.66762963724862,0.06434824493259184,-171.69156251776488,-9.72846402369558,False,False
0.5,0.5,initial_value_grid,0.06309573444801933,2.576301385940816,0.01,0,2.5763013859926125,0.9919129471222174,0.008087062110953508,7.669448966264186,0.06252898535795048,-171.69156251776488,-9.72846402369558,False,False
0.5,0.5,initial_value_grid,0.06309573444801933,2.576301385940816,0.1,0,2.5763013859529673,0.43625472067965076,0.563745273910351,3.373111850441615,4.358865987959861,-171.69156251776516,-9.728464023695864,False,False
0.5,0.5,initial_value_grid,0.06309573444801933,2.576301385940816,1.0,0,2.5763013859411825,0.06283046553851934,0.9371695370478162,0.4858037697484767,7.246174130480475,-171.69156251776536,-9.728464023696063,False,False
0.5,0.5,initial_value_grid,0.06309573444801933,2.576301385940816,10.0,0,2.57630138594129,0.056171418101385505,0.9438285818257153,0.4343161622611459,7.297661717406662,-171.69156251776536,-9.728464023696063,False,False
0.5,0.5,initial_value_grid,0.06309573444801933,6.637328831200571,0.0001,0,17.78767586804673,1.0003200253755824,0.00013791236695976275,7.734452309356579,0.00106633537074325,-168.72851095890314,-6.765412464833844,False,False
0.5,0.5,initial_value_grid,0.06309573444801933,6.637328831200571,0.001,0,557.5397945335103,0.5107001166011108,0.7764076529538235,3.9487220049914176,6.00316679868139,-161.96309849153587,2.533425913497922e-09,True,False
0.5,0.5,initial_value_grid,0.06309573444801933,6.637328831200571,0.01,0,17.78558937889873,1.0004464775851756,1.294469974075499e-05,7.735430035044059,0.00010008813206175553,-168.728716038865,-6.7656175447957025,False,False
0.5,0.5,initial_value_grid,0.06309573444801933,6.637328831200571,0.1,0,115.60906471630513,0.419530173988372,0.6345550164509357,3.243798025367749,4.906365350988547,-162.10969405189664,-0.14659555782733946,False,False
0.5,0.5,initial_value_grid,0.06309573444801933,6.637328831200571,1.0,0,557.5398054719424,0.5106997920275298,0.7764075670062942,3.9487194953956686,6.003166134136994,-161.96309849153522,2.5340796128148213e-09,True,False
0.5,0.5,initial_value_grid,0.06309573444801933,6.637328831200571,10.0,0,557.5401095502735,0.510704728629342,0.7764075332591405,3.948757665091684,6.003165873204748,-161.96309849159826,2.4710402612981852e-09,True,False
0.5,0.5,initial_value_grid,0.06309573444801933,17.09975946676696,0.0001,0,0.010000000000000004,0.9997600783060832,0.0002399206420897931,7.7301228110011095,0.00185506109764921,-171.69156251776536,-9.728464023696063,False,False
0.5,0.5,initial_value_grid,0.06309573444801933,17.09975946676696,0.001,0,0.010000000000000004,0.9905882136291708,0.009411786453624463,7.6592061561987475,0.07277172467288646,-171.69156251776536,-9.728464023696063,False,False
0.5,0.5,initial_value_grid,0.06309573444801933,17.09975946676696,0.01,0,0.010000000000000004,0.9599069036461999,0.04009336870511746,7.421978946073891,0.31000103997193257,-171.69156251776764,-9.728464023698336,False,False
0.5,0.5,initial_value_grid,0.06309573444801933,17.09975946676696,0.1,0,115.6090777997195,0.4195298647785162,0.6345551853481096,3.243795634563984,4.9063666568977595,-162.1096940518973,-0.14659555782799316,False,False
0.5,0.5,initial_value_grid,0.06309573444801933,17.09975946676696,1.0,0,557.5223602236985,0.5106508092090168,0.7763939885174361,3.948340761326415,6.003061145561496,-161.96309850429336,-1.0224056268270942e-08,True,False
0.5,0.5,initial_value_grid,0.06309573444801933,17.09975946676696,10.0,0,557.5397817171912,0.5106998534339637,0.7764075699409082,3.9487199701888573,6.003166156827365,-161.96309849153522,2.5340796128148213e-09,True,False
0.5,0.5,initial_value_grid,0.06309573444801933,44.05413401348633,0.0001,0,0.010000000000000004,0.8849172773558612,0.1150831455654926,6.842160814350169,0.8898203358998462,-171.6915625177708,-9.728464023701491,False,False
0.5,0.5,initial_value_grid,0.06309573444801933,44.05413401348633,0.001,0,0.010000000000000004,0.9375656483921572,0.062435076901016004,7.249236854633028,0.48274663354920605,-171.6915625177813,-9.728464023712007,False,False
0.5,0.5,initial_value_grid,0.06309573444801933,44.05413401348633,0.01,0,0.010000000000000004,0.8610287029659272,0.1389712962044034,6.657454885576935,1.0745229882395417,-171.6915625177654,-9.728464023696091,False,False
0.5,0.5,initial_value_grid,0.06309573444801933,44.05413401348633,0.1,0,115.60900648953064,0.41952530887879597,0.6345575957685261,3.2437604084481224,4.906385294215101,-162.10969405241127,-0.14659555834197135,False,False
0.5,0.5,initial_value_grid,0.06309573444801933,44.05413401348633,1.0,0,557.5430066758024,0.5107067545990287,0.7764066820813597,3.948773329844488,6.003159291916974,-161.9630984916439,2.4253949959529564e-09,True,False
0.5,0.5,initial_value_grid,0.06309573444801933,44.05413401348633,10.0,0,557.5576318172388,0.510739694829381,0.7764041708247021,3.949028022976941,6.003139874936047,-161.96309849442582,-3.5652192309498787e-10,True,False
0.5,0.5,initial_value_grid,0.06309573444801933,113.49672651536731,0.0001,0,0.010000000000000004,0.8283612549566761,0.17163872059542004,6.404870900165795,1.327106791035016,-171.69156251776542,-9.72846402369612,False,False
0.5,0.5,initial_value_grid,0.06309573444801933,113.49672651536731,0.001,0,0.010000000000000004,0.6140937430185232,0.3859062570261141,4.748159237407765,2.9838186431688314,-171.69156251776536,-9.728464023696063,False,False
0.5,0.5,initial_value_grid,0.06309573444801933,113.49672651536731,0.01,0,0.010000000000000004,0.1670645329844948,0.8329354583710857,1.2917392736073134,6.440238539785689,-171.69156251776536,-9.728464023696063,False,False
0.5,0.5,initial_value_grid,0.06309573444801933,113.49672651536731,0.1,0,115.60919108659473,0.41953033540444473,0.6345549396592984,3.243799273433253,4.906364757237306,-162.10969405190343,-0.14659555783413225,False,False
0.5,0.5,initial_value_grid,0.06309573444801933,113.49672651536731,1.0,0,557.5407989159697,0.5106937842711825,0.7764100166753745,3.9486730435564814,6.003185074924136,-161.96309849196575,2.1035475583630614e-09,True,False
0.5,0.5,initial_value_grid,0.06309573444801933,113.49672651536731,10.0,0,557.5422739024542,0.510715875630162,0.7764084627040189,3.948843853455455,6.0031730596519886,-161.9630984921242,1.945096528288559e-09,True,False
0.5,0.5,initial_value_grid,0.06309573444801933,292.4017738212864,0.0001,0,0.010000000000000004,0.18674274022883566,0.8132572597389874,1.4438907367431675,6.288087143239504,-171.6915625177654,-9.728464023696091,False,False
0.5,0.5,initial_value_grid,0.06309573444801933,292.4017738212864,0.001,0,0.010000000000000004,0.10504752010937526,0.8949524800413048,0.8122251018588593,6.919752779537658,-171.6915625177654,-9.728464023696091,False,False
0.5,0.5,initial_value_grid,0.06309573444801933,292.4017738212864,0.01,0,0.010000000000000004,0.39154831381019906,0.6084516861328073,3.0274429014223863,4.704534978368403,-171.6915625177654,-9.728464023696091,False,False
0.5,0.5,initial_value_grid,0.06309573444801933,292.4017738212864,0.1,0,115.60903416216826,0.4195307306329755,0.6345549759439892,3.2438023293315106,4.906365037789732,-162.10969405190139,-0.1465955578320859,False,False
0.5,0.5,initial_value_grid,0.06309573444801933,292.4017738212864,1.0,0,557.539144137232,0.5107039294929412,0.7764074437075319,3.9487514861867097,6.003165180793691,-161.96309849161523,2.454072500768234e-09,True,False
0.5,0.5,initial_value_grid,0.06309573444801933,292.4017738212864,10.0,0,557.5524952716638,0.5107307336483363,0.7764092442846234,3.9489587353233233,6.003179102815935,-161.96309849309569,9.736140782479197e-10,True,False
0.5,0.5,initial_value_grid,0.06309573444801933,753.3150951473334,0.0001,0,0.010000000000000004,0.6177370753047964,0.3822629243677367,4.776329402055563,2.9556484756439323,-171.6915625177654,-9.728464023696091,False,False
0.5,0.5,initial_value_grid,0.06309573444801933,753.3150951473334,0.001,0,0.010000000000000004,0.4504014999511785,0.5495984865647994,3.4824944348455844,4.249483341127718,-171.6915625177654,-9.728464023696091,False,False
0.5,0.5,initial_value_grid,0.06309573444801933,753.3150951473334,0.01,0,0.010000000000000004,0.32524054574398786,0.6747594273292875,2.514752705446923,5.2172249665877,-171.69156251776542,-9.72846402369612,False,False
0.5,0.5,initial_value_grid,0.06309573444801933,753.3150951473334,0.1,0,115.6131740776225,0.41952875821245356,0.6345624902459374,3.2437870786196643,4.906423138206181,-162.10969405596308,-0.14659556189377554,False,False
0.5,0.5,initial_value_grid,0.06309573444801933,753.3150951473334,1.0,0,557.5377083511745,0.5106996201534201,0.7764077875350791,3.948718166468854,6.003167839260681,-161.96309849158334,2.4859616587491473e-09,True,False
0.5,0.5,initial_value_grid,0.06309573444801933,753.3150951473334,10.0,0,557.5460334416669,0.5107139654017,0.7764062327507241,3.948829083611241,6.003155817702439,-161.96309849191192,2.1573782760242466e-09,True,False
0.5,0.5,initial_value_grid,0.06309573444801933,1940.7667236782133,0.0001,0,0.010000000000000004,0.6541748908266403,0.34582528131529683,5.0580657856744144,2.673913425554698,-171.69156251776627,-9.728464023696972,False,False
0.5,0.5,initial_value_grid,0.06309573444801933,1940.7667236782133,0.001,0,0.010000000000000004,0.43758037603472183,0.5624201358872142,3.383361788323835,4.348620050076713,-171.69156251777332,-9.72846402370402,False,False
0.5,0.5,initial_value_grid,0.06309573444801933,1940.7667236782133,0.01,0,0.010000000000000004,0.3225552394892363,0.6774447113877965,2.493989976883537,5.237987523530229,-171.69156251776548,-9.728464023696176,False,False
0.5,0.5,initial_value_grid,0.06309573444801933,1940.7667236782133,0.1,0,115.60914595884194,0.41953326610623937,0.6345554034376458,3.243821933554703,4.906368343161229,-162.10969405206492,-0.1465955579956244,False,False
0.5,0.5,initial_value_grid,0.06309573444801933,1940.7667236782133,1.0,0,557.5248142916155,0.5106804832606758,0.7764062551823158,3.948570200437459,6.00315599114301,-161.9630984927598,1.3095018402964342e-09,True,False
0.5,0.5,initial_value_grid,0.06309573444801933,1940.7667236782133,10.0,0,557.4960130721441,0.5107927420995961,0.7763661104040659,3.9494381832968513,6.002845592605575,-161.96309864442281,-1.5035351452752366e-07,True,False
0.5,0.5,initial_value_grid,0.06309573444801933,4999.999999999999,0.0001,0,0.010000000000000004,0.05831964635389837,0.9416803541244445,0.45092621559126367,7.281051668338735,-171.6915625177654,-9.728464023696091,False,False
0.5,0.5,initial_value_grid,0.06309573444801933,4999.999999999999,0.001,0,0.010000000000000004,0.43178549205227507,0.5682145080782618,3.338555873553049,4.393422007687722,-171.6915625177654,-9.728464023696091,False,False
0.5,0.5,initial_value_grid,0.06309573444801933,4999.999999999999,0.01,0,0.010000000000000004,0.32265091248657235,0.6773490404248392,2.4947297183826747,5.237247797760864,-171.69156251776545,-9.728464023696148,False,False
0.5,0.5,initial_value_grid,0.06309573444801933,4999.999999999999,0.1,0,557.5416202295152,0.510703889063391,0.7764068377589192,3.9487511735863223,6.003160495612421,-161.96309849158442,2.484881633790792e-09,True,False
0.5,0.5,initial_value_grid,0.06309573444801933,4999.999999999999,1.0,0,557.5406237800711,0.5107027156579378,0.7764080300313952,3.9487421008413133,6.003169714236833,-161.96309849155966,2.509636942704674e-09,True,False
0.5,0.5,initial_value_grid,0.06309573444801933,4999.999999999999,10.0,0,115.60913760450151,0.41953003507168457,0.6345552517457755,3.2437969512669946,4.906367170283044,-162.10969405189644,-0.1465955578271405,False,False
0.5,0.5,initial_value_grid,0.3981071705534973,1.0,0.0001,0,1.0,0.9998997548002683,0.00010028116165857369,7.731202786564538,0.0007753717237480072,-171.69156251776542,-9.72846402369612,False,False
0.5,0.5,initial_value_grid,0.3981071705534973,1.0,0.001,0,1.0,0.9989717712469967,0.001028260272335935,7.7240276382574224,0.00795048568082223,-171.69156251776542,-9.72846402369612,False,False
0.5,0.5,initial_value_grid,0.3981071705534973,1.0,0.01,0,1.0,0.9870506570872684,0.012949353754881321,7.631853847266689,0.1001241167960346,-171.6915625177654,-9.728464023696091,False,False
0.5,0.5,initial_value_grid,0.3981071705534973,1.0,0.1,0,1.0,0.7854088851500935,0.21459111562327685,6.072764126917776,1.6592137592933687,-171.6915625177654,-9.728464023696091,False,False
0.5,0.5,initial_value_grid,0.3981071705534973,1.0,1.0,0,1.0,0.3332043009373031,0.6667958974096181,2.576328284445215,5.155651129400255,-171.69156251776658,-9.728464023697285,False,False
0.5,0.5,initial_value_grid,0.3981071705534973,1.0,10.0,0,1.0,0.30594482198602047,0.6940551985525019,2.3655585961672627,5.3664194428676,-171.6915625177654,-9.728464023696091,False,False
0.5,0.5,initial_value_grid,0.3981071705534973,2.576301385940816,0.0001,0,2.576301385972877,0.9998997548002602,0.00010028116165857369,7.731202786564475,0.0007753717237480072,-171.6915625177649,-9.728464023695608,False,False
0.5,0.5,initial_value_grid,0.3981071705534973,2.576301385940816,0.001,0,2.5763013859727506,0.9989717712469884,0.0010282602723359954,7.724027638257359,0.007950485680822695,-171.6915625177649,-9.728464023695608,False,False
0.5,0.5,initial_value_grid,0.3981071705534973,2.576301385940816,0.01,0,2.576301385971553,0.98705065708726,0.012949353754881113,7.631853847266625,0.10012411679603299,-171.69156251776485,-9.728464023695551,False,False
0.5,0.5,initial_value_grid,0.3981071705534973,2.576301385940816,0.1,0,2.5763013859591504,0.7854088851500932,0.21459111562327002,6.072764126917774,1.659213759293316,-171.69156251776496,-9.728464023695665,False,False
0.5,0.5,initial_value_grid,0.3981071705534973,2.576301385940816,1.0,0,2.576301385943751,0.3332043009373069,0.6667958974096106,2.5763282844452444,5.155651129400197,-171.6915625177664,-9.728464023697114,False,False
0.5,0.5,initial_value_grid,0.3981071705534973,2.576301385940816,10.0,0,2.576301385944446,0.3059448219860282,0.6940551985524908,2.3655585961673222,5.366419442867515,-171.69156251776525,-9.728464023695949,False,False
0.5,0.5,initial_value_grid,0.3981071705534973,6.637328831200571,0.0001,0,17.78704080470352,1.0003573265582353,0.000100328102060408,7.734740721275757,0.0007757346658966792,-168.72857264401932,-6.765474149950023,False,False
0.5,0.5,initial_value_grid,0.3981071705534973,6.637328831200571,0.001,0,17.80273773464065,0.999423194516231,0.0010327229058531273,7.727518032989764,0.00798499066446474,-168.72704058523684,-6.763942091167536,False,False
0.5,0.5,initial_value_grid,0.3981071705534973,6.637328831200571,0.01,0,20.631634675685987,0.9038051236265582,0.1043327579767548,6.98820122392041,0.8066985768598108,-168.5395664566753,-6.576467962605989,False,False
0.5,0.5,initial_value_grid,0.3981071705534973,6.637328831200571,0.1,0,115.60949201954946,0.4195298117505906,0.6345561813206158,3.243795224553236,4.906374357735146,-162.10969405194504,-0.14659555787574163,False,False
0.5,0.5,initial_value_grid,0.3981071705534973,6.637328831200571,1.0,0,557.5389154409905,0.5106977766771922,0.7764075921455815,3.948703912751437,6.003166328513407,-161.9630984915415,2.527798415030702e-09,True,False
0.5,0.5,initial_value_grid,0.3981071705534973,6.637328831200571,10.0,0,557.5400039106927,0.5106989162757439,0.7764080385023533,3.9487127241022315,6.003169779734093,-161.96309849154937,2.51992560151848e-09,True,False
0.5,0.5,initial_value_grid,0.3981071705534973,17.09975946676696,0.0001,0,17.787037383818422,1.0003575656800647,0.00010017166545655343,7.734742570160453,0.0007745251015360172,-168.728572900758,-6.765474406688696,False,False
0.5,0.5,initial_value_grid,0.3981071705534973,17.09975946676696,0.001,0,17.80128876904751,0.999440931443527,0.001017010998046862,7.72765517451928,0.007863506540850461,-168.7270665102848,-6.7639680162155,False,False
0.5,0.5,initial_value_grid,0.3981071705534973,17.09975946676696,0.01,0,115.60934698554325,0.41953119001058975,0.6345572207609618,3.2438058812290627,4.906382394664909,-162.10969405213152,-0.14659555806221647,False,False
0.5,0.5,initial_value_grid,0.3981071705534973,17.09975946676696,0.1,0,115.60903151728226,0.4195286129141966,0.6345554366583718,3.2437859551767554,4.906368600023147,-162.109694051933,-0.14659555786369083,False,False
0.5,0.5,initial_value_grid,0.3981071705534973,17.09975946676696,1.0,0,115.60957867672948,0.41952013243796793,0.634560943309224,3.243720384322142,4.90641117732573,-162.10969405407877,-0.14659556000947305,False,False
0.5,0.5,initial_value_grid,0.3981071705534973,17.09975946676696,10.0,0,115.60912393962876,0.4195272951216957,0.6345572283159115,3.243775766034288,4.906382453079614,-162.1096940521507,-0.14659555808140112,False,False
0.5,0.5,initial_value_grid,0.3981071705534973,44.05413401348633,0.0001,0,0.010000000000000004,0.9904788252568588,0.009521174539599627,7.6583603677236765,0.0736175109340073,-171.6915625177654,-9.728464023696091,False,False
0.5,0.5,initial_value_grid,0.3981071705534973,44.05413401348633,0.001,0,3.3070718463876263,0.979438591698261,0.02056121352537562,7.5729975260560085,0.15897884816892027,-171.6915624479225,-9.728463953853208,False,False
0.5,0.5,initial_value_grid,0.3981071705534973,44.05413401348633,0.01,0,2.883800113650841,0.8920840999200693,0.10791594777387016,6.89757452788817,0.8344037211117779,-171.69156251756542,-9.728464023496116,False,False
0.5,0.5,initial_value_grid,0.3981071705534973,44.05413401348633,0.1,0,115.60910860727664,0.4195301504897653,0.634555076053151,3.243797843677042,4.906365811831557,-162.10969405189638,-0.14659555782708367,False,False
0.5,0.5,initial_value_grid,0.3981071705534973,44.05413401348633,1.0,0,115.61081636794995,0.4195324444052152,0.6345548110179972,3.2438155801805597,4.90636376258561,-162.10969405292366,-0.14659555885435793,False,False
0.5,0.5,initial_value_grid,0.3981071705534973,44.05413401348633,10.0,0,115.61232894481756,0.41953722629314977,0.6345633252607144,3.2438525536322955,4.906429594521966,-162.1096940566453,-0.14659556257601025,False,False
0.5,0.5,initial_value_grid,0.3981071705534973,113.49672651536731,0.0001,0,0.010000000000000004,0.9559683464213085,0.044031642379297325,7.391526108731005,0.3404516849069892,-171.6915625177654,-9.728464023696091,False,False
0.5,0.5,initial_value_grid,0.3981071705534973,113.49672651536731,0.001,0,0.010000000000000004,0.7916549816039242,0.20834501439750988,6.121058806536587,1.610919042778052,-171.69156251776536,-9.728464023696063,False,False
0.5,0.5,initial_value_grid,0.3981071705534973,113.49672651536731,0.01,0,0.010000000000000004,0.5417608448639858,0.4582391560529448,4.188882868863847,3.5430950184573025,-171.69156251776536,-9.728464023696063,False,False
0.5,0.5,initial_value_grid,0.3981071705534973,113.49672651536731,0.1,0,115.61765794999701,0.4194502545229776,0.6345863096210916,3.2431800898291194,4.9066073090879945,-162.10969416250293,-0.14659566843363336,False,False
0.5,0.5,initial_value_grid,0.3981071705534973,113.49672651536731,1.0,0,115.59289271959545,0.41948750940372914,0.6345472124122428,3.2434681437430215,4.9063050103339965,-162.1096941431362,-0.14659564906691003,False,False
0.5,0.5,initial_value_grid,0.3981071705534973,113.49672651536731,10.0,0,115.60875631463526,0.4195300714764709,0.6345548813497439,3.2437972327479976,4.90636430638912,-162.10969405192455,-0.14659555785524958,False,False
0.5,0.5,initial_value_grid,0.3981071705534973,292.4017738212864,0.0001,0,0.010000000000000004,0.40315562948461364,0.5968443722171709,3.117190409465824,4.6147874839237994,-171.69156251776536,-9.728464023696063,False,False
0.5,0.5,initial_value_grid,0.3981071705534973,292.4017738212864,0.001,0,0.010000000000000004,0.17556683445570961,0.8244331655589503,1.3574788805138056,6.374498999831007,-171.69156251776536,-9.728464023696063,False,False
0.5,0.5,initial_value_grid,0.3981071705534973,292.4017738212864,0.01,0,0.010000000000000004,0.4918755265060841,0.5081248837125352,3.8031706907722467,3.928810361260506,-171.69156251777048,-9.728464023701179,False,False
0.5,0.5,initial_value_grid,0.3981071705534973,292.4017738212864,0.1,0,115.60944511070932,0.4195279110546005,0.6345547125896269,3.243780528413884,4.906363001539629,-162.10969405208425,-0.14659555801495117,False,False
0.5,0.5,initial_value_grid,0.3981071705534973,292.4017738212864,1.0,0,557.5427017069773,0.510706834076253,0.7764059066295868,3.9487739443606276,6.003153296141019,-161.963098491734,2.3352981770585757e-09,True,False
0.5,0.5,initial_value_grid,0.3981071705534973,292.4017738212864,10.0,0,557.5400360230246,0.5107015783221871,0.7764076539272827,3.9487333069864463,6.003166806208155,-161.9630984915424,2.526888920328929e-09,True,False
0.5,0.5,initial_value_grid,0.3981071705534973,753.3150951473334,0.0001,0,0.010000000000000004,0.030092511424819203,0.9699074883748066,0.23267463269731464,7.4993032459848585,-171.6915625177654,-9.728464023696091,False,False
0.5,0.5,initial_value_grid,0.3981071705534973,753.3150951473334,0.001,0,0.010000000000000004,0.5295796366134574,0.47042036300524037,4.094698036116268,3.6372798411669733,-171.69156251776542,-9.72846402369612,False,False
0.5,0.5,initial_value_grid,0.3981071705534973,753.3150951473334,0.01,0,0.010000000000000004,0.5572209577500721,0.4427791697859333,4.308420119724947,3.423558746612087,-171.69156251776587,-9.728464023696574,False,False
0.5,0.5,initial_value_grid,0.3981071705534973,753.3150951473334,0.1,0,115.60898394284193,0.41952995505582386,0.6345552645256681,3.24379633258613,4.90636726909689,-162.10969405190232,-0.1465955578330238,False,False
0.5,0.5,initial_value_grid,0.3981071705534973,753.3150951473334,1.0,0,557.5409667962765,0.5107023642449533,0.7764080603694121,3.94873938372389,6.003169948809709,-161.96309849155688,2.5124222702288534e-09,True,False
0.5,0.5,initial_value_grid,0.3981071705534973,753.3150951473334,10.0,0,557.5398609282291,0.5107032156829991,0.7764066030204383,3.9487459670240272,6.003158680619679,-161.96309849160855,2.460751602484379e-09,True,False
0.5,0.5,initial_value_grid,0.3981071705534973,1940.7667236782133,0.0001,0,0.010000000000000004,0.07515840754935155,0.9248415923770786,0.5811231446850075,7.150854734977615,-171.6915625177654,-9.728464023696091,False,False
0.5,0.5,initial_value_grid,0.3981071705534973,1940.7667236782133,0.001,0,0.010000000000000004,0.47966111566290837,0.5203388842770443,3.7087291363127526,4.023248743454426,-171.6915625177654,-9.728464023696091,False,False
0.5,0.5,initial_value_grid,0.3981071705534973,1940.7667236782133,0.01,0,0.010000000000000004,0.5154577845890664,0.4845422151890659,3.9855081886357757,3.7464696898802106,-171.6915625177654,-9.728464023696091,False,False
0.5,0.5,initial_value_grid,0.3981071705534973,1940.7667236782133,0.1,0,115.60909146191625,0.4195284195320736,0.6345560621192188,3.243784459950458,4.906373436072581,-162.1096940519618,-0.14659555789251044,False,False
0.5,0.5,initial_value_grid,0.3981071705534973,1940.7667236782133,1.0,0,557.5348000746903,0.5106850887118123,0.7764066647432295,3.948605809683775,6.003159157858936,-161.96309849190726,2.162039436370833e-09,True,False
0.5,0.5,initial_value_grid,0.3981071705534973,1940.7667236782133,10.0,0,557.5397815726329,0.5106991886465809,0.7764074457299747,3.9487148300675186,6.003165196431174,-161.96309849153724,2.5320616714452626e-09,True,False
0.5,0.5,initial_value_grid,0.3981071705534973,4999.999999999999,0.0001,0,0.010000000000000004,0.09456032830163837,0.9054396788303511,0.731138366775693,7.0008395686001545,-171.6915625177654,-9.728464023696091,False,False
0.5,0.5,initial_value_grid,0.3981071705534973,4999.999999999999,0.001,0,0.010000000000000004,0.4741273008516078,0.5258728258920721,3.6659418025984793,4.066037057612312,-171.69156251776587,-9.728464023696574,False,False
0.5,0.5,initial_value_grid,0.3981071705534973,4999.999999999999,0.01,0,0.010000000000000004,0.5269265735575658,0.47307324636212833,4.074184611253255,3.6577918766012654,-171.69156251776639,-9.728464023697086,False,False
0.5,0.5,initial_value_grid,0.3981071705534973,4999.999999999999,0.1,0,557.5382924634904,0.5107034872728712,0.7764074594873767,3.9487480669509103,6.003165302803102,-161.96309849164862,2.4206769921875093e-09,True,False
0.5,0.5,initial_value_grid,0.3981071705534973,4999.999999999999,1.0,0,557.539793410764,0.5106995223426795,0.7764075541523908,3.948717410198371,6.0031660347508975,-161.9630984915355,2.5337953957205173e-09,True,False
0.5,0.5,initial_value_grid,0.3981071705534973,4999.999999999999,10.0,0,557.5406610413274,0.5107027507033185,0.7764069004522984,3.9487423718114214,6.003160980356243,-161.96309849156825,2.501053586456692e-09,True,False
0.5,0.5,initial_value_grid,2.5118864315095824,1.0,0.0001,0,1.0,0.9999000175975902,9.998231514305804e-05,7.731204818507617,0.000773061049100456,-171.6915625177654,-9.728464023696091,False,False
0.5,0.5,initial_value_grid,2.5118864315095824,1.0,0.001,0,1.0,0.9990015068670386,0.000998625554828657,7.724257553413842,0.0077213507005690464,-171.6915625177659,-9.728464023696603,False,False
0.5,0.5,initial_value_grid,2.5118864315095824,1.0,0.01,0,1.0,0.9901737799403048,0.009826215745052934,7.656001764083612,0.0759760827871314,-171.69156251776536,-9.728464023696063,False,False
0.5,0.5,initial_value_grid,2.5118864315095824,1.0,0.1,0,1.0,0.918342502967492,0.08165749722348427,7.100603919421045,0.6313739622870425,-171.6915625177654,-9.728464023696091,False,False
0.5,0.5,initial_value_grid,2.5118864315095824,1.0,1.0,0,1.0,0.8004202296630147,0.19957977043589883,6.188831510644217,1.543146370352043,-171.69156251776536,-9.728464023696063,False,False
0.5,0.5,initial_value_grid,2.5118864315095824,1.0,10.0,0,1.0,0.3483264380678518,0.6516735068763833,2.6932523142404445,5.038725140301061,-171.69156251776545,-9.728464023696148,False,False
0.5,0.5,initial_value_grid,2.5118864315095824,2.576301385940816,0.0001,0,2.5763013859511354,0.9999000175975802,9.998231514444195e-05,7.73120481850754,0.0007730610491111563,-171.69156251776485,-9.728464023695551,False,False
0.5,0.5,initial_value_grid,2.5118864315095824,2.576301385940816,0.001,0,2.576301385951008,0.9990015068670302,0.000998625554828657,7.724257553413777,0.0077213507005690464,-171.6915625177654,-9.728464023696091,False,False
0.5,0.5,initial_value_grid,2.5118864315095824,2.576301385940816,0.01,0,2.5763013859498627,0.9901737799402965,0.009826215745052925,7.656001764083548,0.07597608278713133,-171.6915625177649,-9.728464023695608,False,False
0.5,0.5,initial_value_grid,2.5118864315095824,2.576301385940816,0.1,0,2.5763013859533084,0.918342502967485,0.08165749722348398,7.1006039194209905,0.6313739622870401,-171.6915625177649,-9.728464023695608,False,False
0.5,0.5,initial_value_grid,2.5118864315095824,2.576301385940816,1.0,0,2.5763013859510884,0.8004202296630144,0.19957977043589253,6.188831510644214,1.5431463703519943,-171.69156251776496,-9.728464023695665,False,False
0.5,0.5,initial_value_grid,2.5118864315095824,2.576301385940816,10.0,0,2.576301385945108,0.3483264380678589,0.6516735068763737,2.6932523142404996,5.038725140300987,-171.6915625177653,-9.728464023696006,False,False
0.5,0.5,initial_value_grid,2.5118864315095824,6.637328831200571,0.0001,0,17.78712426269648,1.0003633011841562,9.99830539811471e-05,7.73478691695122,0.0007730667617802177,-168.72857321139824,-6.765474717328942,False,False
0.5,0.5,initial_value_grid,2.5118864315095824,6.637328831200571,0.001,0,17.80300835744094,0.99947045425259,0.000998814823636051,7.727883444225918,0.007722814122801236,-168.727096412283,-6.763997918213704,False,False
0.5,0.5,initial_value_grid,2.5118864315095824,6.637328831200571,0.01,0,115.60797586283836,0.4195346450881624,0.6345512438514468,3.243832595812429,4.9063361813327475,-162.10969405263282,-0.14659555856351858,False,False
0.5,0.5,initial_value_grid,2.5118864315095824,6.637328831200571,0.1,0,115.60929295324078,0.41953105390823003,0.6345547675103749,3.243804828888628,4.906363426185637,-162.10969405192972,-0.14659555786042233,False,False
0.5,0.5,initial_value_grid,2.5118864315095824,6.637328831200571,1.0,0,115.5987075994744,0.4195434294423369,0.6345444173399979,3.243900516244598,4.906283398897226,-162.10969408033674,-0.14659558626743774,False,False
0.5,0.5,initial_value_grid,2.5118864315095824,6.637328831200571,10.0,0,115.60955973542306,0.4195366322908873,0.6345538189789484,3.243847960819941,4.906356092161628,-162.10969405260244,-0.14659555853313577,False,False
0.5,0.5,initial_value_grid,2.5118864315095824,17.09975946676696,0.0001,0,17.787029028505096,1.0003576386131707,9.999089606716423e-05,7.734743134077616,0.0007731273966158369,-168.72857319743295,-6.765474703363651,False,False
0.5,0.5,initial_value_grid,2.5118864315095824,17.09975946676696,0.001,0,17.801942515713296,0.9994598094621523,0.000999154348457805,7.727801138941714,0.007725439321212828,-168.72709580961498,-6.76399731554568,False,False
0.5,0.5,initial_value_grid,2.5118864315095824,17.09975946676696,0.01,0,115.6090407010405,0.4195307418893557,0.6345549109261956,3.243802416365593,4.906364535073591,-162.1096940519017,-0.14659555783239853,False,False
0.5,0.5,initial_value_grid,2.5118864315095824,17.09975946676696,0.1,0,115.60942492997633,0.4195289943992264,0.6345561696101945,3.2437889048105677,4.906374267190428,-162.1096940519482,-0.14659555787889644,False,False
0.5,0.5,initial_value_grid,2.5118864315095824,17.09975946676696,1.0,0,115.60925432843125,0.419529751436289,0.6345555458354322,3.2437947582043902,4.906369444177764,-162.1096940519045,-0.14659555783521228,False,False
0.5,0.5,initial_value_grid,2.5118864315095824,17.09975946676696,10.0,0,115.60897202005151,0.41953111590013653,0.6345538914313572,3.2438053082086777,4.906356652362051,-162.10969405196204,-0.14659555789273782,False,False
0.5,0.5,initial_value_grid,2.5118864315095824,44.05413401348633,0.0001,0,17.787030313129485,1.0003565575873195,0.00010036461693685011,7.734734775609645,0.000776016998113629,-168.72857258411335,-6.7654740900440515,False,False
0.5,0.5,initial_value_grid,2.5118864315095824,44.05413401348633,0.001,0,17.802559193139334,0.9994216884233635,0.001034761115289187,7.727506387913028,0.008000750054739632,-168.7270372334813,-6.763938739411998,False,False
0.5,0.5,initial_value_grid,2.5118864315095824,44.05413401348633,0.01,0,115.60944573910714,0.4195311536797214,0.6345551985038628,3.243805600319592,4.906366758617752,-162.10969405194194,-0.14659555787264367,False,False
0.5,0.5,initial_value_grid,2.5118864315095824,44.05413401348633,0.1,0,115.60866084381256,0.41953105256905243,0.6345529003561529,3.2438048185341364,4.9063489893904935,-162.10969405208454,-0.14659555801523538,False,False
0.5,0.5,initial_value_grid,2.5118864315095824,44.05413401348633,1.0,0,115.60906752694433,0.4195298085867675,0.6345550444486877,3.243795200090626,4.906365567466546,-162.10969405189894,-0.14659555782964162,False,False
0.5,0.5,initial_value_grid,2.5118864315095824,44.05413401348633,10.0,0,115.60869957962463,0.41953280868080906,0.6345523097410264,3.2438183967513936,4.9063444227674,-162.10969405223136,-0.14659555816206193,False,False
0.5,0.5,initial_value_grid,2.5118864315095824,113.49672651536731,0.0001,0,0.010000000000000004,0.9363781780928054,0.0636218185696416,7.240055360545009,0.49192249388056813,-171.6915625177654,-9.728464023696091,False,False
0.5,0.5,initial_value_grid,2.5118864315095824,113.49672651536731,0.001,0,0.010000000000000004,0.9224149151048708,0.07758508504935818,7.132091719986444,0.5998861614375142,-171.6915625177654,-9.728464023696091,False,False
0.5,0.5,initial_value_grid,2.5118864315095824,113.49672651536731,0.01,0,0.010000000000000004,0.743597833549176,0.2564023363326546,5.749482000790265,1.9824971929637532,-171.69156251776627,-9.728464023696972,False,False
0.5,0.5,initial_value_grid,2.5118864315095824,113.49672651536731,0.1,0,115.6094004344472,0.4195313455132058,0.6345548822998082,3.24380708357185,4.906364313734996,-162.10969405195,-0.146595557880687,False,False
0.5,0.5,initial_value_grid,2.5118864315095824,113.49672651536731,1.0,0,115.60887156957327,0.41952118127463656,0.6345656128390318,3.2437284939040634,4.906447282026916,-162.10969405783513,-0.14659556376582827,False,False
0.5,0.5,initial_value_grid,2.5118864315095824,113.49672651536731,10.0,0,557.5443189360909,0.5107005038726962,0.7764001094525311,3.9487249993667493,6.003108472496257,-161.96309849448213,-4.128253294766182e-10,True,False
0.5,0.5,initial_value_grid,2.5118864315095824,292.4017738212864,0.0001,0,0.010000000000000004,0.5682136948989078,0.4317863058399649,4.3934157202029445,3.338562165741466,-171.69156251776536,-9.728464023696063,False,False
0.5,0.5,initial_value_grid,2.5118864315095824,292.4017738212864,0.001,0,0.010000000000000004,0.3184793152084663,0.6815206870540143,2.462475020503125,5.269502877221787,-171.6915625177654,-9.728464023696091,False,False
0.5,0.5,initial_value_grid,2.5118864315095824,292.4017738212864,0.01,0,0.010000000000000004,0.5535073381735349,0.4464926157445929,4.279706495303568,3.4522710286238785,-171.69156251776545,-9.728464023696148,False,False
0.5,0.5,initial_value_grid,2.5118864315095824,292.4017738212864,0.1,0,115.60892571752646,0.41952948824556635,0.6345552112101833,3.2437927232195443,4.906366856862741,-162.10969405191133,-0.14659555784203349,False,False
0.5,0.5,initial_value_grid,2.5118864315095824,292.4017738212864,1.0,0,557.5396774996378,0.5106987595620639,0.7764074915672631,3.948711512395524,6.0031655508440736,-161.9630984915382,2.531095333324629e-09,True,False
0.5,0.5,initial_value_grid,2.5118864315095824,292.4017738212864,10.0,0,557.5389581198683,0.5106997765576952,0.776408988318917,3.9487193757832495,6.003177123694754,-161.96309849164237,2.426929768262198e-09,True,False
0.5,0.5,initial_value_grid,2.5118864315095824,753.3150951473334,0.0001,0,0.010000000000000004,0.0510872803581717,0.9489127259963737,0.39500572169056686,7.3369722076740995,-171.6915625177654,-9.728464023696091,False,False
0.5,0.5,initial_value_grid,2.5118864315095824,753.3150951473334,0.001,0,0.010000000000000004,0.5994055464806234,0.4005944443721258,4.6345904266762314,3.09738738282889,-171.6915625177654,-9.728464023696091,False,False
0.5,0.5,initial_value_grid,2.5118864315095824,753.3150951473334,0.01,0,0.010000000000000004,0.6422647560368573,0.35773532158783705,4.965976886929237,2.7660015934946447,-171.6915625177656,-9.72846402369629,False,False
0.5,0.5,initial_value_grid,2.5118864315095824,753.3150951473334,0.1,0,115.60911014644053,0.41953037377434693,0.6345552271749368,3.243799570108488,4.906366980301862,-162.10969405189695,-0.1465955578276521,False,False
0.5,0.5,initial_value_grid,2.5118864315095824,753.3150951473334,1.0,0,557.5395308641858,0.5106991569265968,0.7764079684694455,3.9487145848093035,6.003169238241199,-161.9630984915434,2.525894160498865e-09,True,False
0.5,0.5,initial_value_grid,2.5118864315095824,753.3150951473334,10.0,0,557.5386146140175,0.5106992532442423,0.7764075288977039,3.948715329535207,6.003165839482217,-161.96309849154585,2.52344989348785e-09,True,False
0.5,0.5,initial_value_grid,2.5118864315095824,1940.7667236782133,0.0001,0,0.010000000000000004,0.12799157072636588,0.8720084301235693,0.9896279937123418,6.742349893090801,-171.6915625177654,-9.728464023696091,False,False
0.5,0.5,initial_value_grid,2.5118864315095824,1940.7667236782133,0.001,0,0.010000000000000004,0.509871868412871,0.49012821711778465,3.9423180083206057,3.7896605332319946,-171.69156251776562,-9.728464023696318,False,False
0.5,0.5,initial_value_grid,2.5118864315095824,1940.7667236782133,0.01,0,0.010000000000000004,0.6683425919158473,0.33165740794876025,5.167610137109895,2.5643677420747166,-171.6915625177654,-9.728464023696091,False,False
0.5,0.5,initial_value_grid,2.5118864315095824,1940.7667236782133,0.1,0,557.5254419021192,0.5106635748812285,0.7764098009283055,3.9484394652215817,6.003183406772571,-161.96309849365934,4.099547368241474e-10,True,False
0.5,0.5,initial_value_grid,2.5118864315095824,1940.7667236782133,1.0,0,557.5494605554184,0.5106908629461464,0.7764371810623617,3.9486504559359212,6.003395109363452,-161.96309853409076,-4.0021461700234795e-08,True,False
0.5,0.5,initial_value_grid,2.5118864315095824,1940.7667236782133,10.0,0,557.5471839632455,0.5107826568618803,0.7764068883094069,3.949360204461916,6.003160886467674,-161.9630985083026,-1.4233307865652023e-08,True,False
0.5,0.5,initial_value_grid,2.5118864315095824,4999.999999999999,0.0001,0,0.010000000000000004,0.16161037056373243,0.8383896295507584,1.249567810414789,6.482410070701913,-171.69156251776536,-9.728464023696063,False,False
0.5,0.5,initial_value_grid,2.5118864315095824,4999.999999999999,0.001,0,0.010000000000000004,0.49948879682796954,0.5005113083425015,3.8620363284972874,3.8699423649099303,-171.6915625177657,-9.728464023696404,False,False
0.5,0.5,initial_value_grid,2.5118864315095824,4999.999999999999,0.01,0,0.010000000000000004,0.08839513098137076,0.9116048690912362,0.6834691974681216,7.048508683324736,-171.69156251776536,-9.728464023696063,False,False
0.5,0.5,initial_value_grid,2.5118864315095824,4999.999999999999,0.1,0,557.5401798932788,0.5106999678856832,0.7764077397283393,3.9487208551270205,6.003167469620026,-161.9630984915376,2.5316921892226674e-09,True,False
0.5,0.5,initial_value_grid,2.5118864315095824,4999.999999999999,1.0,0,557.5398017306579,0.510699978850177,0.7764075533677257,3.9487209399042444,6.003166028683884,-161.96309849153528,2.5340227693959605e-09,True,False
0.5,0.5,initial_value_grid,2.5118864315095824,4999.999999999999,10.0,0,557.5895996102397,0.5108300295443639,0.7764059838122644,3.949726488995006,6.003153892915775,-161.96309851637096,-2.2301662738755113e-08,True,False
0.5,0.5,initial_value_grid,15.848931924611142,1.0,0.0001,0,1.0,0.9999000132739239,9.998991738971983e-05,7.731204785077125,0.0007731198295034851,-171.6915625177654,-9.728464023696091,False,False
0.5,0.5,initial_value_grid,15.848931924611142,1.0,0.001,0,1.0,0.9990016116467081,0.0009983829560517422,7.7242583635679285,0.007719474932192171,-171.69156251776542,-9.72846402369612,False,False
0.5,0.5,initial_value_grid,15.848931924611142,1.0,0.01,0,1.0,0.9901615086892052,0.00983848551183213,7.655906883041547,0.07607095235246375,-171.6915625177654,-9.728464023696091,False,False
0.5,0.5,initial_value_grid,15.848931924611142,1.0,0.1,0,1.0,0.9244948845583206,0.07550511524216932,7.148173997792075,0.5838038808967807,-171.6915625177654,-9.728464023696091,False,False
0.5,0.5,initial_value_grid,15.848931924611142,1.0,1.0,0,1.0,0.7273100926734968,0.2726899066551023,5.623545548620572,2.108432326419633,-171.6915625177654,-9.728464023696091,False,False
0.5,0.5,initial_value_grid,15.848931924611142,1.0,10.0,0,1.0,0.8331362986281482,0.1668638677779869,6.441791432210756,1.290187734669262,-171.69156251776622,-9.728464023696915,False,False
0.5,0.5,initial_value_grid,15.848931924611142,2.576301385940816,0.0001,0,2.576301385944853,0.9999000132739244,9.998991738063825e-05,7.7312047850771295,0.0007731198294332664,-171.69156251776488,-9.72846402369558,False,False
0.5,0.5,initial_value_grid,15.848931924611142,2.576301385940816,0.001,0,2.576301385949283,0.9990016116466998,0.0009983829560517422,7.7242583635678645,0.007719474932192171,-171.69156251776488,-9.72846402369558,False,False
0.5,0.5,initial_value_grid,15.848931924611142,2.576301385940816,0.01,0,2.576301385949342,0.9901615086891881,0.009838485511841051,7.655906883041415,0.07607095235253272,-171.6915625177649,-9.728464023695608,False,False
0.5,0.5,initial_value_grid,15.848931924611142,2.576301385940816,0.1,0,2.576301385952161,0.9244948845583046,0.07550511524217808,7.148173997791951,0.5838038808968483,-171.6915625177649,-9.728464023695608,False,False
0.5,0.5,initial_value_grid,15.848931924611142,2.576301385940816,1.0,0,2.5763013859499124,0.7273100926734937,0.2726899066550993,5.623545548620548,2.10843232641961,-171.69156251776502,-9.728464023695722,False,False
0.5,0.5,initial_value_grid,15.848931924611142,2.576301385940816,10.0,0,2.5763013859462247,0.8331362986281451,0.16686386777798387,6.441791432210732,1.2901877346692388,-171.6915625177658,-9.728464023696489,False,False
0.5,0.5,initial_value_grid,15.848931924611142,6.637328831200571,0.0001,0,17.78703521462324,1.000357714375542,9.999760299214001e-05,7.734743719870594,0.0007731792544113941,-168.72857318642377,-6.7654746923544735,False,False
0.5,0.5,initial_value_grid,15.848931924611142,6.637328831200571,0.001,0,17.80217136844092,0.9994516222660286,0.0009992156984511644,7.727737835722384,0.007725913678004435,-168.72709570694383,-6.7639972128745285,False,False
0.5,0.5,initial_value_grid,15.848931924611142,6.637328831200571,0.01,0,115.60753249122351,0.41953567001357406,0.6345524959443541,3.2438405205130407,4.906345862487411,-162.10969405288495,-0.14659555881564756,False,False
0.5,0.5,initial_value_grid,15.848931924611142,6.637328831200571,0.1,0,115.6089891911018,0.41952933643924967,0.6345559275636913,3.2437915494564615,4.906372395692219,-162.10969405194203,-0.14659555787272893,False,False
0.5,0.5,initial_value_grid,15.848931924611142,6.637328831200571,1.0,0,557.5415976005885,0.5106992815794856,0.7764077430347602,3.948715548622682,6.0031674951852,-161.96309849158024,2.4890596250770614e-09,True,False
0.5,0.5,initial_value_grid,15.848931924611142,6.637328831200571,10.0,0,115.60906478425808,0.41953000135686375,0.634555071244243,3.243796690584746,4.906365774649187,-162.10969405189678,-0.14659555782748157,False,False
0.5,0.5,initial_value_grid,15.848931924611142,17.09975946676696,0.0001,0,17.787036106196037,1.0003579579900232,0.00010003422466022376,7.7347456034923745,0.0007734624123389548,-168.72857312632343,-6.765474632254126,False,False
0.5,0.5,initial_value_grid,15.848931924611142,17.09975946676696,0.001,0,17.802177304135444,0.9994477889598834,0.0010033848143661717,7.727708196684062,0.007758149190039392,-168.72708884834117,-6.7639903542718685,False,False
0.5,0.5,initial_value_grid,15.848931924611142,17.09975946676696,0.01,0,115.60886846147142,0.41952913818058163,0.6345555001526202,3.2437900165248257,4.906369090959272,-162.1096940519363,-0.14659555786698775,False,False
0.5,0.5,initial_value_grid,15.848931924611142,17.09975946676696,0.1,0,115.6091036535589,0.41953005463428816,0.6345552069867937,3.243797102524613,4.906366824207586,-162.10969405189607,-0.14659555782677103,False,False
0.5,0.5,initial_value_grid,15.848931924611142,17.09975946676696,1.0,0,115.60913155467243,0.4195294865727366,0.6345554086234989,3.2437927102852617,4.906368383258131,-162.10969405190323,-0.1465955578339333,False,False
0.5,0.5,initial_value_grid,15.848931924611142,17.09975946676696,10.0,0,115.60906085643168,0.41953037236437507,0.6345551081926202,3.2437995592066167,4.906366060333221,-162.10969405189684,-0.14659555782753841,False,False
0.5,0.5,initial_value_grid,15.848931924611142,44.05413401348633,0.0001,0,17.787119225892223,1.0003544511121885,0.00010001214114860678,7.734718488390527,0.0007732916631156145,-168.72857316348376,-6.765474669414459,False,False
0.5,0.5,initial_value_grid,15.848931924611142,44.05413401348633,0.001,0,17.80115079508252,0.9994573202361712,0.0009984932936691721,7.727781892301489,0.0077203280602094965,-168.72709694886362,-6.763998454794319,False,False
0.5,0.5,initial_value_grid,15.848931924611142,44.05413401348633,0.01,0,115.60907777121552,0.4195317768701824,0.6345558400735049,3.243810418814452,4.906371719220033,-162.10969405198733,-0.14659555791803314,False,False
0.5,0.5,initial_value_grid,15.848931924611142,44.05413401348633,0.1,0,115.6094901362098,0.419532542183075,0.6345535503075804,3.243816336196809,4.906354014800554,-162.109694052178,-0.14659555810871439,False,False
0.5,0.5,initial_value_grid,15.848931924611142,44.05413401348633,1.0,0,557.5341385421277,0.5106918462529331,0.7764083886158301,3.9486580588422453,6.003172486803751,-161.9630984917354,2.333905513296486e-09,True,False
0.5,0.5,initial_value_grid,15.848931924611142,44.05413401348633,10.0,0,557.5406880921737,0.51070108392624,0.7764078382823547,3.9487294843279197,6.003168231637493,-161.96309849154255,2.526746811781777e-09,True,False
0.5,0.5,initial_value_grid,15.848931924611142,113.49672651536731,0.0001,0,0.010000000000000004,0.9630003959470371,0.036999603989805646,7.445897760116631,0.28608011962650104,-171.6915625177654,-9.728464023696091,False,False
0.5,0.5,initial_value_grid,15.848931924611142,113.49672651536731,0.001,0,0.010000000000000004,0.9589862124598735,0.04101378763883358,7.4148601821866915,0.3171176988079718,-171.69156251776536,-9.728464023696063,False,False
0.5,0.5,initial_value_grid,15.848931924611142,113.49672651536731,0.01,0,0.010000000000000004,0.9148105335378819,0.08518946637976163,7.073294809917646,0.6586830696770388,-171.6915625177654,-9.728464023696091,False,False
0.5,0.5,initial_value_grid,15.848931924611142,113.49672651536731,0.1,0,2.574736410322091,0.40825199890409497,0.5917480054566934,3.1565954250867416,4.57538248886224,-171.6915625177652,-9.728464023695892,False,False
0.5,0.5,initial_value_grid,15.848931924611142,113.49672651536731,1.0,0,557.5397960762144,0.5107010875273529,0.7764076194806289,3.9487295121716444,6.003166539867388,-161.96309849154045,2.528850018279627e-09,True,False
0.5,0.5,initial_value_grid,15.848931924611142,113.49672651536731,10.0,0,557.5397598630362,0.5106997916995807,0.776407561728971,3.9487194928599734,6.0031660933328475,-161.96309849153522,2.5340796128148213e-09,True,False
0.5,0.5,initial_value_grid,15.848931924611142,292.4017738212864,0.0001,0,0.010000000000000004,0.6695555543167094,0.3304444459114207,5.1769887355629125,2.5549891464324466,-171.6915625177654,-9.728464023696091,False,False
0.5,0.5,initial_value_grid,15.848931924611142,292.4017738212864,0.001,0,0.010000000000000004,0.5166947348525265,0.48330526689881936,3.995072260711795,3.7369056330610344,-171.69156251776536,-9.728464023696063,False,False
0.5,0.5,initial_value_grid,15.848931924611142,292.4017738212864,0.01,0,0.010000000000000004,0.31066590040105185,0.689334099532531,2.4020618700431235,5.329916009674803,-171.69156251776536,-9.728464023696063,False,False
0.5,0.5,initial_value_grid,15.848931924611142,292.4017738212864,0.1,0,2.423249767817866,0.06706230554270777,0.9329376942177937,0.5185242630535403,7.213453615326125,-171.6915625177654,-9.728464023696091,False,False
0.5,0.5,initial_value_grid,15.848931924611142,292.4017738212864,1.0,0,557.5157626127354,0.5106767872740587,0.7764074869038846,3.9485416231506902,6.003165514786935,-161.96309849480332,-7.340190677496139e-10,True,False
0.5,0.5,initial_value_grid,15.848931924611142,292.4017738212864,10.0,0,557.5382264704364,0.5106990165706893,0.7764076899531324,3.9487134995805304,6.003167084759227,-161.96309849155472,2.514582320145564e-09,True,False
0.5,0.5,initial_value_grid,15.848931924611142,753.3150951473334,0.0001,0,0.010000000000000004,0.08805117672718986,0.911948823460478,0.6808097507829833,7.051168130899523,-171.69156251776536,-9.728464023696063,False,False
0.5,0.5,initial_value_grid,15.848931924611142,753.3150951473334,0.001,0,0.010000000000000004,0.6083867293827547,0.39161324523682184,4.704032734213825,3.0279449497767654,-171.69156251776542,-9.72846402369612,False,False
0.5,0.5,initial_value_grid,15.848931924611142,753.3150951473334,0.01,0,0.010000000000000004,0.0322405835491858,0.9677594164166485,0.24928347884805896,7.482694401119235,-171.6915625177654,-9.728464023696091,False,False
0.5,0.5,initial_value_grid,15.848931924611142,753.3150951473334,0.1,0,557.6231241102481,0.5109127533823036,0.7764826337024036,3.9503661078801238,6.003746548170853,-161.96309883485185,-3.4078254884661874e-07,True,False
0.5,0.5,initial_value_grid,15.848931924611142,753.3150951473334,1.0,0,557.523873412827,0.5106768730197874,0.7764089416632105,3.948542286134767,6.0031767629538635,-161.9630984929467,1.1226006790820975e-09,True,False
0.5,0.5,initial_value_grid,15.848931924611142,753.3150951473334,10.0,0,557.5488674436516,0.5107037645335721,0.7764081127976609,3.948750210724517,6.003170354183768,-161.96309849218346,1.8858372641261667e-09,True,False
0.5,0.5,initial_value_grid,15.848931924611142,1940.7667236782133,0.0001,0,0.010000000000000004,0.18918628016961495,0.8108137321985469,1.462784133514735,6.269193842347081,-171.69156251776542,-9.72846402369612,False,False
0.5,0.5,initial_value_grid,15.848931924611142,1940.7667236782133,0.001,0,0.010000000000000004,0.5267884195926428,0.47321171656913436,4.073116407852404,3.658862525178907,-171.69156251776593,-9.728464023696631,False,False
0.5,0.5,initial_value_grid,15.848931924611142,1940.7667236782133,0.01,0,0.010000000000000004,0.10913733731200814,0.8908626627914088,0.8438474780038068,6.888130403027273,-171.6915625177654,-9.728464023696091,False,False
0.5,0.5,initial_value_grid,15.848931924611142,1940.7667236782133,0.1,0,557.4828974189618,0.5105518675173734,0.776409660712665,3.947575746355195,6.003182322628341,-161.96309852366198,-2.9592683858936653e-08,True,False
0.5,0.5,initial_value_grid,15.848931924611142,1940.7667236782133,1.0,0,557.5397126654649,0.5106999737787926,0.7764079640862552,3.9487209006924124,6.003169204350469,-161.96309849154312,2.526178377593169e-09,True,False
0.5,0.5,initial_value_grid,15.848931924611142,1940.7667236782133,10.0,0,557.554781919207,0.510730013608413,0.7764080154438803,3.9489531679905627,6.00316960144649,-161.96309849299578,1.0735163868957898e-09,True,False
0.5,0.5,initial_value_grid,15.848931924611142,4999.999999999999,0.0001,0,0.010000000000000004,0.1538725416003842,0.8461274583292835,1.189739088029166,6.542238791658488,-171.6915625177654,-9.728464023696091,False,False
0.5,0.5,initial_value_grid,15.848931924611142,4999.999999999999,0.001,0,0.010000000000000004,0.5346762805201192,0.4653237139934111,4.1341051740659935,3.597872663744206,-171.69156251776542,-9.72846402369612,False,False
0.5,0.5,initial_value_grid,15.848931924611142,4999.999999999999,0.01,0,0.010000000000000004,0.12367028682529202,0.8763297133345775,0.9562159221750384,6.775761959292532,-171.69156251776536,-9.728464023696063,False,False
0.5,0.5,initial_value_grid,15.848931924611142,4999.999999999999,0.1,0,557.5410450072969,0.5107031244471928,0.7764072721864052,3.9487452615907905,6.003163854596133,-161.96309849155475,2.5145538984361337e-09,True,False
0.5,0.5,initial_value_grid,15.848931924611142,4999.999999999999,1.0,0,557.5397194190551,0.510699509440004,0.7764075800104818,3.94871731043517,6.003166234685085,-161.9630984915354,2.533909082558239e-09,True,False
0.5,0.5,initial_value_grid,15.848931924611142,4999.999999999999,10.0,0,557.5390775288034,0.5106966551236177,0.7764079136251923,3.948695240924008,6.0031688141866475,-161.96309849155745,2.5118538360402454e-09,True,False
0.5,0.5,initial_value_grid,100.0,1.0,0.0001,0,1.0,0.9999000147655391,9.998519814474986e-05,7.731204796610261,0.0007730833404057658,-171.6915625177654,-9.728464023696091,False,False
0.5,0.5,initial_value_grid,100.0,1.0,0.001,0,1.0,0.9990021042018373,0.0009978952991410793,7.724262171993293,0.007715704379745783,-171.6915625177654,-9.728464023696091,False,False
0.5,0.5,initial_value_grid,100.0,1.0,0.01,0,1.0,0.9900396828476853,0.00996031889345232,7.654964928329675,0.07701296536422486,-171.69156251776536,-9.728464023696063,False,False
0.5,0.5,initial_value_grid,100.0,1.0,0.1,0,1.0,0.9305959703067821,0.0694041130465318,7.195347457844574,0.5366310668728677,-171.6915625177656,-9.72846402369629,False,False
0.5,0.5,initial_value_grid,100.0,1.0,1.0,0,1.0,0.0010000185669817184,0.9989999781920633,0.007732121439723412,7.724245733732747,-171.6915625177654,-9.728464023696091,False,False
0.5,0.5,initial_value_grid,100.0,1.0,10.0,0,1.0,0.5216950591032654,0.4783049539072138,4.033734657212493,3.6982433236157064,-171.6915625177654,-9.728464023696091,False,False
0.5,0.5,initial_value_grid,100.0,2.576301385940816,0.0001,0,2.5763013859499577,0.9999000147655305,9.998519814474986e-05,7.731204796610195,0.0007730833404057658,-171.69156251776488,-9.72846402369558,False,False
0.5,0.5,initial_value_grid,100.0,2.576301385940816,0.001,0,2.576301385946787,0.9990021042018292,0.0009978952991410793,7.72426217199323,0.007715704379745783,-171.69156251776488,-9.72846402369558,False,False
0.5,0.5,initial_value_grid,100.0,2.576301385940816,0.01,0,2.576301385946544,0.9900396828477528,0.00996031889337662,7.654964928330197,0.07701296536363955,-171.69156251776488,-9.72846402369558,False,False
0.5,0.5,initial_value_grid,100.0,2.576301385940816,0.1,0,2.5763013859525983,0.930595970306866,0.06940411304644056,7.195347457845223,0.5366310668721623,-171.69156251776513,-9.728464023695835,False,False
0.5,0.5,initial_value_grid,100.0,2.576301385940816,1.0,0,2.576301385941633,0.0010000185669817184,0.9989999781920632,0.007732121439723412,7.724245733732746,-171.6915625177654,-9.728464023696091,False,False
0.5,0.5,initial_value_grid,100.0,2.576301385940816,10.0,0,2.5763013859485033,0.5216950591032822,0.4783049539071926,4.033734657212623,3.698243323615542,-171.69156251776513,-9.728464023695835,False,False
0.5,0.5,initial_value_grid,100.0,6.637328831200571,0.0001,0,17.78703619143121,1.0003578314238828,9.998951169622944e-05,7.734744624885776,0.0007731166926903911,-168.7285731997031,-6.765474705633807,False,False
0.5,0.5,initial_value_grid,100.0,6.637328831200571,0.001,0,17.802110800754484,0.999457365912832,0.0009980127850939804,7.72778224547242,0.007716612778534853,-168.7270976848605,-6.763999190791196,False,False
0.5,0.5,initial_value_grid,100.0,6.637328831200571,0.01,0,19.901920609566258,0.9530192874208944,0.06775121545620658,7.368724049772306,0.5238508992661852,-168.63670011303532,-6.673601618966018,False,False
0.5,0.5,initial_value_grid,100.0,6.637328831200571,0.1,0,115.60934401464189,0.4195299957554977,0.6345544540115999,3.2437966472751074,4.906361002220043,-162.1096940519706,-0.14659555790129275,False,False
0.5,0.5,initial_value_grid,100.0,6.637328831200571,1.0,0,6.769658857332556,0.001000064742093869,0.9989971086024827,0.007732478464669177,7.7242235461295845,-171.6914821083463,-9.728383614276993,False,False
0.5,0.5,initial_value_grid,100.0,6.637328831200571,10.0,0,115.6091688973067,0.4195284981881695,0.6345559096710229,3.243785068117652,4.906372257346503,-162.10969405194527,-0.146595557875969,False,False
0.5,0.5,initial_value_grid,100.0,17.09975946676696,0.0001,0,17.786974581581013,1.0003584931454446,0.00010010263956083994,7.734749741302254,0.0007739913948371974,-168.72857301433066,-6.765474520261364,False,False
0.5,0.5,initial_value_grid,100.0,17.09975946676696,0.001,0,17.802290117945937,0.9994457526746561,0.0010098251657432173,7.727692452171726,0.007807945844427627,-168.72707825348957,-6.763979759420266,False,False
0.5,0.5,initial_value_grid,100.0,17.09975946676696,0.01,0,557.5417367034191,0.5106999891020798,0.7764103846018499,3.94872101917173,6.003187919723506,-161.9630984919366,2.132708232238656e-09,True,False
0.5,0.5,initial_value_grid,100.0,17.09975946676696,0.1,0,115.60910208102658,0.41953028743932785,0.6345553331450351,3.2437989025680305,4.906367799660318,-162.10969405189815,-0.1465955578288458,False,False
0.5,0.5,initial_value_grid,100.0,17.09975946676696,1.0,0,557.5397759885273,0.5106997924143688,0.7764075840338169,3.948719498386699,6.003166265793423,-161.96309849153522,2.5340796128148213e-09,True,False
0.5,0.5,initial_value_grid,100.0,17.09975946676696,10.0,0,557.5425636057291,0.5107023745515581,0.7764070476905801,3.9487394634143307,6.00316211879938,-161.96309849159405,2.475246674293885e-09,True,False
0.5,0.5,initial_value_grid,100.0,44.05413401348633,0.0001,0,17.787034381900494,1.0003573468031903,0.00010005419059440361,7.734740877809301,0.0007736167885003916,-168.7285730935571,-6.7654745994877885,False,False
0.5,0.5,initial_value_grid,100.0,44.05413401348633,0.001,0,17.802380034940814,0.9994291090179871,0.0010186206612816777,7.727563763786515,0.007875952421376677,-168.72706378598824,-6.763965291918936,False,False
0.5,0.5,initial_value_grid,100.0,44.05413401348633,0.01,0,115.6090040177406,0.4195306519756003,0.6345553850458285,3.2438017211544254,4.906368200956105,-162.1096940519116,-0.14659555784228928,False,False
0.5,0.5,initial_value_grid,100.0,44.05413401348633,0.1,0,115.60916004093188,0.4195306933539321,0.6345555686782948,3.2438020410907717,4.906369620798272,-162.10969405191082,-0.1465955578415219,False,False
0.5,0.5,initial_value_grid,100.0,44.05413401348633,1.0,0,557.544701524345,0.5107063400586045,0.7764084119988084,3.948770124627097,6.003172667600422,-161.96309849168935,2.3799486825737404e-09,True,False
0.5,0.5,initial_value_grid,100.0,44.05413401348633,10.0,0,557.5398148790426,0.5106998389877903,0.7764075721486576,3.948719858491364,6.003166173897634,-161.9630984915352,2.5341080345242517e-09,True,False
0.5,0.5,initial_value_grid,100.0,113.49672651536731,0.0001,0,0.010000000000000004,0.9827922480792022,0.017207809873336536,7.598927923011344,0.13305040530786666,-171.6915625177655,-9.728464023696205,False,False
0.5,0.5,initial_value_grid,100.0,113.49672651536731,0.001,0,0.010000000000000004,0.947097642730522,0.05290273865849203,7.322938024011757,0.40904280511112623,-171.6915625177698,-9.728464023700496,False,False
0.5,0.5,initial_value_grid,100.0,113.49672651536731,0.01,0,0.010000000000000004,0.93662330995567,0.0633766899698823,7.241950714686418,0.4900271649694171,-171.6915625177654,-9.728464023696091,False,False
0.5,0.5,initial_value_grid,100.0,113.49672651536731,0.1,0,2.057648302518451,0.2840093925888195,0.7159905165427379,2.1959543412747258,5.536022836363949,-171.69156251776565,-9.728464023696347,False,False
0.5,0.5,initial_value_grid,100.0,113.49672651536731,1.0,0,557.5255250299193,0.5106662243903856,0.7764138022262402,3.9484599511677776,6.003214344719695,-161.96309849497487,-9.055725058715325e-10,True,False
0.5,0.5,initial_value_grid,100.0,113.49672651536731,10.0,0,557.5395229007277,0.5106984352817399,0.7764074831545876,3.9487090050672315,6.003165485797453,-161.96309849153928,2.5300153083662735e-09,True,False
0.5,0.5,initial_value_grid,100.0,292.4017738212864,0.0001,0,0.010000000000000004,0.6323266666068698,0.36767333301116106,4.889135799284811,2.8428420779932737,-171.69156251776536,-9.728464023696063,False,False
0.5,0.5,initial_value_grid,100.0,292.4017738212864,0.001,0,0.010000000000000004,0.6600061047211236,0.3399938956633102,5.103152602521458,2.628825280682438,-171.6915625177654,-9.728464023696091,False,False
0.5,0.5,initial_value_grid,100.0,292.4017738212864,0.01,0,0.010000000000000004,0.49471617741175167,0.5052838048552437,3.825134540740328,3.9068432023799353,-171.69156251776542,-9.72846402369612,False,False
0.5,0.5,initial_value_grid,100.0,292.4017738212864,0.1,0,0.2784103974926112,0.18086773285255905,0.8191322720066663,1.3984653096636,6.333512608139285,-171.6915625177654,-9.728464023696091,False,False
0.5,0.5,initial_value_grid,100.0,292.4017738212864,1.0,0,557.5474041783161,0.5107035323944734,0.7764095002670965,3.9487484158301407,6.003181082066754,-161.96309849211767,1.951633521457552e-09,True,False
0.5,0.5,initial_value_grid,100.0,292.4017738212864,10.0,0,557.5543229249135,0.5107381612978138,0.7764105978712171,3.9490161657447853,6.003189568717536,-161.9630984941895,-1.2019540918117855e-10,True,False
0.5,0.5,initial_value_grid,100.0,753.3150951473334,0.0001,0,0.010000000000000004,0.13574058289672264,0.8642594169621166,1.0495431844071845,6.682434694732826,-171.69156251776536,-9.728464023696063,False,False
0.5,0.5,initial_value_grid,100.0,753.3150951473334,0.001,0,0.010000000000000004,0.5804442169821614,0.41955580213517213,4.4879818464143435,3.243996181631919,-171.69156251776542,-9.72846402369612,False,False
0.5,0.5,initial_value_grid,100.0,753.3150951473334,0.01,0,0.010000000000000004,0.051432111498679545,0.9485678898615236,0.3976719484413885,7.334305942307135,-171.6915625177654,-9.728464023696091,False,False
0.5,0.5,initial_value_grid,100.0,753.3150951473334,0.1,0,557.5373739469742,0.510702398788271,0.7764084297567785,3.9487396508120582,6.003172804904654,-161.96309849171934,2.349963779124664e-09,True,False
0.5,0.5,initial_value_grid,100.0,753.3150951473334,1.0,0,557.5342540278548,0.5106977850852065,0.7764093621176772,3.9487039777620176,6.0031800138985,-161.96309849196658,2.1027233287895797e-09,True,False
0.5,0.5,initial_value_grid,100.0,753.3150951473334,10.0,0,557.5434823812008,0.5107080054436716,0.7764079075844498,3.9487830013475977,6.003168767479759,-161.96309849164214,2.4271571419376414e-09,True,False
0.5,0.5,initial_value_grid,100.0,1940.7667236782133,0.0001,0,0.010000000000000004,0.21523897536170125,0.7847610321702951,1.6642229964603588,6.067754942008333,-171.6915625177654,-9.728464023696091,False,False
0.5,0.5,initial_value_grid,100.0,1940.7667236782133,0.001,0,0.010000000000000004,0.4665167831324249,0.5334832182423844,3.6070974479366473,4.12488044292481,-171.6915625177654,-9.728464023696091,False,False
0.5,0.5,initial_value_grid,100.0,1940.7667236782133,0.01,0,0.010000000000000004,0.14571454151247862,0.8542854586844939,1.1266616118025539,6.605316269951896,-171.69156251776536,-9.728464023696063,False,False
0.5,0.5,initial_value_grid,100.0,1940.7667236782133,0.1,0,557.5397856441772,0.51069974400563,0.7764075616837521,3.9487191240914017,6.003166092983216,-161.96309849153522,2.5340796128148213e-09,True,False
0.5,0.5,initial_value_grid,100.0,1940.7667236782133,1.0,0,557.5803713719833,0.5107303741219319,0.7764083731420864,3.948955955473117,6.003172367161108,-161.96309850190048,-7.831175707906368e-09,True,False
0.5,0.5,initial_value_grid,100.0,1940.7667236782133,10.0,0,557.5376338521978,0.5106941261301929,0.7764083302964674,3.948675686802788,6.003172035879729,-161.96309849160826,2.461035819578683e-09,True,False
0.5,0.5,initial_value_grid,100.0,4999.999999999999,0.0001,0,0.010000000000000004,0.17793075975398961,0.8220692401590864,1.3757566986306262,6.356221180928742,-171.6915625177654,-9.728464023696091,False,False
0.5,0.5,initial_value_grid,100.0,4999.999999999999,0.001,0,0.010000000000000004,0.5731577495956809,0.4268422503584633,4.431643041757048,3.3003348381198583,-171.6915625177654,-9.728464023696091,False,False
0.5,0.5,initial_value_grid,100.0,4999.999999999999,0.01,0,0.010000000000000004,0.11047282975160785,0.8895271702875402,0.8541734760060081,6.877804404528146,-171.6915625177654,-9.728464023696091,False,False
0.5,0.5,initial_value_grid,100.0,4999.999999999999,0.1,0,557.5376114582633,0.5106949262187002,0.7764072254481258,3.9486818730694284,6.003163493216791,-161.9630984915775,2.49178810918238e-09,True,False
0.5,0.5,initial_value_grid,100.0,4999.999999999999,1.0,0,557.5413300381966,0.5107034057983983,0.7764074577057657,3.9487474369920883,6.003165289027725,-161.96309849155455,2.5147528504021466e-09,True,False
0.5,0.5,initial_value_grid,100.0,4999.999999999999,10.0,0,557.5757898777271,0.5107646498725279,0.7764113569609136,3.9492209748185534,6.003195437982278,-161.96309849964513,-5.575827799475519e-09,True,False
