axis_level,nug_normalized,truth_nugget_real_units,gt_range_m,method,length_scale_m,length_definition,source
0.0,0.0,0.0,300.0,kriging,300.0,"input spherical variogram range (build_vario hmaj1/hmin1); HELD FIXED at the base-case range at every level on this axis (the nugget is the only thing varying), NOT fitted from the conditioning data",results/raw/kriging/20260922T162946866081Z/manifest.json:params.variogram.hmaj1
0.0,0.0,0.0,300.0,sgs,300.0,"input spherical variogram range (build_vario hmaj1/hmin1); HELD FIXED at the base-case range at every level on this axis (the nugget is the only thing varying), NOT fitted from the conditioning data",results/raw/sgs/20260922T155225878468Z/manifest.json:params.variogram.hmaj1
0.0,0.0,0.0,300.0,gp_mle,245.94169755238843,MLE-fitted sklearn RBF kernel length_scale converted to a practical range at the 0.05 correlation cutoff (factor=sqrt(2*ln(20))~=2.4477),results/raw/gp_mle/20260922T155114660619Z/manifest.json:params.fitted_hyperparameters.length_scale_m
0.0,0.0,0.0,300.0,rbf_bootstrap,240.22488679628626,CV-tuned gaussian RBF interpolation kernel shape parameter epsilon converted to an equivalent 0.05-cutoff distance (r=sqrt(-ln(0.05))/epsilon); NOT a fitted spatial correlation length -- see RBF_CAVEAT,results/raw/rbf_bootstrap/20260922T155111560802Z/manifest.json:params.best_epsilon
0.1,0.1,0.9,300.0,kriging,300.0,"input spherical variogram range (build_vario hmaj1/hmin1); HELD FIXED at the base-case range at every level on this axis (the nugget is the only thing varying), NOT fitted from the conditioning data",results/raw/kriging/20260922T162946798837Z-1/manifest.json:params.variogram.hmaj1
0.1,0.1,0.9,300.0,sgs,300.0,"input spherical variogram range (build_vario hmaj1/hmin1); HELD FIXED at the base-case range at every level on this axis (the nugget is the only thing varying), NOT fitted from the conditioning data",results/raw/sgs/20260922T155226677828Z/manifest.json:params.variogram.hmaj1
0.1,0.1,0.9,300.0,gp_mle,299.6307463261652,MLE-fitted sklearn RBF kernel length_scale converted to a practical range at the 0.05 correlation cutoff (factor=sqrt(2*ln(20))~=2.4477),results/raw/gp_mle/20260922T155114954995Z/manifest.json:params.fitted_hyperparameters.length_scale_m
0.1,0.1,0.9,300.0,rbf_bootstrap,286.62825339271154,CV-tuned gaussian RBF interpolation kernel shape parameter epsilon converted to an equivalent 0.05-cutoff distance (r=sqrt(-ln(0.05))/epsilon); NOT a fitted spatial correlation length -- see RBF_CAVEAT,results/raw/rbf_bootstrap/20260922T155111609878Z/manifest.json:params.best_epsilon
0.2,0.2,1.8,300.0,kriging,300.0,"input spherical variogram range (build_vario hmaj1/hmin1); HELD FIXED at the base-case range at every level on this axis (the nugget is the only thing varying), NOT fitted from the conditioning data",results/raw/kriging/20260922T162946814852Z/manifest.json:params.variogram.hmaj1
0.2,0.2,1.8,300.0,sgs,300.0,"input spherical variogram range (build_vario hmaj1/hmin1); HELD FIXED at the base-case range at every level on this axis (the nugget is the only thing varying), NOT fitted from the conditioning data",results/raw/sgs/20260922T155227327727Z/manifest.json:params.variogram.hmaj1
0.2,0.2,1.8,300.0,gp_mle,313.5737201853237,MLE-fitted sklearn RBF kernel length_scale converted to a practical range at the 0.05 correlation cutoff (factor=sqrt(2*ln(20))~=2.4477),results/raw/gp_mle/20260922T155114742768Z/manifest.json:params.fitted_hyperparameters.length_scale_m
0.2,0.2,1.8,300.0,rbf_bootstrap,286.62825339271154,CV-tuned gaussian RBF interpolation kernel shape parameter epsilon converted to an equivalent 0.05-cutoff distance (r=sqrt(-ln(0.05))/epsilon); NOT a fitted spatial correlation length -- see RBF_CAVEAT,results/raw/rbf_bootstrap/20260922T155111593530Z/manifest.json:params.best_epsilon
0.3,0.3,2.6999999999999997,300.0,kriging,300.0,"input spherical variogram range (build_vario hmaj1/hmin1); HELD FIXED at the base-case range at every level on this axis (the nugget is the only thing varying), NOT fitted from the conditioning data",results/raw/kriging/20260922T162946878810Z/manifest.json:params.variogram.hmaj1
0.3,0.3,2.6999999999999997,300.0,sgs,300.0,"input spherical variogram range (build_vario hmaj1/hmin1); HELD FIXED at the base-case range at every level on this axis (the nugget is the only thing varying), NOT fitted from the conditioning data",results/raw/sgs/20260922T155241493030Z/manifest.json:params.variogram.hmaj1
0.3,0.3,2.6999999999999997,300.0,gp_mle,316.4033288820937,MLE-fitted sklearn RBF kernel length_scale converted to a practical range at the 0.05 correlation cutoff (factor=sqrt(2*ln(20))~=2.4477),results/raw/gp_mle/20260922T155129326703Z/manifest.json:params.fitted_hyperparameters.length_scale_m
0.3,0.3,2.6999999999999997,300.0,rbf_bootstrap,299.567191068407,CV-tuned gaussian RBF interpolation kernel shape parameter epsilon converted to an equivalent 0.05-cutoff distance (r=sqrt(-ln(0.05))/epsilon); NOT a fitted spatial correlation length -- see RBF_CAVEAT,results/raw/rbf_bootstrap/20260922T155124508512Z/manifest.json:params.best_epsilon
0.4,0.4,3.6,300.0,kriging,300.0,"input spherical variogram range (build_vario hmaj1/hmin1); HELD FIXED at the base-case range at every level on this axis (the nugget is the only thing varying), NOT fitted from the conditioning data",results/raw/kriging/20260922T162946798837Z/manifest.json:params.variogram.hmaj1
0.4,0.4,3.6,300.0,sgs,300.0,"input spherical variogram range (build_vario hmaj1/hmin1); HELD FIXED at the base-case range at every level on this axis (the nugget is the only thing varying), NOT fitted from the conditioning data",results/raw/sgs/20260922T155243811156Z/manifest.json:params.variogram.hmaj1
0.4,0.4,3.6,300.0,gp_mle,308.4119470250549,MLE-fitted sklearn RBF kernel length_scale converted to a practical range at the 0.05 correlation cutoff (factor=sqrt(2*ln(20))~=2.4477),results/raw/gp_mle/20260922T155134478153Z/manifest.json:params.fitted_hyperparameters.length_scale_m
0.4,0.4,3.6,300.0,rbf_bootstrap,313.09021669144823,CV-tuned gaussian RBF interpolation kernel shape parameter epsilon converted to an equivalent 0.05-cutoff distance (r=sqrt(-ln(0.05))/epsilon); NOT a fitted spatial correlation length -- see RBF_CAVEAT,results/raw/rbf_bootstrap/20260922T155132576942Z/manifest.json:params.best_epsilon
0.5,0.5,4.5,300.0,kriging,300.0,"input spherical variogram range (build_vario hmaj1/hmin1); HELD FIXED at the base-case range at every level on this axis (the nugget is the only thing varying), NOT fitted from the conditioning data",results/raw/kriging/20260922T162947134183Z/manifest.json:params.variogram.hmaj1
0.5,0.5,4.5,300.0,sgs,300.0,"input spherical variogram range (build_vario hmaj1/hmin1); HELD FIXED at the base-case range at every level on this axis (the nugget is the only thing varying), NOT fitted from the conditioning data",results/raw/sgs/20260922T155251296301Z/manifest.json:params.variogram.hmaj1
0.5,0.5,4.5,300.0,gp_mle,1364.6707733092803,MLE-fitted sklearn RBF kernel length_scale converted to a practical range at the 0.05 correlation cutoff (factor=sqrt(2*ln(20))~=2.4477),results/raw/gp_mle/20260922T155145828487Z/manifest.json:params.fitted_hyperparameters.length_scale_m
0.5,0.5,4.5,300.0,rbf_bootstrap,299.567191068407,CV-tuned gaussian RBF interpolation kernel shape parameter epsilon converted to an equivalent 0.05-cutoff distance (r=sqrt(-ln(0.05))/epsilon); NOT a fitted spatial correlation length -- see RBF_CAVEAT,results/raw/rbf_bootstrap/20260922T155142243644Z/manifest.json:params.best_epsilon
