axis_level,method,mse,umg,variance_mean
0.0,gp_mle,3.049785654578773,0.9580075662042875,2.5264229448804008
0.0,kriging,2.9260542873752535,0.94291719209752,2.6231705605251823
0.0,rbf_bootstrap,3.1848914539719413,0.4688104245481295,0.4459527521217134
0.0,sgs,3.161784191822629,0.8954182429592266,2.5253352291699875
0.1,gp_mle,3.8106456538918656,0.9572642198181457,3.172829756932224
0.1,kriging,3.702480761734817,0.9469525010508617,3.4325894454464017
0.1,rbf_bootstrap,3.795825171231035,0.44632198402690204,0.512803498472439
0.1,sgs,4.055668735273234,0.903656998738966,3.322895746192343
0.2,gp_mle,4.650184792875688,0.9504391495763368,3.888730297184838
0.2,kriging,4.53082501887281,0.9311055065153426,4.125159981842893
0.2,rbf_bootstrap,4.702532808205247,0.3685582177385456,0.41774385125892877
0.2,sgs,5.043816506543085,0.8858764186633039,4.048593285754895
0.3,gp_mle,5.494596034350928,0.9482113227583461,4.645870218568726
0.3,kriging,5.407916167604516,0.9243799915931064,4.790385887291859
0.3,rbf_bootstrap,5.479196146051204,0.3630517023959646,0.4646892877940011
0.3,sgs,6.098827024616411,0.8770071458596049,4.753471017021119
0.4,gp_mle,6.328964768022687,0.9495586380832283,5.474916403864713
0.4,kriging,6.233608943731213,0.9351408154686843,5.538518349821345
0.4,rbf_bootstrap,6.37021071871288,0.29911727616645667,0.3300243177651641
0.4,sgs,7.042347467536889,0.880411937788987,5.531037214147617
0.5,gp_mle,7.5967126414416155,0.9384195039932746,6.3255279512161025
0.5,kriging,7.140646944043871,0.9466582597730139,6.271518685703812
0.5,rbf_bootstrap,7.101609122394736,0.29991593106347203,0.3602836239149053
0.5,sgs,7.953540023335864,0.8802437999159312,6.284421459723874
