axis_level,method,variance_source_file,units,is_monte_carlo_backtransform_approximation,n_cells_averaged,variance_mean,note
0.0,kriging,kriging_var_map_physical_mc.npy,Porosity %^2,True,2379,2.6231705605251823,"variance_mean is taken over this level's evaluated cells (the conditioning cells excluded). All four arrays are Porosity %^2, but kriging's physical-unit variance is a Monte Carlo back-transform of its normal-score variance, whereas sgs/rbf_bootstrap/gp_mle variances are native physical-unit arrays. On this axis the evaluated-cell set is identical at every level, so variance_mean is directly comparable across levels."
0.0,sgs,sgs_var_map.npy,Porosity %^2,False,2379,2.5253352291699875,"variance_mean is taken over this level's evaluated cells (the conditioning cells excluded). All four arrays are Porosity %^2, but kriging's physical-unit variance is a Monte Carlo back-transform of its normal-score variance, whereas sgs/rbf_bootstrap/gp_mle variances are native physical-unit arrays. On this axis the evaluated-cell set is identical at every level, so variance_mean is directly comparable across levels."
0.0,rbf_bootstrap,bootstrap_var_map.npy,Porosity %^2,False,2379,0.4459527521217134,"variance_mean is taken over this level's evaluated cells (the conditioning cells excluded). All four arrays are Porosity %^2, but kriging's physical-unit variance is a Monte Carlo back-transform of its normal-score variance, whereas sgs/rbf_bootstrap/gp_mle variances are native physical-unit arrays. On this axis the evaluated-cell set is identical at every level, so variance_mean is directly comparable across levels."
0.0,gp_mle,posterior_var_map.npy,Porosity %^2,False,2379,2.5264229448804008,"variance_mean is taken over this level's evaluated cells (the conditioning cells excluded). All four arrays are Porosity %^2, but kriging's physical-unit variance is a Monte Carlo back-transform of its normal-score variance, whereas sgs/rbf_bootstrap/gp_mle variances are native physical-unit arrays. On this axis the evaluated-cell set is identical at every level, so variance_mean is directly comparable across levels."
0.1,kriging,kriging_var_map_physical_mc.npy,Porosity %^2,True,2379,3.4325894454464017,"variance_mean is taken over this level's evaluated cells (the conditioning cells excluded). All four arrays are Porosity %^2, but kriging's physical-unit variance is a Monte Carlo back-transform of its normal-score variance, whereas sgs/rbf_bootstrap/gp_mle variances are native physical-unit arrays. On this axis the evaluated-cell set is identical at every level, so variance_mean is directly comparable across levels."
0.1,sgs,sgs_var_map.npy,Porosity %^2,False,2379,3.322895746192343,"variance_mean is taken over this level's evaluated cells (the conditioning cells excluded). All four arrays are Porosity %^2, but kriging's physical-unit variance is a Monte Carlo back-transform of its normal-score variance, whereas sgs/rbf_bootstrap/gp_mle variances are native physical-unit arrays. On this axis the evaluated-cell set is identical at every level, so variance_mean is directly comparable across levels."
0.1,rbf_bootstrap,bootstrap_var_map.npy,Porosity %^2,False,2379,0.512803498472439,"variance_mean is taken over this level's evaluated cells (the conditioning cells excluded). All four arrays are Porosity %^2, but kriging's physical-unit variance is a Monte Carlo back-transform of its normal-score variance, whereas sgs/rbf_bootstrap/gp_mle variances are native physical-unit arrays. On this axis the evaluated-cell set is identical at every level, so variance_mean is directly comparable across levels."
0.1,gp_mle,posterior_var_map.npy,Porosity %^2,False,2379,3.172829756932224,"variance_mean is taken over this level's evaluated cells (the conditioning cells excluded). All four arrays are Porosity %^2, but kriging's physical-unit variance is a Monte Carlo back-transform of its normal-score variance, whereas sgs/rbf_bootstrap/gp_mle variances are native physical-unit arrays. On this axis the evaluated-cell set is identical at every level, so variance_mean is directly comparable across levels."
0.2,kriging,kriging_var_map_physical_mc.npy,Porosity %^2,True,2379,4.125159981842893,"variance_mean is taken over this level's evaluated cells (the conditioning cells excluded). All four arrays are Porosity %^2, but kriging's physical-unit variance is a Monte Carlo back-transform of its normal-score variance, whereas sgs/rbf_bootstrap/gp_mle variances are native physical-unit arrays. On this axis the evaluated-cell set is identical at every level, so variance_mean is directly comparable across levels."
0.2,sgs,sgs_var_map.npy,Porosity %^2,False,2379,4.048593285754895,"variance_mean is taken over this level's evaluated cells (the conditioning cells excluded). All four arrays are Porosity %^2, but kriging's physical-unit variance is a Monte Carlo back-transform of its normal-score variance, whereas sgs/rbf_bootstrap/gp_mle variances are native physical-unit arrays. On this axis the evaluated-cell set is identical at every level, so variance_mean is directly comparable across levels."
0.2,rbf_bootstrap,bootstrap_var_map.npy,Porosity %^2,False,2379,0.41774385125892877,"variance_mean is taken over this level's evaluated cells (the conditioning cells excluded). All four arrays are Porosity %^2, but kriging's physical-unit variance is a Monte Carlo back-transform of its normal-score variance, whereas sgs/rbf_bootstrap/gp_mle variances are native physical-unit arrays. On this axis the evaluated-cell set is identical at every level, so variance_mean is directly comparable across levels."
0.2,gp_mle,posterior_var_map.npy,Porosity %^2,False,2379,3.888730297184838,"variance_mean is taken over this level's evaluated cells (the conditioning cells excluded). All four arrays are Porosity %^2, but kriging's physical-unit variance is a Monte Carlo back-transform of its normal-score variance, whereas sgs/rbf_bootstrap/gp_mle variances are native physical-unit arrays. On this axis the evaluated-cell set is identical at every level, so variance_mean is directly comparable across levels."
0.3,kriging,kriging_var_map_physical_mc.npy,Porosity %^2,True,2379,4.790385887291859,"variance_mean is taken over this level's evaluated cells (the conditioning cells excluded). All four arrays are Porosity %^2, but kriging's physical-unit variance is a Monte Carlo back-transform of its normal-score variance, whereas sgs/rbf_bootstrap/gp_mle variances are native physical-unit arrays. On this axis the evaluated-cell set is identical at every level, so variance_mean is directly comparable across levels."
0.3,sgs,sgs_var_map.npy,Porosity %^2,False,2379,4.753471017021119,"variance_mean is taken over this level's evaluated cells (the conditioning cells excluded). All four arrays are Porosity %^2, but kriging's physical-unit variance is a Monte Carlo back-transform of its normal-score variance, whereas sgs/rbf_bootstrap/gp_mle variances are native physical-unit arrays. On this axis the evaluated-cell set is identical at every level, so variance_mean is directly comparable across levels."
0.3,rbf_bootstrap,bootstrap_var_map.npy,Porosity %^2,False,2379,0.4646892877940011,"variance_mean is taken over this level's evaluated cells (the conditioning cells excluded). All four arrays are Porosity %^2, but kriging's physical-unit variance is a Monte Carlo back-transform of its normal-score variance, whereas sgs/rbf_bootstrap/gp_mle variances are native physical-unit arrays. On this axis the evaluated-cell set is identical at every level, so variance_mean is directly comparable across levels."
0.3,gp_mle,posterior_var_map.npy,Porosity %^2,False,2379,4.645870218568726,"variance_mean is taken over this level's evaluated cells (the conditioning cells excluded). All four arrays are Porosity %^2, but kriging's physical-unit variance is a Monte Carlo back-transform of its normal-score variance, whereas sgs/rbf_bootstrap/gp_mle variances are native physical-unit arrays. On this axis the evaluated-cell set is identical at every level, so variance_mean is directly comparable across levels."
0.4,kriging,kriging_var_map_physical_mc.npy,Porosity %^2,True,2379,5.538518349821345,"variance_mean is taken over this level's evaluated cells (the conditioning cells excluded). All four arrays are Porosity %^2, but kriging's physical-unit variance is a Monte Carlo back-transform of its normal-score variance, whereas sgs/rbf_bootstrap/gp_mle variances are native physical-unit arrays. On this axis the evaluated-cell set is identical at every level, so variance_mean is directly comparable across levels."
0.4,sgs,sgs_var_map.npy,Porosity %^2,False,2379,5.531037214147617,"variance_mean is taken over this level's evaluated cells (the conditioning cells excluded). All four arrays are Porosity %^2, but kriging's physical-unit variance is a Monte Carlo back-transform of its normal-score variance, whereas sgs/rbf_bootstrap/gp_mle variances are native physical-unit arrays. On this axis the evaluated-cell set is identical at every level, so variance_mean is directly comparable across levels."
0.4,rbf_bootstrap,bootstrap_var_map.npy,Porosity %^2,False,2379,0.3300243177651641,"variance_mean is taken over this level's evaluated cells (the conditioning cells excluded). All four arrays are Porosity %^2, but kriging's physical-unit variance is a Monte Carlo back-transform of its normal-score variance, whereas sgs/rbf_bootstrap/gp_mle variances are native physical-unit arrays. On this axis the evaluated-cell set is identical at every level, so variance_mean is directly comparable across levels."
0.4,gp_mle,posterior_var_map.npy,Porosity %^2,False,2379,5.474916403864713,"variance_mean is taken over this level's evaluated cells (the conditioning cells excluded). All four arrays are Porosity %^2, but kriging's physical-unit variance is a Monte Carlo back-transform of its normal-score variance, whereas sgs/rbf_bootstrap/gp_mle variances are native physical-unit arrays. On this axis the evaluated-cell set is identical at every level, so variance_mean is directly comparable across levels."
0.5,kriging,kriging_var_map_physical_mc.npy,Porosity %^2,True,2379,6.271518685703812,"variance_mean is taken over this level's evaluated cells (the conditioning cells excluded). All four arrays are Porosity %^2, but kriging's physical-unit variance is a Monte Carlo back-transform of its normal-score variance, whereas sgs/rbf_bootstrap/gp_mle variances are native physical-unit arrays. On this axis the evaluated-cell set is identical at every level, so variance_mean is directly comparable across levels."
0.5,sgs,sgs_var_map.npy,Porosity %^2,False,2379,6.284421459723874,"variance_mean is taken over this level's evaluated cells (the conditioning cells excluded). All four arrays are Porosity %^2, but kriging's physical-unit variance is a Monte Carlo back-transform of its normal-score variance, whereas sgs/rbf_bootstrap/gp_mle variances are native physical-unit arrays. On this axis the evaluated-cell set is identical at every level, so variance_mean is directly comparable across levels."
0.5,rbf_bootstrap,bootstrap_var_map.npy,Porosity %^2,False,2379,0.3602836239149053,"variance_mean is taken over this level's evaluated cells (the conditioning cells excluded). All four arrays are Porosity %^2, but kriging's physical-unit variance is a Monte Carlo back-transform of its normal-score variance, whereas sgs/rbf_bootstrap/gp_mle variances are native physical-unit arrays. On this axis the evaluated-cell set is identical at every level, so variance_mean is directly comparable across levels."
0.5,gp_mle,posterior_var_map.npy,Porosity %^2,False,2379,6.3255279512161025,"variance_mean is taken over this level's evaluated cells (the conditioning cells excluded). All four arrays are Porosity %^2, but kriging's physical-unit variance is a Monte Carlo back-transform of its normal-score variance, whereas sgs/rbf_bootstrap/gp_mle variances are native physical-unit arrays. On this axis the evaluated-cell set is identical at every level, so variance_mean is directly comparable across levels."
