family,bin_left,bin_right,density
sgs,4.0,4.5,0.00016
sgs,4.5,5.0,0.00032
sgs,5.0,5.5,0.00048
sgs,5.5,6.0,0.0008
sgs,6.0,6.5,0.00128
sgs,6.5,7.0,0.00176
sgs,7.0,7.5,0.00256
sgs,7.5,8.0,0.0048
sgs,8.0,8.5,0.00784
sgs,8.5,9.0,0.01552
sgs,9.0,9.5,0.02272
sgs,9.5,10.0,0.0304
sgs,10.0,10.5,0.04064
sgs,10.5,11.0,0.0528
sgs,11.0,11.5,0.06432
sgs,11.5,12.0,0.0816
sgs,12.0,12.5,0.09456
sgs,12.5,13.0,0.1
sgs,13.0,13.5,0.11328
sgs,13.5,14.0,0.12272
sgs,14.0,14.5,0.12624
sgs,14.5,15.0,0.12768
sgs,15.0,15.5,0.12448
sgs,15.5,16.0,0.12496
sgs,16.0,16.5,0.11952
sgs,16.5,17.0,0.10064
sgs,17.0,17.5,0.10272
sgs,17.5,18.0,0.0904
sgs,18.0,18.5,0.07216
sgs,18.5,19.0,0.06336
sgs,19.0,19.5,0.05136
sgs,19.5,20.0,0.0368
sgs,20.0,20.5,0.03024
sgs,20.5,21.0,0.01936
sgs,21.0,21.5,0.01872
sgs,21.5,22.0,0.01104
sgs,22.0,22.5,0.0088
sgs,22.5,23.0,0.00704
sgs,23.0,23.5,0.00288
sgs,23.5,24.0,0.00176
sgs,24.0,24.5,0.00096
sgs,24.5,25.0,0.00016
sgs,25.0,25.5,0.00016
sgs,25.5,26.0,0.0
sgs,26.0,26.5,0.0
sgs,26.5,27.0,0.0
sgs,27.0,27.5,0.0
sgs,27.5,28.0,0.0
sgs,28.0,28.5,0.0
obm,4.0,4.5,0.0
obm,4.5,5.0,0.0
obm,5.0,5.5,0.0
obm,5.5,6.0,0.0
obm,6.0,6.5,0.0
obm,6.5,7.0,0.0
obm,7.0,7.5,0.0
obm,7.5,8.0,0.0
obm,8.0,8.5,0.0
obm,8.5,9.0,0.0
obm,9.0,9.5,0.0
obm,9.5,10.0,0.0
obm,10.0,10.5,0.0
obm,10.5,11.0,0.0
obm,11.0,11.5,0.0
obm,11.5,12.0,0.0
obm,12.0,12.5,0.0
obm,12.5,13.0,0.8668
obm,13.0,13.5,0.27064
obm,13.5,14.0,0.15746666666666667
obm,14.0,14.5,0.03632
obm,14.5,15.0,0.0
obm,15.0,15.5,0.00048
obm,15.5,16.0,0.006346666666666666
obm,16.0,16.5,0.04034666666666667
obm,16.5,17.0,0.06730666666666667
obm,17.0,17.5,0.07112
obm,17.5,18.0,0.061413333333333334
obm,18.0,18.5,0.05197333333333334
obm,18.5,19.0,0.056
obm,19.0,19.5,0.05997333333333333
obm,19.5,20.0,0.06114666666666667
obm,20.0,20.5,0.05352
obm,20.5,21.0,0.042506666666666665
obm,21.0,21.5,0.03493333333333333
obm,21.5,22.0,0.025173333333333332
obm,22.0,22.5,0.015306666666666666
obm,22.5,23.0,0.00888
obm,23.0,23.5,0.004986666666666667
obm,23.5,24.0,0.00328
obm,24.0,24.5,0.00192
obm,24.5,25.0,0.0011733333333333333
obm,25.0,25.5,0.0005333333333333334
obm,25.5,26.0,0.00021333333333333333
obm,26.0,26.5,5.333333333333333e-05
obm,26.5,27.0,0.00010666666666666667
obm,27.0,27.5,5.333333333333333e-05
obm,27.5,28.0,0.0
obm,28.0,28.5,2.6666666666666667e-05
obm_mud,4.0,4.5,0.0
obm_mud,4.5,5.0,0.0
obm_mud,5.0,5.5,0.0
obm_mud,5.5,6.0,0.0
obm_mud,6.0,6.5,0.0
obm_mud,6.5,7.0,0.0
obm_mud,7.0,7.5,0.0
obm_mud,7.5,8.0,0.0
obm_mud,8.0,8.5,0.0
obm_mud,8.5,9.0,0.0
obm_mud,9.0,9.5,0.0
obm_mud,9.5,10.0,0.0
obm_mud,10.0,10.5,0.0
obm_mud,10.5,11.0,0.0
obm_mud,11.0,11.5,0.0
obm_mud,11.5,12.0,0.0
obm_mud,12.0,12.5,0.0408
obm_mud,12.5,13.0,0.7649333333333334
obm_mud,13.0,13.5,0.3432266666666667
obm_mud,13.5,14.0,0.13136
obm_mud,14.0,14.5,0.04698666666666667
obm_mud,14.5,15.0,0.00392
obm_mud,15.0,15.5,0.00056
obm_mud,15.5,16.0,0.00632
obm_mud,16.0,16.5,0.040826666666666664
obm_mud,16.5,17.0,0.06704
obm_mud,17.0,17.5,0.0716
obm_mud,17.5,18.0,0.06104
obm_mud,18.0,18.5,0.05213333333333333
obm_mud,18.5,19.0,0.055733333333333336
obm_mud,19.0,19.5,0.060186666666666666
obm_mud,19.5,20.0,0.06109333333333333
obm_mud,20.0,20.5,0.053386666666666666
obm_mud,20.5,21.0,0.04253333333333333
obm_mud,21.0,21.5,0.034666666666666665
obm_mud,21.5,22.0,0.025066666666666668
obm_mud,22.0,22.5,0.015413333333333333
obm_mud,22.5,23.0,0.008906666666666667
obm_mud,23.0,23.5,0.004933333333333333
obm_mud,23.5,24.0,0.003173333333333333
obm_mud,24.0,24.5,0.0020266666666666666
obm_mud,24.5,25.0,0.0011733333333333333
obm_mud,25.0,25.5,0.00048
obm_mud,25.5,26.0,0.00024
obm_mud,26.0,26.5,5.333333333333333e-05
obm_mud,26.5,27.0,0.00010666666666666667
obm_mud,27.0,27.5,5.333333333333333e-05
obm_mud,27.5,28.0,0.0
obm_mud,28.0,28.5,2.6666666666666667e-05
