family,seed,statistic,value
sgs,101,mean,15.0
sgs,101,std,2.9999999999999996
sgs,101,min,6.8050428224152295
sgs,101,max,24.288850479720438
sgs,101,skewness,0.1671020525009145
sgs,101,excess_kurtosis,-0.43469206824323203
sgs,101,p10,11.050351751305683
sgs,101,p50,14.912503072968377
sgs,101,p90,19.008683809777253
sgs,102,mean,15.0
sgs,102,std,3.0
sgs,102,min,4.462135120279083
sgs,102,max,23.843643913975775
sgs,102,skewness,-0.13910961197026778
sgs,102,excess_kurtosis,0.10638894070153482
sgs,102,p10,11.24487625913429
sgs,102,p50,15.10220876599156
sgs,102,p90,18.734043526476437
sgs,103,mean,15.0
sgs,103,std,3.0
sgs,103,min,6.49684981552141
sgs,103,max,23.820526503838447
sgs,103,skewness,0.1490056243573298
sgs,103,excess_kurtosis,-0.39240019185375763
sgs,103,p10,11.187982256797913
sgs,103,p50,14.90914219939813
sgs,103,p90,18.935743182703522
sgs,104,mean,15.0
sgs,104,std,2.9999999999999996
sgs,104,min,5.284122295333335
sgs,104,max,24.74584555516043
sgs,104,skewness,-0.012164241034455096
sgs,104,excess_kurtosis,-0.12300306718753395
sgs,104,p10,11.094319051841321
sgs,104,p50,15.054453707921267
sgs,104,p90,18.752833420141858
sgs,105,mean,15.0
sgs,105,std,3.0
sgs,105,min,6.708006456630551
sgs,105,max,25.31547216725407
sgs,105,skewness,0.20544192832519328
sgs,105,excess_kurtosis,-0.1795258082621558
sgs,105,p10,11.217766402094053
sgs,105,p50,14.784103786025966
sgs,105,p90,19.034848376333844
obm,0,mean,15.0
obm,0,std,3.0000000000000004
obm,0,min,12.866613203167173
obm,0,max,24.377164499901532
obm,0,skewness,1.0538141979903846
obm,0,excess_kurtosis,-0.37101301539333775
obm,0,p10,12.866613203167173
obm,0,p50,12.866613203167173
obm,0,p90,19.999197263744538
obm,0,net_to_gross,0.3288
obm,1,mean,15.0
obm,1,std,2.9999999999999996
obm,1,min,12.844235954539649
obm,1,max,23.292095559566846
obm,1,skewness,0.9985235808319699
obm,1,excess_kurtosis,-0.5775905648968744
obm,1,p10,12.844235954539649
obm,1,p50,12.844235954539649
obm,1,p90,19.94965894802582
obm,1,net_to_gross,0.3404
obm,2,mean,15.0
obm,2,std,3.0
obm,2,min,12.938644227199003
obm,2,max,23.459087665828893
obm,2,skewness,1.0680386685045344
obm,2,excess_kurtosis,-0.43512227105521273
obm,2,p10,12.938644227199003
obm,2,p50,12.938644227199003
obm,2,p90,20.049617000869155
obm,2,net_to_gross,0.3196
obm,3,mean,15.000000000000004
obm,3,std,2.9999999999999996
obm,3,min,12.712359531665719
obm,3,max,22.69999010381683
obm,3,skewness,0.9237893919672666
obm,3,excess_kurtosis,-0.7113044088167273
obm,3,p10,12.712359531665719
obm,3,p50,12.712359531665719
obm,3,p90,20.09054692337535
obm,3,net_to_gross,0.366
obm,4,mean,15.0
obm,4,std,3.0
obm,4,min,13.148421054403174
obm,4,max,25.28305223144141
obm,4,skewness,1.4504991003868903
obm,4,excess_kurtosis,0.7871136347526817
obm,4,p10,13.148421054403174
obm,4,p50,13.148421054403174
obm,4,p90,20.222106081453365
obm,4,net_to_gross,0.2636
obm,5,mean,15.0
obm,5,std,3.0000000000000004
obm,5,min,12.677920057890498
obm,5,max,24.107950923166783
obm,5,skewness,0.9434057888850063
obm,5,excess_kurtosis,-0.48824693980467915
obm,5,p10,12.677920057890498
obm,5,p50,13.140670533484602
obm,5,p90,19.745711926253335
obm,5,net_to_gross,0.3728
obm,6,mean,15.0
obm,6,std,2.9999999999999996
obm,6,min,12.951082150977186
obm,6,max,24.200406444030392
obm,6,skewness,1.1145198510440784
obm,6,excess_kurtosis,-0.25268555280094995
obm,6,p10,12.951082150977186
obm,6,p50,12.951082150977186
obm,6,p90,20.0936868024032
obm,6,net_to_gross,0.3144
obm,7,mean,15.0
obm,7,std,2.9999999999999996
obm,7,min,12.697673165111015
obm,7,max,23.28176589746336
obm,7,skewness,0.8465835726505139
obm,7,excess_kurtosis,-0.8087105721394297
obm,7,p10,12.697673165111015
obm,7,p50,12.697673165111015
obm,7,p90,19.79328152557614
obm,7,net_to_gross,0.388
obm,8,mean,14.999999999999996
obm,8,std,3.0000000000000004
obm,8,min,12.884225546050223
obm,8,max,23.82448006261723
obm,8,skewness,0.9751713123670851
obm,8,excess_kurtosis,-0.6063201503855362
obm,8,p10,12.884225546050223
obm,8,p50,12.884225546050223
obm,8,p90,19.99946573695199
obm,8,net_to_gross,0.3504
obm,9,mean,15.0
obm,9,std,2.9999999999999996
obm,9,min,12.634724275633648
obm,9,max,23.258989575707496
obm,9,skewness,0.781028187553435
obm,9,excess_kurtosis,-0.9860836385972696
obm,9,p10,12.634724275633648
obm,9,p50,12.634724275633648
obm,9,p90,19.775559751584932
obm,9,net_to_gross,0.3924
obm,10,mean,15.0
obm,10,std,2.9999999999999996
obm,10,min,13.163234761040044
obm,10,max,25.62888425891771
obm,10,skewness,1.404895364003993
obm,10,excess_kurtosis,0.5947851350156745
obm,10,p10,13.163234761040044
obm,10,p50,13.163234761040044
obm,10,p90,20.288554788899965
obm,10,net_to_gross,0.2724
obm,11,mean,15.0
obm,11,std,3.0
obm,11,min,12.788918480301751
obm,11,max,24.02413923224836
obm,11,skewness,0.9475873369120018
obm,11,excess_kurtosis,-0.6168808926041285
obm,11,p10,12.788918480301751
obm,11,p50,12.788918480301751
obm,11,p90,19.948111730650837
obm,11,net_to_gross,0.3552
obm,12,mean,15.0
obm,12,std,3.0000000000000004
obm,12,min,12.701340960070729
obm,12,max,24.923514728093735
obm,12,skewness,1.0814533863043694
obm,12,excess_kurtosis,-0.09591414836620071
obm,12,p10,12.701340960070729
obm,12,p50,13.700567984992151
obm,12,p90,19.658187219121523
obm,12,net_to_gross,0.3332
obm,13,mean,15.0
obm,13,std,3.0
obm,13,min,12.898122600044866
obm,13,max,25.52214898810182
obm,13,skewness,1.1493044552692746
obm,13,excess_kurtosis,0.008964766453799289
obm,13,p10,12.898122600044866
obm,13,p50,12.898122600044866
obm,13,p90,19.8603338616383
obm,13,net_to_gross,0.3388
obm,14,mean,15.0
obm,14,std,3.0
obm,14,min,12.522940744510281
obm,14,max,23.742690483730744
obm,14,skewness,0.7104067789453948
obm,14,excess_kurtosis,-1.0290303406960124
obm,14,p10,12.522940744510281
obm,14,p50,13.367731095043347
obm,14,p90,19.40094600110985
obm,14,net_to_gross,0.4052
obm,15,mean,15.0
obm,15,std,3.0
obm,15,min,12.969904154376923
obm,15,max,25.48506895757209
obm,15,skewness,1.2485577426792631
obm,15,excess_kurtosis,0.2872972636810611
obm,15,p10,12.969904154376923
obm,15,p50,12.969904154376923
obm,15,p90,19.99454432971514
obm,15,net_to_gross,0.3104
obm,16,mean,15.0
obm,16,std,3.0
obm,16,min,13.209228554419818
obm,16,max,25.70815781982438
obm,16,skewness,1.4755859923957766
obm,16,excess_kurtosis,0.9032059200471245
obm,16,p10,13.209228554419818
obm,16,p50,13.209228554419818
obm,16,p90,20.074176142642674
obm,16,net_to_gross,0.2688
obm,17,mean,15.0
obm,17,std,2.9999999999999996
obm,17,min,12.735417455081835
obm,17,max,23.190509369150213
obm,17,skewness,0.8284217336772056
obm,17,excess_kurtosis,-0.9535303351318101
obm,17,p10,12.735417455081835
obm,17,p50,12.735417455081835
obm,17,p90,19.75456093382688
obm,17,net_to_gross,0.3632
obm,18,mean,15.0
obm,18,std,3.0000000000000004
obm,18,min,12.694157211898231
obm,18,max,23.602165635251765
obm,18,skewness,0.9183824231288489
obm,18,excess_kurtosis,-0.7020517047821153
obm,18,p10,12.694157211898231
obm,18,p50,13.630918632415352
obm,18,p90,19.981770595381455
obm,18,net_to_gross,0.3516
obm,19,mean,15.0
obm,19,std,3.0
obm,19,min,12.852664578665433
obm,19,max,24.391840738177848
obm,19,skewness,1.0264758064868087
obm,19,excess_kurtosis,-0.44719252538961607
obm,19,p10,12.852664578665433
obm,19,p50,12.852664578665433
obm,19,p90,19.950102906428654
obm,19,net_to_gross,0.3416
obm,20,mean,15.0
obm,20,std,3.0000000000000004
obm,20,min,13.080524041093998
obm,20,max,23.60013881708292
obm,20,skewness,1.2683869776973273
obm,20,excess_kurtosis,0.06869591190983959
obm,20,p10,13.080524041093998
obm,20,p50,13.080524041093998
obm,20,p90,20.479425003728863
obm,20,net_to_gross,0.2796
obm,21,mean,15.0
obm,21,std,3.0
obm,21,min,12.616879614125873
obm,21,max,24.50244013718162
obm,21,skewness,0.849239723368005
obm,21,excess_kurtosis,-0.7282894125561357
obm,21,p10,12.616879614125873
obm,21,p50,13.512170596490854
obm,21,p90,19.596995359990068
obm,21,net_to_gross,0.3784
obm,22,mean,15.0
obm,22,std,2.9999999999999996
obm,22,min,13.306250231693847
obm,22,max,28.339277989749313
obm,22,skewness,1.8043254650417844
obm,22,excess_kurtosis,2.2831396736490515
obm,22,p10,13.306250231693847
obm,22,p50,13.306250231693847
obm,22,p90,19.668873639300973
obm,22,net_to_gross,0.2244
obm,23,mean,15.000000000000004
obm,23,std,2.9999999999999996
obm,23,min,12.952534983739392
obm,23,max,24.712030543242633
obm,23,skewness,1.2063978129417001
obm,23,excess_kurtosis,0.0868920310670327
obm,23,p10,12.952534983739392
obm,23,p50,12.952534983739392
obm,23,p90,20.153490443332142
obm,23,net_to_gross,0.3152
obm,24,mean,15.0
obm,24,std,2.9999999999999996
obm,24,min,12.736279963591187
obm,24,max,24.461944232204353
obm,24,skewness,0.9560466376925267
obm,24,excess_kurtosis,-0.5319251211620921
obm,24,p10,12.736279963591187
obm,24,p50,12.736279963591187
obm,24,p90,19.82895139228223
obm,24,net_to_gross,0.36
obm,25,mean,15.0
obm,25,std,3.0
obm,25,min,13.027161229678773
obm,25,max,23.981477198492318
obm,25,skewness,1.172385697672094
obm,25,excess_kurtosis,-0.1635988787973175
obm,25,p10,13.027161229678773
obm,25,p50,13.027161229678773
obm,25,p90,20.237849792342086
obm,25,net_to_gross,0.3096
obm,26,mean,14.999999999999996
obm,26,std,3.0
obm,26,min,12.943289780526632
obm,26,max,23.008106885942524
obm,26,skewness,1.07569207066038
obm,26,excess_kurtosis,-0.3974975914950529
obm,26,p10,12.943289780526632
obm,26,p50,12.943289780526632
obm,26,p90,20.006969521388463
obm,26,net_to_gross,0.3316
obm,27,mean,15.0
obm,27,std,3.0000000000000004
obm,27,min,12.843820084424857
obm,27,max,24.697431338453114
obm,27,skewness,1.0454618405995153
obm,27,excess_kurtosis,-0.39438059014368365
obm,27,p10,12.843820084424857
obm,27,p50,12.843820084424857
obm,27,p90,20.15486676815117
obm,27,net_to_gross,0.3264
obm,28,mean,15.0
obm,28,std,2.9999999999999996
obm,28,min,12.640115648125526
obm,28,max,22.945767597288672
obm,28,skewness,0.8286467707215014
obm,28,excess_kurtosis,-0.8121780724224319
obm,28,p10,12.640115648125526
obm,28,p50,12.640115648125526
obm,28,p90,19.659041397533635
obm,28,net_to_gross,0.3872
obm,29,mean,15.0
obm,29,std,3.0000000000000004
obm,29,min,12.850709281905353
obm,29,max,23.0968390588003
obm,29,skewness,1.0058731113876862
obm,29,excess_kurtosis,-0.579819292207624
obm,29,p10,12.850709281905353
obm,29,p50,12.850709281905353
obm,29,p90,20.137390095192693
obm,29,net_to_gross,0.3424
