axis_level,n_samples_actual,backtr_bound_sigmas,is_production_bound,backtr_zmin,backtr_zmax,kriging_interval_width_p95,kriging_crps,sgs_interval_width_p95,sgs_crps,rbf_bootstrap_interval_width_p95,rbf_bootstrap_crps,gp_mle_interval_width_p95,gp_mle_crps
5,121,2,False,9.0,21.0,6.24424350933149,1.0015696796959126,6.2895856228357285,1.051605399274354,2.97325670557708,1.28952110298862,6.513417581475455,1.0157823972557811
5,121,4,True,3.0,27.0,6.665127570599621,1.000295007169594,6.2895856228357285,1.051605399274354,2.97325670557708,1.28952110298862,6.513417581475455,1.0157823972557811
5,121,6,False,-3.0,33.0,7.086011631867753,1.0028977285479057,6.2895856228357285,1.051605399274354,2.97325670557708,1.28952110298862,6.513417581475455,1.0157823972557811
2,50,2,False,9.0,21.0,8.100112097516535,1.1720733359700501,8.808969068152212,1.2264292136659842,2.7667065328137403,1.4406925853105048,7.955874245059782,1.1015755398051146
2,50,4,True,3.0,27.0,8.731773563931997,1.2103972015380715,8.808969068152212,1.2264292136659842,2.7667065328137403,1.4406925853105048,7.955874245059782,1.1015755398051146
2,50,6,False,-3.0,33.0,9.363435030347464,1.2536653864163663,8.808969068152212,1.2264292136659842,2.7667065328137403,1.4406925853105048,7.955874245059782,1.1015755398051146
1,25,2,False,9.0,21.0,8.643004898028025,1.4238888858906662,9.255751135460912,1.5682084061823958,2.7341586290549063,1.8772506332737235,10.32751159411795,1.5576383141401866
1,25,4,True,3.0,27.0,9.83849535627998,1.4297100622783123,9.255751135460912,1.5682084061823958,2.7341586290549063,1.8772506332737235,10.32751159411795,1.5576383141401866
1,25,6,False,-3.0,33.0,11.033985814531935,1.4395487711314645,9.255751135460912,1.5682084061823958,2.7341586290549063,1.8772506332737235,10.32751159411795,1.5576383141401866
