axis_level,method,mse,umg,variance_mean,variance_sum
20,gp_mle,1.739344418924574,0.9924512527653444,1.8466945627734324,3778.337075434443
20,kriging,1.6365416953246383,0.9575757575757575,2.317505502336769,4741.61625778103
20,rbf_bootstrap,1.7389915699604779,0.47478005865102635,0.26876833959546675,549.900022812325
20,sgs,1.886874395553584,0.9866646087359161,2.445666028627392,5003.832694571644
10,gp_mle,2.424408276290553,0.9441306266548986,2.08824834292173,4731.970745060639
10,kriging,2.5765719369305713,0.978684907325684,2.997844907864818,6793.116561221678
10,rbf_bootstrap,2.4432643159182956,0.47537511032656676,0.3874518651910796,877.9659265229864
10,sgs,2.919971073963037,0.9755516328331862,3.0872731482178106,6995.760953861559
5,gp_mle,3.3998837020315715,0.9611656821751732,2.8363723801774348,6747.7298924421175
5,kriging,3.3122649297599,0.9490962589323244,3.048172799344494,7251.603089640551
5,rbf_bootstrap,3.435022493395011,0.4618327028163094,0.4752888800083376,1130.712245539835
5,sgs,3.612560450616712,0.9043295502311895,2.9398253208330978,6993.84443826194
2,gp_mle,3.8126452735175507,0.9929957035445757,4.289903858286342,10510.264452801539
2,kriging,4.722586839899652,0.9840741138560687,5.721536958367407,14017.765548000149
2,rbf_bootstrap,3.8214997660207044,0.49204081632653063,0.6677663906684149,1636.0276571376166
2,sgs,4.696936929936932,0.9902524167561761,5.622665456530516,13775.530368499763
1,gp_mle,7.871656782460114,0.9751068580542266,7.1394079359909774,17670.03464157767
1,kriging,6.850659020331698,0.9737373737373738,6.822976634621161,16886.867170687372
1,rbf_bootstrap,8.174555359818418,0.5306262626262627,1.33535276472833,3304.998092702617
1,sgs,7.755562431028041,0.9103434343434343,6.20194603373975,15349.816433505881
