axis_level,n_samples_actual,method,n_cells_evaluated,mse,mse_in_metrics_csv,bias,bias_squared,variance_of_error,bias_squared_share_of_mse_pct
5,121,kriging,2379,3.3122649297598996,3.3122649297599,-0.12021661910244186,0.014452035508421588,3.297812894251478,0.4363188275965954
5,121,sgs,2379,3.6125604506167117,3.612560450616712,-0.1309934846898578,0.01715929303119201,3.59540115758552,0.4749897826142312
5,121,rbf_bootstrap,2379,3.435022493395011,3.435022493395011,-0.018318397344114917,0.00033556368125687647,3.4346869297137546,0.009768893272230699
5,121,gp_mle,2379,3.3998837020315715,3.3998837020315715,-0.07331871871679542,0.005375634514272567,3.394508067517299,0.1581123057550587
2,50,kriging,2450,4.722586839899652,4.722586839899652,-0.4243592135434214,0.18008074211919112,4.5425060977804605,3.8131801113268162
2,50,sgs,2450,4.696936929936932,4.696936929936932,-0.10631158287067481,0.011302152652468358,4.685634777284464,0.24062815449855568
2,50,rbf_bootstrap,2450,3.8214997660207044,3.821499766020704,-0.04378089141558256,0.0019167664531430303,3.819582999567562,0.050157440023578574
2,50,gp_mle,2450,3.8126452735175507,3.812645273517551,-0.13545429329337594,0.018347865571607908,3.794297407945942,0.4812371530876815
1,25,kriging,2475,6.850659020331698,6.850659020331698,1.0558656244952758,1.1148522169907986,5.735806803340899,16.27364920195399
1,25,sgs,2475,7.755562431028041,7.755562431028041,1.0997235055085415,1.209391788567995,6.546170642460047,15.593863105653366
1,25,rbf_bootstrap,2475,8.174555359818418,8.174555359818418,1.113992278736717,1.2409787970850232,6.933576562733397,15.180994469558392
1,25,gp_mle,2475,7.871656782460114,7.871656782460114,1.0390257551782172,1.0795745199236644,6.792082262536448,13.714705172730703
20,454,kriging,2046,1.6365416953246383,1.6365416953246383,-0.05332151497659092,0.00284318395939881,1.6336985113652396,0.17373122649556522
20,454,sgs,2046,1.886874395553584,1.886874395553584,-0.03098431797774542,0.000960027960546038,1.885914367593038,0.05087927224029019
20,454,rbf_bootstrap,2046,1.7389915699604779,1.738991569960478,0.03975805375431668,0.0015807028383311346,1.7374108671221469,0.09089767113517745
20,454,gp_mle,2046,1.739344418924574,1.739344418924574,0.033626205349600015,0.0011307216862134688,1.7382136972383604,0.0650084982543358
10,234,kriging,2266,2.5765719369305713,2.5765719369305717,-0.18820383552714223,0.03542068370712761,2.5411512532234437,1.3747213186418423
10,234,sgs,2266,2.919971073963037,2.919971073963037,-0.11695175092035702,0.01367771204333723,2.9062933619197,0.4684194362505651
10,234,rbf_bootstrap,2266,2.4432643159182956,2.443264315918296,-0.0717851227494779,0.00515310384815761,2.438111212070138,0.2109106171847325
10,234,gp_mle,2266,2.424408276290553,2.424408276290553,-0.08672864686661964,0.007521858187314813,2.4168864181032386,0.31025542442148285
